[{"data":[{"text":"do they take reservations at arby's","userDefined ":false}],"isTemplate":false},
{"data":[{"text":"can you make reservations at hodak's","userDefined ":false}],"isTemplate":false},
{"data":[{"text":"do they take reservations at state bird","userDefined ":false}],"isTemplate":false},
{"data":[{"text":"do they take reservations at olive garden","userDefined ":false}],"isTemplate":false},
{"data":[{"text":"are reservations taken at redrobin","userDefined ":false}],"isTemplate":false},
{"data":[{"text":"how many culver's take reservations","userDefined ":false}],"isTemplate":false},
{"data":[{"text":"does black rock take reservations","userDefined ":false}],"isTemplate":false},
{"data":[{"text":"do they take reservations at the progress","userDefined ":false}],"isTemplate":false},
{"data":[{"text":"do they take reservations at bar tartine","userDefined ":false}],"isTemplate":false},
{"data":[{"text":"can you let me if zeus accepts reservations","userDefined ":false}],"isTemplate":false},
{"data":[{"text":"does marios in brooklyn take reservations","userDefined ":false}],"isTemplate":false},
{"data":[{"text":"can i make a reservation at michael's","userDefined ":false}],"isTemplate":false},
{"data":[{"text":"does mcdonalds take reservations","userDefined ":false}],"isTemplate":false},
{"data":[{"text":"does gramercy tavern in new york accept reservations","userDefined ":false}],"isTemplate":false},
{"data":[{"text":"does moes in la except rerservations","userDefined ":false}],"isTemplate":false},
{"data":[{"text":"can i make reservations at applebee's or no","userDefined ":false}],"isTemplate":false},
{"data":[{"text":"do you know if ruth chris does reservations","userDefined ":false}],"isTemplate":false},
{"data":[{"text":"does minnis take reservations","userDefined ":false}],"isTemplate":false},
{"data":[{"text":"do they take reservations at applebees","userDefined ":false}],"isTemplate":false},
{"data":[{"text":"what locations of applebee's take reservations","userDefined ":false}],"isTemplate":false},
{"data":[{"text":"can applebees take any reservations","userDefined ":false}],"isTemplate":false},
{"data":[{"text":"does tartine in san francisco take reservations","userDefined ":false}],"isTemplate":false},
{"data":[{"text":"can acero take reservation","userDefined ":false}],"isTemplate":false},
{"data":[{"text":"does bar tartine in san francisco take reservations","userDefined ":false}],"isTemplate":false},
{"data":[{"text":"does buffalo wild wings take reservations","userDefined ":false}],"isTemplate":false},
{"data":[{"text":"does michael's accept reservations","userDefined ":false}],"isTemplate":false},
{"data":[{"text":"do you know if cheese cake factory does reservations","userDefined ":false}],"isTemplate":false},
{"data":[{"text":"does cielo take reservations","userDefined ":false}],"isTemplate":false},
{"data":[{"text":"do they take reservations at bjs","userDefined ":false}],"isTemplate":false},
{"data":[{"text":"can i make a reservation at chevy's","userDefined ":false}],"isTemplate":false},
{"data":[{"text":"can i make a reservation for redrobin","userDefined ":false}],"isTemplate":false},
{"data":[{"text":"please find out if napolis takes lunch reservations","userDefined ":false}],"isTemplate":false},
{"data":[{"text":"do they accept reservations at michael's","userDefined ":false}],"isTemplate":false},
{"data":[{"text":"does arbys in lakewood take reservations","userDefined ":false}],"isTemplate":false},
{"data":[{"text":"does olive garden take reservations","userDefined ":false}],"isTemplate":false},
{"data":[{"text":"does chillis take reservations","userDefined ":false}],"isTemplate":false},
{"data":[{"text":"do you know if outback allows reservations","userDefined ":false}],"isTemplate":false},
{"data":[{"text":"does sidetracks take reservations","userDefined ":false}],"isTemplate":false},
{"data":[{"text":"do you know if olive garden does reservations","userDefined ":false}],"isTemplate":false},
{"data":[{"text":"is it possible to make reservations in advance for macaroni grill","userDefined ":false}],"isTemplate":false},
{"data":[{"text":"can you make a reservation at michael's","userDefined ":false}],"isTemplate":false},
{"data":[{"text":"does luigi's take reservations","userDefined ":false}],"isTemplate":false},
{"data":[{"text":"will they take reservations at torris","userDefined ":false}],"isTemplate":false},
{"data":[{"text":"does bjs take reservations","userDefined ":false}],"isTemplate":false},
{"data":[{"text":"does the restaurant michael's take reservations","userDefined ":false}],"isTemplate":false},
{"data":[{"text":"tell me if per se in nyc takes reservations","userDefined ":false}],"isTemplate":false},
{"data":[{"text":"does burger king accept reservations","userDefined ":false}],"isTemplate":false},
{"data":[{"text":"does minnies cafe in modesto take reservations","userDefined ":false}],"isTemplate":false},
{"data":[{"text":"does buffalo wild wings in concord take reservations","userDefined ":false}],"isTemplate":false},
{"data":[{"text":"can you tell me if ruby tuesday does reservations","userDefined ":false}],"isTemplate":false}]
