[{"data":[{"text":"was a hold placed on my wells fargo account, and if so why","userDefined ":false}],"isTemplate":false},
{"data":[{"text":"there's a hold on my chase account, but why","userDefined ":false}],"isTemplate":false},
{"data":[{"text":"what would cause my bank account to be frozen","userDefined ":false}],"isTemplate":false},
{"data":[{"text":"why is my account locked","userDefined ":false}],"isTemplate":false},
{"data":[{"text":"help, my account is blocked","userDefined ":false}],"isTemplate":false},
{"data":[{"text":"why am i locked out of my bank account","userDefined ":false}],"isTemplate":false},
{"data":[{"text":"why don't i have access to my bank account","userDefined ":false}],"isTemplate":false},
{"data":[{"text":"why cannot i take any money out from my bank account","userDefined ":false}],"isTemplate":false},
{"data":[{"text":"why did my bank account freeze","userDefined ":false}],"isTemplate":false},
{"data":[{"text":"can you explain why there is a hold on my savings account","userDefined ":false}],"isTemplate":false},
{"data":[{"text":"why does my credit union account have a hold on it","userDefined ":false}],"isTemplate":false},
{"data":[{"text":"what reason could the bank have had for blocking my account","userDefined ":false}],"isTemplate":false},
{"data":[{"text":"why is there a hold on my charles swab account","userDefined ":false}],"isTemplate":false},
{"data":[{"text":"check for why is my bank account frozen","userDefined ":false}],"isTemplate":false},
{"data":[{"text":"do you know why i can't log into my bank account","userDefined ":false}],"isTemplate":false},
{"data":[{"text":"help me unblock my account","userDefined ":false}],"isTemplate":false},
{"data":[{"text":"why am i seeing a hold on my boa account","userDefined ":false}],"isTemplate":false},
{"data":[{"text":"who can i talk to right away about the current freeze on my account","userDefined ":false}],"isTemplate":false},
{"data":[{"text":"why is there a block on my account","userDefined ":false}],"isTemplate":false},
{"data":[{"text":"what is the reason for frozen status on my bank account","userDefined ":false}],"isTemplate":false},
{"data":[{"text":"my capital one account has a hold; why","userDefined ":false}],"isTemplate":false},
{"data":[{"text":"why am i seeing a hold on my charles schwab account","userDefined ":false}],"isTemplate":false},
{"data":[{"text":"i am confused because my account seems to have been blocked for no reason","userDefined ":false}],"isTemplate":false},
{"data":[{"text":"why does my visa account have a hold on it","userDefined ":false}],"isTemplate":false},
{"data":[{"text":"why can't i access my bank account","userDefined ":false}],"isTemplate":false},
{"data":[{"text":"my account has a hold on it and i can't access my funds, why","userDefined ":false}],"isTemplate":false},
{"data":[{"text":"can you find out what triggered a hold on my bank account","userDefined ":false}],"isTemplate":false},
{"data":[{"text":"can you find out why is my bank account frozen","userDefined ":false}],"isTemplate":false},
{"data":[{"text":"why isn't it letting me into my bank account","userDefined ":false}],"isTemplate":false},
{"data":[{"text":"why is there a hold on my american saving bank account","userDefined ":false}],"isTemplate":false},
{"data":[{"text":"why is my bank account blocking me","userDefined ":false}],"isTemplate":false},
{"data":[{"text":"help me please, my account is blocked","userDefined ":false}],"isTemplate":false},
{"data":[{"text":"please let me into my bank account","userDefined ":false}],"isTemplate":false},
{"data":[{"text":"i think my account is blocked but i do not know the reason","userDefined ":false}],"isTemplate":false},
{"data":[{"text":"can i talk to someone about why there is a hold on my checking account","userDefined ":false}],"isTemplate":false},
{"data":[{"text":"what is the reason i am locked out of my bank account","userDefined ":false}],"isTemplate":false},
{"data":[{"text":"can you tell me why is my bank account frozen","userDefined ":false}],"isTemplate":false},
{"data":[{"text":"how is it possible that my account has been frozen","userDefined ":false}],"isTemplate":false},
{"data":[{"text":"i'm confused about the reason for my bank account being frozen","userDefined ":false}],"isTemplate":false},
{"data":[{"text":"why would the bank have frozen my account","userDefined ":false}],"isTemplate":false},
{"data":[{"text":"why is my account blocked","userDefined ":false}],"isTemplate":false},
{"data":[{"text":"can you tell me why there's a hold on my mutualone account","userDefined ":false}],"isTemplate":false},
{"data":[{"text":"i think my account is block but i am not sure why","userDefined ":false}],"isTemplate":false},
{"data":[{"text":"why is there a hold on my discover account","userDefined ":false}],"isTemplate":false},
{"data":[{"text":"my account is blocked, help me figure out why","userDefined ":false}],"isTemplate":false},
{"data":[{"text":"why was a hold placed on my wells fargo account","userDefined ":false}],"isTemplate":false},
{"data":[{"text":"how come a hold was placed on my 401k account","userDefined ":false}],"isTemplate":false},
{"data":[{"text":"why would a hold have been placed on my checking account","userDefined ":false}],"isTemplate":false},
{"data":[{"text":"i am very confused about why or how my bank would lock me out of my account","userDefined ":false}],"isTemplate":false},
{"data":[{"text":"i think my account is blocked","userDefined ":false}],"isTemplate":false}]
