[{"data":[{"text":"at 9 tomorrow, set off the alarm","userDefined ":false}],"isTemplate":false},
{"data":[{"text":"set my alarm for 6am tomorrow","userDefined ":false}],"isTemplate":false},
{"data":[{"text":"can you set alarm for me","userDefined ":false}],"isTemplate":false},
{"data":[{"text":"i want to make an alarm","userDefined ":false}],"isTemplate":false},
{"data":[{"text":"wake me up at 6 am","userDefined ":false}],"isTemplate":false},
{"data":[{"text":"put in an alarm for 5pm","userDefined ":false}],"isTemplate":false},
{"data":[{"text":"make an alarm for me","userDefined ":false}],"isTemplate":false},
{"data":[{"text":"set an alarm for 5 pm","userDefined ":false}],"isTemplate":false},
{"data":[{"text":"please set alarm for me","userDefined ":false}],"isTemplate":false},
{"data":[{"text":"set up an alarm","userDefined ":false}],"isTemplate":false},
{"data":[{"text":"i want to be woken up at 9 tomorrow","userDefined ":false}],"isTemplate":false},
{"data":[{"text":"i'd like a new alarm set for 6am","userDefined ":false}],"isTemplate":false},
{"data":[{"text":"set the alarm to go off at 9 tomorrow","userDefined ":false}],"isTemplate":false},
{"data":[{"text":"set an alarm to go to sleep and another to wake up","userDefined ":false}],"isTemplate":false},
{"data":[{"text":"set an alarm for 6am, please","userDefined ":false}],"isTemplate":false},
{"data":[{"text":"can i turn on the alarm now","userDefined ":false}],"isTemplate":false},
{"data":[{"text":"i want an alarm at 5pm","userDefined ":false}],"isTemplate":false},
{"data":[{"text":"i need an alarm at 8 pm","userDefined ":false}],"isTemplate":false},
{"data":[{"text":"i need an alarm for 6am","userDefined ":false}],"isTemplate":false},
{"data":[{"text":"please create a new alarm for me","userDefined ":false}],"isTemplate":false},
{"data":[{"text":"set an alarm to start work and another to stop","userDefined ":false}],"isTemplate":false},
{"data":[{"text":"i want an alarm to go off at 9 am","userDefined ":false}],"isTemplate":false},
{"data":[{"text":"can you alert me at 6 in the morning","userDefined ":false}],"isTemplate":false},
{"data":[{"text":"set an alarm for my meeting and another for my phone call","userDefined ":false}],"isTemplate":false},
{"data":[{"text":"can you play an alarm at 5pm","userDefined ":false}],"isTemplate":false},
{"data":[{"text":"set me an alarm for 4pm and another for 5pm","userDefined ":false}],"isTemplate":false},
{"data":[{"text":"create an alarm for 6am","userDefined ":false}],"isTemplate":false},
{"data":[{"text":"tomorrow i need an alarm at 7 tomorrow","userDefined ":false}],"isTemplate":false},
{"data":[{"text":"i need you to set alarm for me","userDefined ":false}],"isTemplate":false},
{"data":[{"text":"set an alarm for me for 10:00 and another one set for 4:00","userDefined ":false}],"isTemplate":false},
{"data":[{"text":"i need an alarm set","userDefined ":false}],"isTemplate":false},
{"data":[{"text":"create an alarm for me","userDefined ":false}],"isTemplate":false},
{"data":[{"text":"create alarm","userDefined ":false}],"isTemplate":false},
{"data":[{"text":"i need you to schedule an alarm","userDefined ":false}],"isTemplate":false},
{"data":[{"text":"please create an alarm for 5:45 am and an alarm for 6:15 am","userDefined ":false}],"isTemplate":false},
{"data":[{"text":"please set an alarm for mid day","userDefined ":false}],"isTemplate":false},
{"data":[{"text":"tomorrow i would like an alarm for 9 tomorrow","userDefined ":false}],"isTemplate":false},
{"data":[{"text":"i need alarms set for 6am and 615am","userDefined ":false}],"isTemplate":false},
{"data":[{"text":"set an alarm for lunch and another for dinner","userDefined ":false}],"isTemplate":false},
{"data":[{"text":"set up two alarms one for 10am and another for 2pm","userDefined ":false}],"isTemplate":false},
{"data":[{"text":"create an alarm for 9 am and another one for 11 am","userDefined ":false}],"isTemplate":false},
{"data":[{"text":"help me get up at eight thirty in the morning tomorrow","userDefined ":false}],"isTemplate":false},
{"data":[{"text":"please create one alarm for 330 pm and one for 8 pm","userDefined ":false}],"isTemplate":false},
{"data":[{"text":"make up a new alarm","userDefined ":false}],"isTemplate":false},
{"data":[{"text":"can you make an alarm for 7 am","userDefined ":false}],"isTemplate":false},
{"data":[{"text":"i need an alarm set for 9 am and another for 11 am","userDefined ":false}],"isTemplate":false},
{"data":[{"text":"please set up an alarm to go off tomorrow at daybreak","userDefined ":false}],"isTemplate":false},
{"data":[{"text":"please set an alarm for 2 pm for me","userDefined ":false}],"isTemplate":false},
{"data":[{"text":"i need an alarm set please","userDefined ":false}],"isTemplate":false},
{"data":[{"text":"could you set one alarm for 8am saturday and one for 9am sunday","userDefined ":false}],"isTemplate":false}]
