[{"data":[{"text":"did the application i put in for a mastercard go through yet","userDefined ":false}],"isTemplate":false},
{"data":[{"text":"i want to know if my credit card application has been processed yet","userDefined ":false}],"isTemplate":false},
{"data":[{"text":"how will i know when my application for a credit card has been processed","userDefined ":false}],"isTemplate":false},
{"data":[{"text":"what is the status of my application for the credit card","userDefined ":false}],"isTemplate":false},
{"data":[{"text":"check on my credit card application","userDefined ":false}],"isTemplate":false},
{"data":[{"text":"in what status is my credit card application","userDefined ":false}],"isTemplate":false},
{"data":[{"text":"has anyone looked at my mastercard application","userDefined ":false}],"isTemplate":false},
{"data":[{"text":"tell me about my american express application; did it go through","userDefined ":false}],"isTemplate":false},
{"data":[{"text":"has there been any changes in the status of my credit card application","userDefined ":false}],"isTemplate":false},
{"data":[{"text":"look into the status of the credit card application i submitted recently for my new card","userDefined ":false}],"isTemplate":false},
{"data":[{"text":"i want an update on my application for a credit card that i sent in a couple weeks ago","userDefined ":false}],"isTemplate":false},
{"data":[{"text":"do i have any updates about my credit card application","userDefined ":false}],"isTemplate":false},
{"data":[{"text":"please check the status of my mastercard application","userDefined ":false}],"isTemplate":false},
{"data":[{"text":"can you check the status of my credit card application","userDefined ":false}],"isTemplate":false},
{"data":[{"text":"when can i hear the decision on my credit card application","userDefined ":false}],"isTemplate":false},
{"data":[{"text":"have you heard anything back on my cc application","userDefined ":false}],"isTemplate":false},
{"data":[{"text":"do you know if my amex card app went through","userDefined ":false}],"isTemplate":false},
{"data":[{"text":"is the processing done on my new credit card","userDefined ":false}],"isTemplate":false},
{"data":[{"text":"tell me straight if it has been processed or not","userDefined ":false}],"isTemplate":false},
{"data":[{"text":"has my credit card application been approved","userDefined ":false}],"isTemplate":false},
{"data":[{"text":"how can i track the progress of my credit card application","userDefined ":false}],"isTemplate":false},
{"data":[{"text":"did my chase card application go through yet","userDefined ":false}],"isTemplate":false},
{"data":[{"text":"please find out the current status of my credit card application","userDefined ":false}],"isTemplate":false},
{"data":[{"text":"i applied for the credit card, have you processed my application","userDefined ":false}],"isTemplate":false},
{"data":[{"text":"i haven't heard if my application for a credit card has been accepted or not can you check on it for me","userDefined ":false}],"isTemplate":false},
{"data":[{"text":"has my application for a new credit card been processed","userDefined ":false}],"isTemplate":false},
{"data":[{"text":"how is my application on new credit card going","userDefined ":false}],"isTemplate":false},
{"data":[{"text":"tell me a little more about the status of my credit card application","userDefined ":false}],"isTemplate":false},
{"data":[{"text":"update me on the status of my credit card application","userDefined ":false}],"isTemplate":false},
{"data":[{"text":"did my visa card app go through yet","userDefined ":false}],"isTemplate":false},
{"data":[{"text":"please look into the latest status of my credit card application","userDefined ":false}],"isTemplate":false},
{"data":[{"text":"have they looked over my app for the new credit card yet","userDefined ":false}],"isTemplate":false},
{"data":[{"text":"has the application i put in for a new visa been processed","userDefined ":false}],"isTemplate":false},
{"data":[{"text":"see if my form submission for an american express card has been seen","userDefined ":false}],"isTemplate":false},
{"data":[{"text":"when will my application for my credit card be processed","userDefined ":false}],"isTemplate":false},
{"data":[{"text":"can you check if my application for a discovery card has been looked over yet","userDefined ":false}],"isTemplate":false},
{"data":[{"text":"what is the status of my new credit card application","userDefined ":false}],"isTemplate":false},
{"data":[{"text":"when will my credit card app be approved","userDefined ":false}],"isTemplate":false},
{"data":[{"text":"do you know the status of the credit card application i filed","userDefined ":false}],"isTemplate":false},
{"data":[{"text":"can you check and see if my credit card application has been approved or not","userDefined ":false}],"isTemplate":false},
{"data":[{"text":"i applied for a new credit card; did it process yet","userDefined ":false}],"isTemplate":false},
{"data":[{"text":"has my credit card application been processed","userDefined ":false}],"isTemplate":false},
{"data":[{"text":"i need to know what the latest is with my application for a visa credit card","userDefined ":false}],"isTemplate":false},
{"data":[{"text":"can you update me on the status of my american express card application","userDefined ":false}],"isTemplate":false},
{"data":[{"text":"i applied for a visa card; did that go through","userDefined ":false}],"isTemplate":false},
{"data":[{"text":"do you know what the latest is with my credit card application","userDefined ":false}],"isTemplate":false},
{"data":[{"text":"could you check and see if my credit card application has been processed and approved or not","userDefined ":false}],"isTemplate":false},
{"data":[{"text":"i need to know if the application been processed","userDefined ":false}],"isTemplate":false},
{"data":[{"text":"i filed a credit card application so what is going on with it","userDefined ":false}],"isTemplate":false},
{"data":[{"text":"is my application processed for credit card","userDefined ":false}],"isTemplate":false}]
