[{"data":[{"text":"tell me the apr on my mastercard","userDefined ":false}],"isTemplate":false},
{"data":[{"text":"what's the current apr for my mastercard","userDefined ":false}],"isTemplate":false},
{"data":[{"text":"get me the apr on my visa card","userDefined ":false}],"isTemplate":false},
{"data":[{"text":"what is the credit card apr if you could tell me","userDefined ":false}],"isTemplate":false},
{"data":[{"text":"what is my apr for my credit card","userDefined ":false}],"isTemplate":false},
{"data":[{"text":"on my bank of america visa, what is the apr","userDefined ":false}],"isTemplate":false},
{"data":[{"text":"i'd like to know the apr on my visa card","userDefined ":false}],"isTemplate":false},
{"data":[{"text":"what is my apr","userDefined ":false}],"isTemplate":false},
{"data":[{"text":"can you look into whether my card has good apr or not","userDefined ":false}],"isTemplate":false},
{"data":[{"text":"check the apr on my disney visa, please","userDefined ":false}],"isTemplate":false},
{"data":[{"text":"can you give me an appraisal of my card's apr","userDefined ":false}],"isTemplate":false},
{"data":[{"text":"is the apr rate on my amex pretty good","userDefined ":false}],"isTemplate":false},
{"data":[{"text":"i must know my visa card's apr","userDefined ":false}],"isTemplate":false},
{"data":[{"text":"give me the apr for my mastercard","userDefined ":false}],"isTemplate":false},
{"data":[{"text":"what will the apr on my transferred balance be after the first year on my bank of america credit card","userDefined ":false}],"isTemplate":false},
{"data":[{"text":"what is the credit card apr if you could fill me in","userDefined ":false}],"isTemplate":false},
{"data":[{"text":"what's the apr on my amex card","userDefined ":false}],"isTemplate":false},
{"data":[{"text":"fill me in on the apr for my american express card","userDefined ":false}],"isTemplate":false},
{"data":[{"text":"on my wells fargo mastercard, what is the current apr","userDefined ":false}],"isTemplate":false},
{"data":[{"text":"i need the apr on my visa card","userDefined ":false}],"isTemplate":false},
{"data":[{"text":"tell me what my credit card's apr is","userDefined ":false}],"isTemplate":false},
{"data":[{"text":"what is the apr for the credit card","userDefined ":false}],"isTemplate":false},
{"data":[{"text":"what's the apr on my amex card, please","userDefined ":false}],"isTemplate":false},
{"data":[{"text":"what's the apr of my discover card","userDefined ":false}],"isTemplate":false},
{"data":[{"text":"would you say that my card's apr is","userDefined ":false}],"isTemplate":false},
{"data":[{"text":"it would be great if you could tell me my credit card's apr","userDefined ":false}],"isTemplate":false},
{"data":[{"text":"would you please inform me about my credit card's apr","userDefined ":false}],"isTemplate":false},
{"data":[{"text":"how much do i pay in apr on my amex card","userDefined ":false}],"isTemplate":false},
{"data":[{"text":"tell me the apr of my credit card","userDefined ":false}],"isTemplate":false},
{"data":[{"text":"what's my apr on my discovery card","userDefined ":false}],"isTemplate":false},
{"data":[{"text":"is my apr for my credit card available","userDefined ":false}],"isTemplate":false},
{"data":[{"text":"what is the apr on my chase freedom card","userDefined ":false}],"isTemplate":false},
{"data":[{"text":"review of my card apr","userDefined ":false}],"isTemplate":false},
{"data":[{"text":"is my visa card's apr decent","userDefined ":false}],"isTemplate":false},
{"data":[{"text":"can you tell me the apr on my visa card","userDefined ":false}],"isTemplate":false},
{"data":[{"text":"hey siri, tell me the apr on my disney visa","userDefined ":false}],"isTemplate":false},
{"data":[{"text":"give me information about my card's apr","userDefined ":false}],"isTemplate":false},
{"data":[{"text":"my visa card  what's the apr on that","userDefined ":false}],"isTemplate":false},
{"data":[{"text":"what's my apr on the card i recently used to make a purchase","userDefined ":false}],"isTemplate":false},
{"data":[{"text":"tell me how the apr on my hy-vee card is","userDefined ":false}],"isTemplate":false},
{"data":[{"text":"tell me my credit card apr","userDefined ":false}],"isTemplate":false},
{"data":[{"text":"this credit card's apr is what","userDefined ":false}],"isTemplate":false},
{"data":[{"text":"what is the credit card apr at the moment","userDefined ":false}],"isTemplate":false},
{"data":[{"text":"what is the apr for my credit card","userDefined ":false}],"isTemplate":false},
{"data":[{"text":"the apr on my visa card is what","userDefined ":false}],"isTemplate":false},
{"data":[{"text":"tell me the current apr on my visa card from bbt","userDefined ":false}],"isTemplate":false},
{"data":[{"text":"tell me how good the apr is on my card please","userDefined ":false}],"isTemplate":false},
{"data":[{"text":"what apr do i have with my credit card","userDefined ":false}],"isTemplate":false},
{"data":[{"text":"my credit card's apr, please","userDefined ":false}],"isTemplate":false},
{"data":[{"text":"do you know my credit card's apr","userDefined ":false}],"isTemplate":false}]
