[{"data":[{"text":"am i talking to a real person","userDefined ":false}],"isTemplate":false},
{"data":[{"text":"am i talking to a person or a bot","userDefined ":false}],"isTemplate":false},
{"data":[{"text":"are you a computer","userDefined ":false}],"isTemplate":false},
{"data":[{"text":"how do i know that you're a person","userDefined ":false}],"isTemplate":false},
{"data":[{"text":"are you really a human","userDefined ":false}],"isTemplate":false},
{"data":[{"text":"is this a computer right now or a human being","userDefined ":false}],"isTemplate":false},
{"data":[{"text":"what are you, a bot or human","userDefined ":false}],"isTemplate":false},
{"data":[{"text":"how real are you","userDefined ":false}],"isTemplate":false},
{"data":[{"text":"are an an ai","userDefined ":false}],"isTemplate":false},
{"data":[{"text":"are you an automated assistance","userDefined ":false}],"isTemplate":false},
{"data":[{"text":"are you an ai or can you prove you're human","userDefined ":false}],"isTemplate":false},
{"data":[{"text":"please specify if you are human or computer","userDefined ":false}],"isTemplate":false},
{"data":[{"text":"are your real or artificial","userDefined ":false}],"isTemplate":false},
{"data":[{"text":"tell me if you are a real person or an ai","userDefined ":false}],"isTemplate":false},
{"data":[{"text":"are you a computer, or are you a real person","userDefined ":false}],"isTemplate":false},
{"data":[{"text":"what are you","userDefined ":false}],"isTemplate":false},
{"data":[{"text":"are you an ai or person","userDefined ":false}],"isTemplate":false},
{"data":[{"text":"is there anything real about you","userDefined ":false}],"isTemplate":false},
{"data":[{"text":"tell me if you are a human or a computer","userDefined ":false}],"isTemplate":false},
{"data":[{"text":"can you specify if you are a human or a computer","userDefined ":false}],"isTemplate":false},
{"data":[{"text":"are you a real person or an ai","userDefined ":false}],"isTemplate":false},
{"data":[{"text":"are you a real human being","userDefined ":false}],"isTemplate":false},
{"data":[{"text":"tell me if you are a person or ai","userDefined ":false}],"isTemplate":false},
{"data":[{"text":"so are you a real person","userDefined ":false}],"isTemplate":false},
{"data":[{"text":"are you a real person or a computer","userDefined ":false}],"isTemplate":false},
{"data":[{"text":"are you real or are you an ai","userDefined ":false}],"isTemplate":false},
{"data":[{"text":"am i talking to an actual person","userDefined ":false}],"isTemplate":false},
{"data":[{"text":"do you know if you are a robot","userDefined ":false}],"isTemplate":false},
{"data":[{"text":"are you a live person or a computer","userDefined ":false}],"isTemplate":false},
{"data":[{"text":"would you consider yourself to be a bot","userDefined ":false}],"isTemplate":false},
{"data":[{"text":"are you a real person or software","userDefined ":false}],"isTemplate":false},
{"data":[{"text":"are you ai or a real person please","userDefined ":false}],"isTemplate":false},
{"data":[{"text":"let me know if you are a human or a computer","userDefined ":false}],"isTemplate":false},
{"data":[{"text":"am i talking with a real person","userDefined ":false}],"isTemplate":false},
{"data":[{"text":"do you consider yourself a bot","userDefined ":false}],"isTemplate":false},
{"data":[{"text":"i think you are a bot","userDefined ":false}],"isTemplate":false},
{"data":[{"text":"i want to know if you are a real person or an ai","userDefined ":false}],"isTemplate":false},
{"data":[{"text":"do you know whether you are a human or whether you're a computer","userDefined ":false}],"isTemplate":false},
{"data":[{"text":"prove that you're a person","userDefined ":false}],"isTemplate":false},
{"data":[{"text":"i need to know if you are a real person or an ai","userDefined ":false}],"isTemplate":false},
{"data":[{"text":"are you alive","userDefined ":false}],"isTemplate":false},
{"data":[{"text":"are you ai, or a person","userDefined ":false}],"isTemplate":false},
{"data":[{"text":"are you a bot or a real person","userDefined ":false}],"isTemplate":false},
{"data":[{"text":"are you a human","userDefined ":false}],"isTemplate":false},
{"data":[{"text":"are you a real life person","userDefined ":false}],"isTemplate":false},
{"data":[{"text":"are you a bot or a person","userDefined ":false}],"isTemplate":false},
{"data":[{"text":"are you a computer or a real person","userDefined ":false}],"isTemplate":false},
{"data":[{"text":"can you tell me if you're human or if you're a computer","userDefined ":false}],"isTemplate":false},
{"data":[{"text":"are you human or a bot","userDefined ":false}],"isTemplate":false},
{"data":[{"text":"are you a live being","userDefined ":false}],"isTemplate":false}]