[{"data":[{"text":"how much do i have in savings","userDefined ":false}],"isTemplate":false},
{"data":[{"text":"what's my checking balance","userDefined ":false}],"isTemplate":false},
{"data":[{"text":"what is status of my bank account","userDefined ":false}],"isTemplate":false},
{"data":[{"text":"what's my current bank savings","userDefined ":false}],"isTemplate":false},
{"data":[{"text":"what is my money market account balance","userDefined ":false}],"isTemplate":false},
{"data":[{"text":"is there enough money in my discover account for a vacation","userDefined ":false}],"isTemplate":false},
{"data":[{"text":"what is my balance in checking account","userDefined ":false}],"isTemplate":false},
{"data":[{"text":"what is remaining in my bank acccounts","userDefined ":false}],"isTemplate":false},
{"data":[{"text":"what's my savings balance at chase","userDefined ":false}],"isTemplate":false},
{"data":[{"text":"what amount of money is in my bank accounts","userDefined ":false}],"isTemplate":false},
{"data":[{"text":"is there enough money in my discover account for a new pair of jeans","userDefined ":false}],"isTemplate":false},
{"data":[{"text":"what's the total of my bank accounts","userDefined ":false}],"isTemplate":false},
{"data":[{"text":"how much do i have in my checking","userDefined ":false}],"isTemplate":false},
{"data":[{"text":"how much is left of mastercard","userDefined ":false}],"isTemplate":false},
{"data":[{"text":"what's my bank balance","userDefined ":false}],"isTemplate":false},
{"data":[{"text":"check my visa account and see if i have enough money for dinner tonight","userDefined ":false}],"isTemplate":false},
{"data":[{"text":"what is my checking account balance at chase","userDefined ":false}],"isTemplate":false},
{"data":[{"text":"how much is available in my savings account","userDefined ":false}],"isTemplate":false},
{"data":[{"text":"what is my bank balance","userDefined ":false}],"isTemplate":false},
{"data":[{"text":"could you tell me what my checking account balance is","userDefined ":false}],"isTemplate":false},
{"data":[{"text":"what's my checking account balance","userDefined ":false}],"isTemplate":false},
{"data":[{"text":"can you tell me my current bank accounts balance","userDefined ":false}],"isTemplate":false},
{"data":[{"text":"i wanna know the balance of my bank of american account","userDefined ":false}],"isTemplate":false},
{"data":[{"text":"how much is the current balance in my td bank savings account","userDefined ":false}],"isTemplate":false},
{"data":[{"text":"what is the balance of my bank accounts","userDefined ":false}],"isTemplate":false},
{"data":[{"text":"how much money do i have in my account","userDefined ":false}],"isTemplate":false},
{"data":[{"text":"i wish to know the balance of my bank of american account","userDefined ":false}],"isTemplate":false},
{"data":[{"text":"what is my bank balance for all accounts","userDefined ":false}],"isTemplate":false},
{"data":[{"text":"i wanna know my bank balance","userDefined ":false}],"isTemplate":false},
{"data":[{"text":"how much is in savings","userDefined ":false}],"isTemplate":false},
{"data":[{"text":"tell me what i have in my money market account","userDefined ":false}],"isTemplate":false},
{"data":[{"text":"savings account balance at chase bank please","userDefined ":false}],"isTemplate":false},
{"data":[{"text":"what is in my bank accounts","userDefined ":false}],"isTemplate":false},
{"data":[{"text":"can you tell me how much cash i have","userDefined ":false}],"isTemplate":false},
{"data":[{"text":"how much total cash do i have in the bank","userDefined ":false}],"isTemplate":false},
{"data":[{"text":"do i have any cash left","userDefined ":false}],"isTemplate":false},
{"data":[{"text":"can the funds in my wells fargo account cover my lift tickets","userDefined ":false}],"isTemplate":false},
{"data":[{"text":"what is my current balance on my home equity line of credit","userDefined ":false}],"isTemplate":false},
{"data":[{"text":"what is the total of my bank accounts","userDefined ":false}],"isTemplate":false},
{"data":[{"text":"what what kind money is available in my bank accounts","userDefined ":false}],"isTemplate":false},
{"data":[{"text":"what is the available balance in savings","userDefined ":false}],"isTemplate":false},
{"data":[{"text":"i need to know my bank balance","userDefined ":false}],"isTemplate":false},
{"data":[{"text":"do i have enough in my chase account for a plane ticket","userDefined ":false}],"isTemplate":false},
{"data":[{"text":"how much money is left in my bank accounts","userDefined ":false}],"isTemplate":false},
{"data":[{"text":"check chase bank for my checking balance","userDefined ":false}],"isTemplate":false},
{"data":[{"text":"what is my balance","userDefined ":false}],"isTemplate":false},
{"data":[{"text":"what is my savings account balance","userDefined ":false}],"isTemplate":false},
{"data":[{"text":"what's the balance on my bank account","userDefined ":false}],"isTemplate":false},
{"data":[{"text":"i want my checking balance at chase","userDefined ":false}],"isTemplate":false},
{"data":[{"text":"please tell me my bank balance","userDefined ":false}],"isTemplate":false}]
