[{"data":[{"text":"tell me what is owed for my water and gas bills","userDefined ":false}],"isTemplate":false},
{"data":[{"text":"how much is my electric bill for this month","userDefined ":false}],"isTemplate":false},
{"data":[{"text":"what's the amount due on my latest sprint bill","userDefined ":false}],"isTemplate":false},
{"data":[{"text":"what is the balance on my bills","userDefined ":false}],"isTemplate":false},
{"data":[{"text":"how much do i need to pay on my bills","userDefined ":false}],"isTemplate":false},
{"data":[{"text":"what am i being charged for my water bill","userDefined ":false}],"isTemplate":false},
{"data":[{"text":"can you tell me what i owe for this month's phone bill","userDefined ":false}],"isTemplate":false},
{"data":[{"text":"what's the balance on my bills","userDefined ":false}],"isTemplate":false},
{"data":[{"text":"how much are all my bills combined","userDefined ":false}],"isTemplate":false},
{"data":[{"text":"tell me how much my verizon and comcast bill come to together","userDefined ":false}],"isTemplate":false},
{"data":[{"text":"what is the total amount that i owe to sony and verizon","userDefined ":false}],"isTemplate":false},
{"data":[{"text":"for my water and electricity, how much is the bill","userDefined ":false}],"isTemplate":false},
{"data":[{"text":"i need to know the cost of the cable bill","userDefined ":false}],"isTemplate":false},
{"data":[{"text":"what's the balance on my sprint account","userDefined ":false}],"isTemplate":false},
{"data":[{"text":"what's the cost of my dte bill plus my electricity bill","userDefined ":false}],"isTemplate":false},
{"data":[{"text":"do i still owe any bills","userDefined ":false}],"isTemplate":false},
{"data":[{"text":"how much do i owe on bills","userDefined ":false}],"isTemplate":false},
{"data":[{"text":"please let me know how much my bills for comcast and sprint total","userDefined ":false}],"isTemplate":false},
{"data":[{"text":"i need the dollar amount due on my verizon bill, please","userDefined ":false}],"isTemplate":false},
{"data":[{"text":"what do i owe for my utilities bill","userDefined ":false}],"isTemplate":false},
{"data":[{"text":"what's my mortgage payment going to be this month","userDefined ":false}],"isTemplate":false},
{"data":[{"text":"what's the sum of all i owe on bills this month","userDefined ":false}],"isTemplate":false},
{"data":[{"text":"tell me what amount i have to pay for my directv bill please","userDefined ":false}],"isTemplate":false},
{"data":[{"text":"how much are utilities","userDefined ":false}],"isTemplate":false},
{"data":[{"text":"read my bill balances","userDefined ":false}],"isTemplate":false},
{"data":[{"text":"how much is my water bill for","userDefined ":false}],"isTemplate":false},
{"data":[{"text":"how much do i have on credit card bill","userDefined ":false}],"isTemplate":false},
{"data":[{"text":"how much in total do i need to pay cox and at&t","userDefined ":false}],"isTemplate":false},
{"data":[{"text":"can you check the balance on the water bill","userDefined ":false}],"isTemplate":false},
{"data":[{"text":"how much do i have to pay for my bills this month","userDefined ":false}],"isTemplate":false},
{"data":[{"text":"let me know the amounts i owe for my utilities and tuition bills","userDefined ":false}],"isTemplate":false},
{"data":[{"text":"how much on bills to i have to pay","userDefined ":false}],"isTemplate":false},
{"data":[{"text":"remind me of the invoice total for my plumbing bill","userDefined ":false}],"isTemplate":false},
{"data":[{"text":"can you find out how much i owe on my bills","userDefined ":false}],"isTemplate":false},
{"data":[{"text":"what is the total amount due on my electricity bill","userDefined ":false}],"isTemplate":false},
{"data":[{"text":"i need to know the amounts due for my utilities and cable bills","userDefined ":false}],"isTemplate":false},
{"data":[{"text":"how much is my current water bill for","userDefined ":false}],"isTemplate":false},
{"data":[{"text":"tell me how much my cable bill is","userDefined ":false}],"isTemplate":false},
{"data":[{"text":"how much is my cable bill for","userDefined ":false}],"isTemplate":false},
{"data":[{"text":"how much do i have to pay for my cable bill","userDefined ":false}],"isTemplate":false},
{"data":[{"text":"add all my bills for this month and tell me the total","userDefined ":false}],"isTemplate":false},
{"data":[{"text":"please tell me how much i owe sprint and how much i owe hsn","userDefined ":false}],"isTemplate":false},
{"data":[{"text":"what do i owe bill wise","userDefined ":false}],"isTemplate":false},
{"data":[{"text":"how much is my groceries and gas bill","userDefined ":false}],"isTemplate":false},
{"data":[{"text":"how much is my electric bill for","userDefined ":false}],"isTemplate":false},
{"data":[{"text":"my dte bill is how much","userDefined ":false}],"isTemplate":false},
{"data":[{"text":"i need to know my bill total for my verizon payment due this month","userDefined ":false}],"isTemplate":false},
{"data":[{"text":"what's the final amount of all the money i need to pay in bills this month","userDefined ":false}],"isTemplate":false},
{"data":[{"text":"how much is my internet bill","userDefined ":false}],"isTemplate":false},
{"data":[{"text":"what is the cost of water and electric this month","userDefined ":false}],"isTemplate":false}]