[{"data":[{"text":"when's the next time i have to pay the insurance","userDefined ":false}],"isTemplate":false},
{"data":[{"text":"how much time left to pay my bill","userDefined ":false}],"isTemplate":false},
{"data":[{"text":"i need to know the due date for my credit card","userDefined ":false}],"isTemplate":false},
{"data":[{"text":"what time do i have to pay z bill","userDefined ":false}],"isTemplate":false},
{"data":[{"text":"what's the due date for my american express payment","userDefined ":false}],"isTemplate":false},
{"data":[{"text":"do i pay my rent this week","userDefined ":false}],"isTemplate":false},
{"data":[{"text":"how do i ascertain when my next insurance payment will be","userDefined ":false}],"isTemplate":false},
{"data":[{"text":"when's the ac bill due","userDefined ":false}],"isTemplate":false},
{"data":[{"text":"when is my xfinity bill due","userDefined ":false}],"isTemplate":false},
{"data":[{"text":"on what day do i pay my car payment","userDefined ":false}],"isTemplate":false},
{"data":[{"text":"what's the due date for the credit card","userDefined ":false}],"isTemplate":false},
{"data":[{"text":"when do i need to pay the water bil","userDefined ":false}],"isTemplate":false},
{"data":[{"text":"please find the exact payment due date for my sprint phone bill","userDefined ":false}],"isTemplate":false},
{"data":[{"text":"when do i have to pay my gas bill by","userDefined ":false}],"isTemplate":false},
{"data":[{"text":"i need to know when i must pay my car bill","userDefined ":false}],"isTemplate":false},
{"data":[{"text":"when is visa due","userDefined ":false}],"isTemplate":false},
{"data":[{"text":"how do i find when my water bill needs to be paid","userDefined ":false}],"isTemplate":false},
{"data":[{"text":"how do i know when to pay my gas bill","userDefined ":false}],"isTemplate":false},
{"data":[{"text":"what is the exact due date for my mortgage payment","userDefined ":false}],"isTemplate":false},
{"data":[{"text":"what day is my car insurance due","userDefined ":false}],"isTemplate":false},
{"data":[{"text":"i need the new due date for my pgw gas bill","userDefined ":false}],"isTemplate":false},
{"data":[{"text":"when's the next phone bill","userDefined ":false}],"isTemplate":false},
{"data":[{"text":"how do i find when my electric bill is due","userDefined ":false}],"isTemplate":false},
{"data":[{"text":"can you tell me when my peco energy bill is due this month","userDefined ":false}],"isTemplate":false},
{"data":[{"text":"how do i find when my medical bill is due","userDefined ":false}],"isTemplate":false},
{"data":[{"text":"tell me when i have to pay my bill","userDefined ":false}],"isTemplate":false},
{"data":[{"text":"do i need to pay my credit card bill already","userDefined ":false}],"isTemplate":false},
{"data":[{"text":"what is the due date for my metronorth monthy pass","userDefined ":false}],"isTemplate":false},
{"data":[{"text":"when is my water bill due","userDefined ":false}],"isTemplate":false},
{"data":[{"text":"what is the latest date that i can pay my direct tv bill this month","userDefined ":false}],"isTemplate":false},
{"data":[{"text":"where should i look for when my gas bill is due","userDefined ":false}],"isTemplate":false},
{"data":[{"text":"i want to know when a bill is due","userDefined ":false}],"isTemplate":false},
{"data":[{"text":"when should i pay my bill by","userDefined ":false}],"isTemplate":false},
{"data":[{"text":"what day is the z bill due","userDefined ":false}],"isTemplate":false},
{"data":[{"text":"tell me when my bill will be due","userDefined ":false}],"isTemplate":false},
{"data":[{"text":"on what day do i have to pay my nordstrom bill","userDefined ":false}],"isTemplate":false},
{"data":[{"text":"when do i have to pay my electric bill by","userDefined ":false}],"isTemplate":false},
{"data":[{"text":"when do i need to pay my annual payment for auto insurance","userDefined ":false}],"isTemplate":false},
{"data":[{"text":"give me the date my bill is due","userDefined ":false}],"isTemplate":false},
{"data":[{"text":"can you tell me the date my credit card is due","userDefined ":false}],"isTemplate":false},
{"data":[{"text":"is my at&t bill do soon","userDefined ":false}],"isTemplate":false},
{"data":[{"text":"what day is the bill due","userDefined ":false}],"isTemplate":false},
{"data":[{"text":"i would like to know when the bill is due","userDefined ":false}],"isTemplate":false},
{"data":[{"text":"do you know when my next electric bill is due","userDefined ":false}],"isTemplate":false},
{"data":[{"text":"whats the due date for z bill","userDefined ":false}],"isTemplate":false},
{"data":[{"text":"how do i locate when my gas bill is do","userDefined ":false}],"isTemplate":false},
{"data":[{"text":"when is too late to pay my cable bill","userDefined ":false}],"isTemplate":false},
{"data":[{"text":"when does the car payment come due","userDefined ":false}],"isTemplate":false},
{"data":[{"text":"what is the due date on my xfinity internet bill for february","userDefined ":false}],"isTemplate":false},
{"data":[{"text":"i would like to know my electric bills date it needs to be payed","userDefined ":false}],"isTemplate":false}]