[{"data":[{"text":"can you find me a flight from portland, oregon to portland, maine for under $500 on delta","userDefined ":false}],"isTemplate":false},
{"data":[{"text":"i'm looking for a roundtrip flight from afw to dgb for tomorrow until next week","userDefined ":false}],"isTemplate":false},
{"data":[{"text":"could you check and let me know roundtrip flights from dallas to houston for march 7 and march 20","userDefined ":false}],"isTemplate":false},
{"data":[{"text":"find me round trip flights out of lax to sfox","userDefined ":false}],"isTemplate":false},
{"data":[{"text":"i need to get a flight out of my local airport to england on monday, the 23rd for under a grand","userDefined ":false}],"isTemplate":false},
{"data":[{"text":"book a flight from denver to austin on the 16th and returning on the 20th","userDefined ":false}],"isTemplate":false},
{"data":[{"text":"make delta reservation from madison to atlanta","userDefined ":false}],"isTemplate":false},
{"data":[{"text":"i want to find a roundtrip flight from philadelphia to sioux falls from august 3rd through august 25th","userDefined ":false}],"isTemplate":false},
{"data":[{"text":"could you make a flight reservation with air emirates from orlando to london","userDefined ":false}],"isTemplate":false},
{"data":[{"text":"get me a flight for tuesday on spiritcom to las vegas from chicago","userDefined ":false}],"isTemplate":false},
{"data":[{"text":"purchase a flight from slc to columbus on tuesday that returns on friday","userDefined ":false}],"isTemplate":false},
{"data":[{"text":"i am needing you to look up roundtrip flights form houston to miami for april 12 and april 15","userDefined ":false}],"isTemplate":false},
{"data":[{"text":"fly me from pit to pdx on delta for under $300","userDefined ":false}],"isTemplate":false},
{"data":[{"text":"book delta ticket madison to atlanta","userDefined ":false}],"isTemplate":false},
{"data":[{"text":"compare fares for al italia from bucharest to tampa returning before thanksgiving","userDefined ":false}],"isTemplate":false},
{"data":[{"text":"can you find me a roundtrip flight from orlando to austin for 3/28 to 4/5","userDefined ":false}],"isTemplate":false},
{"data":[{"text":"book a flight from bangor to las vegas on may 1st and returning july 4th","userDefined ":false}],"isTemplate":false},
{"data":[{"text":"i want to buy a plane ticket to travel from miami to honolulu on the 29th of february i need a return flight on march 5th","userDefined ":false}],"isTemplate":false},
{"data":[{"text":"i need a roundtrip flight for 5/2 to 5/8 from nyc to los angeles","userDefined ":false}],"isTemplate":false},
{"data":[{"text":"i'm looking for a roundtrip flight from fwa to hsv for march first to march fifth","userDefined ":false}],"isTemplate":false},
{"data":[{"text":"buy delta ticket madison to atlanta","userDefined ":false}],"isTemplate":false},
{"data":[{"text":"i'm looking for a roundtrip flight from oma to sps august 1st, 2019 to august 2nd, 2019","userDefined ":false}],"isTemplate":false},
{"data":[{"text":"book me a flight out of la to chicago on march 3rd for under $500","userDefined ":false}],"isTemplate":false},
{"data":[{"text":"what's the cheapest fares from lax to sfo for round trip flights leaving april 1st and returning april 7th","userDefined ":false}],"isTemplate":false},
{"data":[{"text":"i need a flight from nyc to paris with delta","userDefined ":false}],"isTemplate":false},
{"data":[{"text":"could you get me a delta flight from sioux falls to philadelphia for under $400","userDefined ":false}],"isTemplate":false},
{"data":[{"text":"i want to book a flight from hawaii to new york on july 8th and returning on july 10th","userDefined ":false}],"isTemplate":false},
{"data":[{"text":"for the dates april 1st to the 7th, find me round trip air tickets from la to sfo","userDefined ":false}],"isTemplate":false},
{"data":[{"text":"what southwest flights are there for lax to sfo arriving april 1st and returning april 7th","userDefined ":false}],"isTemplate":false},
{"data":[{"text":"book a flight from chicago to dc on monday and returning on wednesday","userDefined ":false}],"isTemplate":false},
{"data":[{"text":"would you give me available flights out of dallas to miami on june 8 for under $340","userDefined ":false}],"isTemplate":false},
{"data":[{"text":"search for a flight out of la to chicago on march 3rd for under $500","userDefined ":false}],"isTemplate":false},
{"data":[{"text":"i need to get a flight out of tampa to chicago in a month for under $123","userDefined ":false}],"isTemplate":false},
{"data":[{"text":"reserve me a flight from ft lauderdale to houston on southwest","userDefined ":false}],"isTemplate":false},
{"data":[{"text":"can you show me roundtrip flights from dallas to los angeles from march 2 to march 10","userDefined ":false}],"isTemplate":false},
{"data":[{"text":"i need you to get me a flight booked from houston to miami on united airlines","userDefined ":false}],"isTemplate":false},
{"data":[{"text":"book a flight from sacremento to tampa two weeks from now and returning a month after","userDefined ":false}],"isTemplate":false},
{"data":[{"text":"what airlines have flights round trip on april 1st to april 7th from lax to sfo","userDefined ":false}],"isTemplate":false},
{"data":[{"text":"cheapest fare for flight from tehran to new york on august 1 with return on august 20","userDefined ":false}],"isTemplate":false},
{"data":[{"text":"book a flight from pensacola, fl to houston, tx on 17 february 2019 and returning on 7 march 2019","userDefined ":false}],"isTemplate":false},
{"data":[{"text":"i am needing to get a flight out of el paso to dallas on march 10 for under $300","userDefined ":false}],"isTemplate":false},
{"data":[{"text":"book a flight from seattle to dallas-fort worth on april the 1st and returning on april 5th","userDefined ":false}],"isTemplate":false},
{"data":[{"text":"look for a flight out of la to chicago on march 3rd for under $500","userDefined ":false}],"isTemplate":false},
{"data":[{"text":"i want a flight booked from new york to san francisco with continental","userDefined ":false}],"isTemplate":false},
{"data":[{"text":"book me a flight from o'hare to las vegas on deltacom","userDefined ":false}],"isTemplate":false},
{"data":[{"text":"buy a flight from santa fe to jacksonville on new year's eve that returns on the fourth, please","userDefined ":false}],"isTemplate":false},
{"data":[{"text":"book a flight from jacksonville, fl to atlanta, ga on 14 february 2019 and returning on 1 march 2019","userDefined ":false}],"isTemplate":false},
{"data":[{"text":"buy a flight for me from nyc to la on march 1, returning on march 5","userDefined ":false}],"isTemplate":false},
{"data":[{"text":"purchase a flight from fiji to san diego on november 1 that returns on december 1, please","userDefined ":false}],"isTemplate":false},
{"data":[{"text":"i need to get from jfk to dallas with united for under $500","userDefined ":false}],"isTemplate":false}]
