[{"data":[{"text":"find a hotel in san francisco for march 8 & 9","userDefined ":false}],"isTemplate":false},
{"data":[{"text":"see if you can get me a room in colorado springs near garden of the gods from march 01 to march 02","userDefined ":false}],"isTemplate":false},
{"data":[{"text":"please book me a room in austin from tomorrow to the 2nd","userDefined ":false}],"isTemplate":false},
{"data":[{"text":"what's a good hotel to stay at in chicago","userDefined ":false}],"isTemplate":false},
{"data":[{"text":"can you find me a place to stay in sacramento near the capitol on july 3-5","userDefined ":false}],"isTemplate":false},
{"data":[{"text":"book me a hotel with good ratings in nashville","userDefined ":false}],"isTemplate":false},
{"data":[{"text":"i need a hotel booked in denver near the museum from friday to saturday","userDefined ":false}],"isTemplate":false},
{"data":[{"text":"i need a bed in brownsburg near walmart from apil 4th until the 5th","userDefined ":false}],"isTemplate":false},
{"data":[{"text":"can you find me a hotel for 2 people on april 1st to 4th in rome","userDefined ":false}],"isTemplate":false},
{"data":[{"text":"i want to book a hotel room for 10 people from monday to tuesday in manhattan","userDefined ":false}],"isTemplate":false},
{"data":[{"text":"find a columbus, ohio hotel with good reviews","userDefined ":false}],"isTemplate":false},
{"data":[{"text":"is there a room big enough for 10 people from monday to tuesday in manhattan","userDefined ":false}],"isTemplate":false},
{"data":[{"text":"book me a hotel in st louis near the arch from march 2nd to 5th","userDefined ":false}],"isTemplate":false},
{"data":[{"text":"look up hotels with positive reviews in new york city","userDefined ":false}],"isTemplate":false},
{"data":[{"text":"what hotel would you recommend in lakewood for 4 people from monday to wednesday","userDefined ":false}],"isTemplate":false},
{"data":[{"text":"in paris, get me a hotel room for 4 people from march 1st to 3rd","userDefined ":false}],"isTemplate":false},
{"data":[{"text":"what hotels are near, ny, ny for the 9th to 11th","userDefined ":false}],"isTemplate":false},
{"data":[{"text":"show me a well reviewed hotel in evans","userDefined ":false}],"isTemplate":false},
{"data":[{"text":"i need a room in indianapolis near the track from may 2nd through the 5th","userDefined ":false}],"isTemplate":false},
{"data":[{"text":"i want a hotel room for 6 from the 1st through the 3rd in seattle","userDefined ":false}],"isTemplate":false},
{"data":[{"text":"get me a hotel room for 3 people from march 12th to 14th in chicago","userDefined ":false}],"isTemplate":false},
{"data":[{"text":"find me a hotel in seattle with great reviews","userDefined ":false}],"isTemplate":false},
{"data":[{"text":"in brooklyn, i need a hotel room for 4 from 3/15 until 3/20","userDefined ":false}],"isTemplate":false},
{"data":[{"text":"book me a hotel in new york near the empire state building from marc 2nd to 4th","userDefined ":false}],"isTemplate":false},
{"data":[{"text":"show me all hotels in evans with good reviews","userDefined ":false}],"isTemplate":false},
{"data":[{"text":"please book a hotel in ny, close to brooklyn, on the 25th to 30th","userDefined ":false}],"isTemplate":false},
{"data":[{"text":"i need a hotel room for 4 people in lakewood from monday to wednesday","userDefined ":false}],"isTemplate":false},
{"data":[{"text":"hotel room for 5 in austin for 3/1 until 3/8","userDefined ":false}],"isTemplate":false},
{"data":[{"text":"i would like to reserve a hotel room that accomodates 10 people from monday to tuesday in manhattan","userDefined ":false}],"isTemplate":false},
{"data":[{"text":"please help me book a place to stay in pittsburgh from monday to friday","userDefined ":false}],"isTemplate":false},
{"data":[{"text":"i need lodging in lizton near the ice cream parlor from may 3rd until the 8th","userDefined ":false}],"isTemplate":false},
{"data":[{"text":"is it possible to book 10 people from monday to tuesday in manhattan","userDefined ":false}],"isTemplate":false},
{"data":[{"text":"i need to book a hotel in ny, queens arrive on 8th and leave on the 13th","userDefined ":false}],"isTemplate":false},
{"data":[{"text":"book me a hotel room in memphis for 3 people from 3/6 until 3/10","userDefined ":false}],"isTemplate":false},
{"data":[{"text":"march 20th through the 22nd, please book me a hotel room in manhattan big enough for 10 people","userDefined ":false}],"isTemplate":false},
{"data":[{"text":"will you find me a place to stay in casper from march 5th to march 11th","userDefined ":false}],"isTemplate":false},
{"data":[{"text":"can you find me a hotel in columbus with good reviews","userDefined ":false}],"isTemplate":false},
{"data":[{"text":"help me find a hotel in that has good reviews in columbus","userDefined ":false}],"isTemplate":false},
{"data":[{"text":"help me find a good reviews hotel in la","userDefined ":false}],"isTemplate":false},
{"data":[{"text":"do you know of any well reviewed hotels in chicago","userDefined ":false}],"isTemplate":false},
{"data":[{"text":"find me a hotel in kansas city with good reviews","userDefined ":false}],"isTemplate":false},
{"data":[{"text":"please find a columbus, ohio hotel with good reviews","userDefined ":false}],"isTemplate":false},
{"data":[{"text":"i need a room in london for 2 people from march 1st to 3rd","userDefined ":false}],"isTemplate":false},
{"data":[{"text":"book me a room on november 11 to 15 in cali","userDefined ":false}],"isTemplate":false},
{"data":[{"text":"please find me a hotel room for 4 people from monday to wednesday in lakewood","userDefined ":false}],"isTemplate":false},
{"data":[{"text":"i'm going to need a hotel room for 8 people in tallahassee from 3/10 until 3/12","userDefined ":false}],"isTemplate":false},
{"data":[{"text":"find a suitable lodging in vancouver on march 16-19","userDefined ":false}],"isTemplate":false},
{"data":[{"text":"i need a hotel in new orleans with awesome reviews","userDefined ":false}],"isTemplate":false},
{"data":[{"text":"are there any openings in new york city from april 2 through april 8","userDefined ":false}],"isTemplate":false},
{"data":[{"text":"i need a well-rated hotel in vegas","userDefined ":false}],"isTemplate":false}]
