[{"data":[{"text":"what is 2+2","userDefined ":false}],"isTemplate":false},
{"data":[{"text":"what is 10 + 20","userDefined ":false}],"isTemplate":false},
{"data":[{"text":"can you tell me what 30% off 235 is, please","userDefined ":false}],"isTemplate":false},
{"data":[{"text":"help me with math","userDefined ":false}],"isTemplate":false},
{"data":[{"text":"what is 4 x 4","userDefined ":false}],"isTemplate":false},
{"data":[{"text":"what is 750 divided by 5","userDefined ":false}],"isTemplate":false},
{"data":[{"text":"what's 3 plus 3","userDefined ":false}],"isTemplate":false},
{"data":[{"text":"what is 5 x 4","userDefined ":false}],"isTemplate":false},
{"data":[{"text":"what is 005 percent of 1 percent","userDefined ":false}],"isTemplate":false},
{"data":[{"text":"what is 2 + 2","userDefined ":false}],"isTemplate":false},
{"data":[{"text":"what is 10 to the 12th power","userDefined ":false}],"isTemplate":false},
{"data":[{"text":"what is 38% of 389209","userDefined ":false}],"isTemplate":false},
{"data":[{"text":"what is 562 times 400","userDefined ":false}],"isTemplate":false},
{"data":[{"text":"how much is 50 plus 756","userDefined ":false}],"isTemplate":false},
{"data":[{"text":"what is 900 times 8","userDefined ":false}],"isTemplate":false},
{"data":[{"text":"what is 55 times 300","userDefined ":false}],"isTemplate":false},
{"data":[{"text":"what is 3/4 of 18","userDefined ":false}],"isTemplate":false},
{"data":[{"text":"what is 80980 + 098098 + 80980 + 1243","userDefined ":false}],"isTemplate":false},
{"data":[{"text":"what is the square root of 31","userDefined ":false}],"isTemplate":false},
{"data":[{"text":"what is an 18 percent tip on 20 dollars","userDefined ":false}],"isTemplate":false},
{"data":[{"text":"what is the square root of 144","userDefined ":false}],"isTemplate":false},
{"data":[{"text":"what is 20 times 20 times 30","userDefined ":false}],"isTemplate":false},
{"data":[{"text":"how many times does 8 go into 2000","userDefined ":false}],"isTemplate":false},
{"data":[{"text":"what is 13 times 45","userDefined ":false}],"isTemplate":false},
{"data":[{"text":"what does 2 + 2 equal","userDefined ":false}],"isTemplate":false},
{"data":[{"text":"i need you to help me with some math if you can","userDefined ":false}],"isTemplate":false},
{"data":[{"text":"can you tell me what is 18 percent of $2500","userDefined ":false}],"isTemplate":false},
{"data":[{"text":"what is 34 times 80908","userDefined ":false}],"isTemplate":false},
{"data":[{"text":"what is 7 x 7","userDefined ":false}],"isTemplate":false},
{"data":[{"text":"can you help me solve a math problem","userDefined ":false}],"isTemplate":false},
{"data":[{"text":"please help with my math","userDefined ":false}],"isTemplate":false},
{"data":[{"text":"what is 22+ 6","userDefined ":false}],"isTemplate":false},
{"data":[{"text":"what is the square root of 5","userDefined ":false}],"isTemplate":false},
{"data":[{"text":"subtract 85 from 997","userDefined ":false}],"isTemplate":false},
{"data":[{"text":"can you tell me what 30% off 235 is","userDefined ":false}],"isTemplate":false},
{"data":[{"text":"can you help me do math","userDefined ":false}],"isTemplate":false},
{"data":[{"text":"i need to know what is 85% of $1500","userDefined ":false}],"isTemplate":false},
{"data":[{"text":"what is the square root of 10294","userDefined ":false}],"isTemplate":false},
{"data":[{"text":"what is 1 fifth times 2 fifths","userDefined ":false}],"isTemplate":false},
{"data":[{"text":"if i win 200000 how do i split it 7 ways","userDefined ":false}],"isTemplate":false},
{"data":[{"text":"what is the sum of 3 plus 5","userDefined ":false}],"isTemplate":false},
{"data":[{"text":"subtract 100 from 12","userDefined ":false}],"isTemplate":false},
{"data":[{"text":"what is 10000 divided by 20","userDefined ":false}],"isTemplate":false},
{"data":[{"text":"what is 1785 minus 334 minus 87 plus 374 minus 400 plus 17","userDefined ":false}],"isTemplate":false},
{"data":[{"text":"what is 60 percent off of 350 dollars","userDefined ":false}],"isTemplate":false},
{"data":[{"text":"can you do a math problem","userDefined ":false}],"isTemplate":false},
{"data":[{"text":"what is 8 factorial","userDefined ":false}],"isTemplate":false},
{"data":[{"text":"add twelve and twelve please","userDefined ":false}],"isTemplate":false},
{"data":[{"text":"what is the square root of 10500","userDefined ":false}],"isTemplate":false},
{"data":[{"text":"could you tell me what 30% off 235 is, please","userDefined ":false}],"isTemplate":false}]
