[{"data":[{"text":"i need a clear calendar for april 15","userDefined ":false}],"isTemplate":false},
{"data":[{"text":"i wanna remove fishing from my calendar for soccer","userDefined ":false}],"isTemplate":false},
{"data":[{"text":"add farm trip to my calendar for friday","userDefined ":false}],"isTemplate":false},
{"data":[{"text":"take lunch with steven off of my calendar","userDefined ":false}],"isTemplate":false},
{"data":[{"text":"make sure to add to my calendar the staff meeting for march 1 at 10 am","userDefined ":false}],"isTemplate":false},
{"data":[{"text":"i need trip to the zoo on the calendar for june 4","userDefined ":false}],"isTemplate":false},
{"data":[{"text":"i need to remove an event from my calendar","userDefined ":false}],"isTemplate":false},
{"data":[{"text":"please schedule an event called 'nadine's baby shower' on my calendar","userDefined ":false}],"isTemplate":false},
{"data":[{"text":"can you change the date of the doctor's appointment event in my calendar from april 1 to april 3rd","userDefined ":false}],"isTemplate":false},
{"data":[{"text":"take my dinner plans off my calendar for tomorrow","userDefined ":false}],"isTemplate":false},
{"data":[{"text":"put \"get tires checked\" on my calendar","userDefined ":false}],"isTemplate":false},
{"data":[{"text":"add mom's birthday to my calendar on april 12","userDefined ":false}],"isTemplate":false},
{"data":[{"text":"take pat's appointment off my calendar","userDefined ":false}],"isTemplate":false},
{"data":[{"text":"i no longer need to go to the zoo on the 8th of this month","userDefined ":false}],"isTemplate":false},
{"data":[{"text":"add meeting with carla to my schedule for july 4","userDefined ":false}],"isTemplate":false},
{"data":[{"text":"add a vet appointment for 5 pm on saturday","userDefined ":false}],"isTemplate":false},
{"data":[{"text":"i want to add farm trip to my calendar for friday","userDefined ":false}],"isTemplate":false},
{"data":[{"text":"can you get rid of my trip to the zoo from my calendar on march 1st","userDefined ":false}],"isTemplate":false},
{"data":[{"text":"please remove fishing from my calendar for soccer","userDefined ":false}],"isTemplate":false},
{"data":[{"text":"remove the recurring training meeting events off my calendar","userDefined ":false}],"isTemplate":false},
{"data":[{"text":"i need anniversary dinner added to my schedule for march 7","userDefined ":false}],"isTemplate":false},
{"data":[{"text":"make sure april 1 is clear on my calendar","userDefined ":false}],"isTemplate":false},
{"data":[{"text":"please add final exams to my calendar for may 2","userDefined ":false}],"isTemplate":false},
{"data":[{"text":"add my birthday to my calendar for next month on the 5th","userDefined ":false}],"isTemplate":false},
{"data":[{"text":"please put annie's baby shower on march 30 in my calendar","userDefined ":false}],"isTemplate":false},
{"data":[{"text":"get rid of everything on my calendar for march 2nd","userDefined ":false}],"isTemplate":false},
{"data":[{"text":"i shall remove fishing from my calendar for soccer","userDefined ":false}],"isTemplate":false},
{"data":[{"text":"delete that event from calendar","userDefined ":false}],"isTemplate":false},
{"data":[{"text":"remove celebrate anniversary from my calendar","userDefined ":false}],"isTemplate":false},
{"data":[{"text":"go ahead and delete the doctor appointment i have scheduled for monday","userDefined ":false}],"isTemplate":false},
{"data":[{"text":"i want you to add staff meeting to my calendar for march 1 at 10:00 am","userDefined ":false}],"isTemplate":false},
{"data":[{"text":"remove from calendar jesse's bbq on june 9th","userDefined ":false}],"isTemplate":false},
{"data":[{"text":"clear my calendar for tomorrow","userDefined ":false}],"isTemplate":false},
{"data":[{"text":"i need to add my doctor's appointment to my calendar for the first","userDefined ":false}],"isTemplate":false},
{"data":[{"text":"march 3rd needs to be cleared on my calendar","userDefined ":false}],"isTemplate":false},
{"data":[{"text":"put appointment on my calendar for tomorrow","userDefined ":false}],"isTemplate":false},
{"data":[{"text":"get rid of tuesday the 5ths dinner","userDefined ":false}],"isTemplate":false},
{"data":[{"text":"remember to put down that i have an appointment for tomorrow on my calendar","userDefined ":false}],"isTemplate":false},
{"data":[{"text":"schedule family dinner on my calendar on march 8","userDefined ":false}],"isTemplate":false},
{"data":[{"text":"clear my calendar for this friday","userDefined ":false}],"isTemplate":false},
{"data":[{"text":"put my parents anniversary on the calendar for next week on tuesday","userDefined ":false}],"isTemplate":false},
{"data":[{"text":"delete the hair appointment i had scheduled on may 1st pleae","userDefined ":false}],"isTemplate":false},
{"data":[{"text":"remove the may 11 event called baby shower from my calendar","userDefined ":false}],"isTemplate":false},
{"data":[{"text":"please scratch my march 1st meeting off my calendar","userDefined ":false}],"isTemplate":false},
{"data":[{"text":"delete my golf tournament event from tomrrow","userDefined ":false}],"isTemplate":false},
{"data":[{"text":"delete all events on my calendar that have the word girlfriend in them","userDefined ":false}],"isTemplate":false},
{"data":[{"text":"please remove an event from this calendar","userDefined ":false}],"isTemplate":false},
{"data":[{"text":"please put taco night on the house calendar date of january 6","userDefined ":false}],"isTemplate":false},
{"data":[{"text":"i need to remove fishing from my calendar for soccer","userDefined ":false}],"isTemplate":false},
{"data":[{"text":"add jake's birthday party for friday at 5","userDefined ":false}],"isTemplate":false}]
