[{"data":[{"text":"do i have anything on my calendar for may 3","userDefined ":false}],"isTemplate":false},
{"data":[{"text":"is my daughter's birthday on my calendar","userDefined ":false}],"isTemplate":false},
{"data":[{"text":"can you give me an overview of what march 23 will look like for me","userDefined ":false}],"isTemplate":false},
{"data":[{"text":"what do i have on my calendar for monday the 1st of march","userDefined ":false}],"isTemplate":false},
{"data":[{"text":"i want my schedule for march 2","userDefined ":false}],"isTemplate":false},
{"data":[{"text":"what do i have on my calendar for february 8","userDefined ":false}],"isTemplate":false},
{"data":[{"text":"let me know my march 2 calendar","userDefined ":false}],"isTemplate":false},
{"data":[{"text":"remind me of the date of the event called 'anniversary dinner","userDefined ":false}],"isTemplate":false},
{"data":[{"text":"the 21st, what is on my calendar","userDefined ":false}],"isTemplate":false},
{"data":[{"text":"tell me what is showing on my calendar for the 17th of march","userDefined ":false}],"isTemplate":false},
{"data":[{"text":"what events are on my calendar for april 1st","userDefined ":false}],"isTemplate":false},
{"data":[{"text":"tell me what's on the calendar for saturday","userDefined ":false}],"isTemplate":false},
{"data":[{"text":"what is showing on my calendar for the 17th of march","userDefined ":false}],"isTemplate":false},
{"data":[{"text":"what am i supposed to be doing today","userDefined ":false}],"isTemplate":false},
{"data":[{"text":"read me my schedule for march 2","userDefined ":false}],"isTemplate":false},
{"data":[{"text":"what do i have going on march 2nd on my calendar","userDefined ":false}],"isTemplate":false},
{"data":[{"text":"show me my calendar for next sunday","userDefined ":false}],"isTemplate":false},
{"data":[{"text":"do i have anything on my calendar for march 2nd","userDefined ":false}],"isTemplate":false},
{"data":[{"text":"what's on my calendar for the 18th of march","userDefined ":false}],"isTemplate":false},
{"data":[{"text":"did i had my wife and mine anniversary to my calendar","userDefined ":false}],"isTemplate":false},
{"data":[{"text":"what's in the books for april 30th","userDefined ":false}],"isTemplate":false},
{"data":[{"text":"are there any events on my calendar for march 2nd","userDefined ":false}],"isTemplate":false},
{"data":[{"text":"did i put an item on the calendar to get the dog neutered","userDefined ":false}],"isTemplate":false},
{"data":[{"text":"what does my schedule look like for april 1","userDefined ":false}],"isTemplate":false},
{"data":[{"text":"do i have 30th birthday party on my calendar","userDefined ":false}],"isTemplate":false},
{"data":[{"text":"how is my calendar looking for may 6th","userDefined ":false}],"isTemplate":false},
{"data":[{"text":"what do i have planned on my calendar for next sunday","userDefined ":false}],"isTemplate":false},
{"data":[{"text":"search my calendar for birthday party","userDefined ":false}],"isTemplate":false},
{"data":[{"text":"what time is my haircut on wednesday","userDefined ":false}],"isTemplate":false},
{"data":[{"text":"what is on my schedule for the day of march 5th","userDefined ":false}],"isTemplate":false},
{"data":[{"text":"what do i have on my calendar for march 2","userDefined ":false}],"isTemplate":false},
{"data":[{"text":"what items do i have on my calendar for easter","userDefined ":false}],"isTemplate":false},
{"data":[{"text":"what do i have on my calendar for march 11","userDefined ":false}],"isTemplate":false},
{"data":[{"text":"do i have anything on my calendar next sunday","userDefined ":false}],"isTemplate":false},
{"data":[{"text":"what do i have to do on march 2 that's on my calendar","userDefined ":false}],"isTemplate":false},
{"data":[{"text":"what's happening on may 3rd","userDefined ":false}],"isTemplate":false},
{"data":[{"text":"on the 26th what is on the table for my calendar","userDefined ":false}],"isTemplate":false},
{"data":[{"text":"do i have anything on my schedule for may 3","userDefined ":false}],"isTemplate":false},
{"data":[{"text":"does my calendar include an event called shana's baby shower","userDefined ":false}],"isTemplate":false},
{"data":[{"text":"does my calendar have anything for january 1st","userDefined ":false}],"isTemplate":false},
{"data":[{"text":"tell me everything on my calendar for may 1","userDefined ":false}],"isTemplate":false},
{"data":[{"text":"what do i have scheduled for february 28th","userDefined ":false}],"isTemplate":false},
{"data":[{"text":"do i have any appointments on tuesday","userDefined ":false}],"isTemplate":false},
{"data":[{"text":"check my calendar to see if an event called final exams exists","userDefined ":false}],"isTemplate":false},
{"data":[{"text":"what do i have planned on 3/15","userDefined ":false}],"isTemplate":false},
{"data":[{"text":"what is currently on my calendar for friday the 1st","userDefined ":false}],"isTemplate":false},
{"data":[{"text":"i must know what is currently on my calendar for friday the 1st","userDefined ":false}],"isTemplate":false},
{"data":[{"text":"tell me what is on my calendar for april 1","userDefined ":false}],"isTemplate":false},
{"data":[{"text":"what is on my calander for valentines day","userDefined ":false}],"isTemplate":false},
{"data":[{"text":"can you tell me what's on my calendar for march 05, 2019","userDefined ":false}],"isTemplate":false}]