[{"data":[{"text":"what is the caloric value of a cookie","userDefined ":false}],"isTemplate":false},
{"data":[{"text":"i need to know the calorie content in a piece of pepperoni pizza","userDefined ":false}],"isTemplate":false},
{"data":[{"text":"how many calories are in a piece of bacon","userDefined ":false}],"isTemplate":false},
{"data":[{"text":"what is the calorie content of a scoop of chocolate ice cream","userDefined ":false}],"isTemplate":false},
{"data":[{"text":"what is the calorie count for one cookie","userDefined ":false}],"isTemplate":false},
{"data":[{"text":"how many calories does a kitkat have","userDefined ":false}],"isTemplate":false},
{"data":[{"text":"calorie count of cheetos","userDefined ":false}],"isTemplate":false},
{"data":[{"text":"how many calories are in vanilla ice cream","userDefined ":false}],"isTemplate":false},
{"data":[{"text":"what is the calorie content of a small bag of lay's potato chips","userDefined ":false}],"isTemplate":false},
{"data":[{"text":"can you tell me the calories for the cheeseburger","userDefined ":false}],"isTemplate":false},
{"data":[{"text":"what's the calorie info for 2 cups of regular chex mix","userDefined ":false}],"isTemplate":false},
{"data":[{"text":"how many calories are in chocolate cake","userDefined ":false}],"isTemplate":false},
{"data":[{"text":"are there a lot of calories in muffins","userDefined ":false}],"isTemplate":false},
{"data":[{"text":"what about the calories for this chicken salad","userDefined ":false}],"isTemplate":false},
{"data":[{"text":"tell me the calorie content for an apple","userDefined ":false}],"isTemplate":false},
{"data":[{"text":"what's the calorie content of cheetos","userDefined ":false}],"isTemplate":false},
{"data":[{"text":"what's the caloric content of an apple","userDefined ":false}],"isTemplate":false},
{"data":[{"text":"what's the expected calorie load of a peanut butter and jelly sandwich","userDefined ":false}],"isTemplate":false},
{"data":[{"text":"what does a sausage sandwich have for calories","userDefined ":false}],"isTemplate":false},
{"data":[{"text":"what's the number of calories in a coke","userDefined ":false}],"isTemplate":false},
{"data":[{"text":"what's the amount of calories in an cream filled oatmeal cookie","userDefined ":false}],"isTemplate":false},
{"data":[{"text":"tell me the calorie content of an apple","userDefined ":false}],"isTemplate":false},
{"data":[{"text":"what's the number of calories in a pepsi","userDefined ":false}],"isTemplate":false},
{"data":[{"text":"i need to know the calorie count of a bacon cheeseburger","userDefined ":false}],"isTemplate":false},
{"data":[{"text":"how many calories are in chicken breast","userDefined ":false}],"isTemplate":false},
{"data":[{"text":"how many calories should i plan to be in a donut","userDefined ":false}],"isTemplate":false},
{"data":[{"text":"how many calories are in a honey bun","userDefined ":false}],"isTemplate":false},
{"data":[{"text":"can you provide me the calories in the smoothie","userDefined ":false}],"isTemplate":false},
{"data":[{"text":"i want the calorie content for a banana","userDefined ":false}],"isTemplate":false},
{"data":[{"text":"give me expected number of calories in a breakfast burrito","userDefined ":false}],"isTemplate":false},
{"data":[{"text":"whats the calorie content of oatmeal","userDefined ":false}],"isTemplate":false},
{"data":[{"text":"what is the calorie count in a cookie","userDefined ":false}],"isTemplate":false},
{"data":[{"text":"how many calories are in waffles","userDefined ":false}],"isTemplate":false},
{"data":[{"text":"how many calories are in cookies","userDefined ":false}],"isTemplate":false},
{"data":[{"text":"how many calories does a big mac have","userDefined ":false}],"isTemplate":false},
{"data":[{"text":"what type of calorie numbers are in onions","userDefined ":false}],"isTemplate":false},
{"data":[{"text":"what's a big bowl of ice cream contain in calories","userDefined ":false}],"isTemplate":false},
{"data":[{"text":"how many calories in this slice of pizza","userDefined ":false}],"isTemplate":false},
{"data":[{"text":"how many calories are in a large fry","userDefined ":false}],"isTemplate":false},
{"data":[{"text":"how many calories do cheetos have","userDefined ":false}],"isTemplate":false},
{"data":[{"text":"how high in calories is pork","userDefined ":false}],"isTemplate":false},
{"data":[{"text":"how many calories does a scoop of chocolate ice cream contain","userDefined ":false}],"isTemplate":false},
{"data":[{"text":"what's the caloric content if you eat roast beef","userDefined ":false}],"isTemplate":false},
{"data":[{"text":"what is the calorie count for muffins","userDefined ":false}],"isTemplate":false},
{"data":[{"text":"how many calories are in a can of coke","userDefined ":false}],"isTemplate":false},
{"data":[{"text":"how many calories in scoop of chocolate ice cream","userDefined ":false}],"isTemplate":false},
{"data":[{"text":"do cheetos have a lot of calories","userDefined ":false}],"isTemplate":false},
{"data":[{"text":"how many calories are in a cookie","userDefined ":false}],"isTemplate":false},
{"data":[{"text":"i need to know the total calories for a chicken caesar salad","userDefined ":false}],"isTemplate":false},
{"data":[{"text":"tell me the amount of calories in muffins","userDefined ":false}],"isTemplate":false}]
