[{"data":[{"text":"i advise you to quit talking","userDefined ":false}],"isTemplate":false},
{"data":[{"text":"terminate current process","userDefined ":false}],"isTemplate":false},
{"data":[{"text":"stop","userDefined ":false}],"isTemplate":false},
{"data":[{"text":"i want you to cancel the current action","userDefined ":false}],"isTemplate":false},
{"data":[{"text":"what you are doing is not actually helpful, please cancel the action","userDefined ":false}],"isTemplate":false},
{"data":[{"text":"shhhh","userDefined ":false}],"isTemplate":false},
{"data":[{"text":"just shut up","userDefined ":false}],"isTemplate":false},
{"data":[{"text":"mute","userDefined ":false}],"isTemplate":false},
{"data":[{"text":"that's enough, don't say anymore please","userDefined ":false}],"isTemplate":false},
{"data":[{"text":"cancel that last command","userDefined ":false}],"isTemplate":false},
{"data":[{"text":"stop working on it, i need something else","userDefined ":false}],"isTemplate":false},
{"data":[{"text":"never mind, don't do that","userDefined ":false}],"isTemplate":false},
{"data":[{"text":"i don't want you to speak any more for now","userDefined ":false}],"isTemplate":false},
{"data":[{"text":"oh shut the hell up would you","userDefined ":false}],"isTemplate":false},
{"data":[{"text":"cancel my last request, i know the answer","userDefined ":false}],"isTemplate":false},
{"data":[{"text":"can you end the task","userDefined ":false}],"isTemplate":false},
{"data":[{"text":"refrain from talking","userDefined ":false}],"isTemplate":false},
{"data":[{"text":"undo","userDefined ":false}],"isTemplate":false},
{"data":[{"text":"never mind, cancel that","userDefined ":false}],"isTemplate":false},
{"data":[{"text":"can you cancel","userDefined ":false}],"isTemplate":false},
{"data":[{"text":"please cancel what you are doing, i've changed my mind","userDefined ":false}],"isTemplate":false},
{"data":[{"text":"nevermind, cancel that","userDefined ":false}],"isTemplate":false},
{"data":[{"text":"no more talking","userDefined ":false}],"isTemplate":false},
{"data":[{"text":"undo this process","userDefined ":false}],"isTemplate":false},
{"data":[{"text":"don't continue with what you're doing","userDefined ":false}],"isTemplate":false},
{"data":[{"text":"ai, cancel that last request","userDefined ":false}],"isTemplate":false},
{"data":[{"text":"halt","userDefined ":false}],"isTemplate":false},
{"data":[{"text":"cancel action","userDefined ":false}],"isTemplate":false},
{"data":[{"text":"quiet now","userDefined ":false}],"isTemplate":false},
{"data":[{"text":"i would like you to stop what you were doing","userDefined ":false}],"isTemplate":false},
{"data":[{"text":"can you stop speaking","userDefined ":false}],"isTemplate":false},
{"data":[{"text":"abort running program","userDefined ":false}],"isTemplate":false},
{"data":[{"text":"ai stop talking","userDefined ":false}],"isTemplate":false},
{"data":[{"text":"halt the process","userDefined ":false}],"isTemplate":false},
{"data":[{"text":"ai, shut up","userDefined ":false}],"isTemplate":false},
{"data":[{"text":"i actually don't want this anymore, please abort","userDefined ":false}],"isTemplate":false},
{"data":[{"text":"please cancel the input","userDefined ":false}],"isTemplate":false},
{"data":[{"text":"stop and go back","userDefined ":false}],"isTemplate":false},
{"data":[{"text":"i need you to stop talking now","userDefined ":false}],"isTemplate":false},
{"data":[{"text":"abort","userDefined ":false}],"isTemplate":false},
{"data":[{"text":"stop that","userDefined ":false}],"isTemplate":false},
{"data":[{"text":"halt that immediately","userDefined ":false}],"isTemplate":false},
{"data":[{"text":"please abandon the current job","userDefined ":false}],"isTemplate":false},
{"data":[{"text":"cancel that","userDefined ":false}],"isTemplate":false},
{"data":[{"text":"abort the current action","userDefined ":false}],"isTemplate":false},
{"data":[{"text":"oops cancel that","userDefined ":false}],"isTemplate":false},
{"data":[{"text":"could you stop talking for a second","userDefined ":false}],"isTemplate":false},
{"data":[{"text":"don't do this process","userDefined ":false}],"isTemplate":false},
{"data":[{"text":"ai, stop talking","userDefined ":false}],"isTemplate":false},
{"data":[{"text":"actually forget that i don't need it","userDefined ":false}],"isTemplate":false}]
