[{"data":[{"text":"i won't require my reservation anymore","userDefined ":false}],"isTemplate":false},
{"data":[{"text":"the reservation i have isn't needed any more","userDefined ":false}],"isTemplate":false},
{"data":[{"text":"please cancel my reservation for dinner","userDefined ":false}],"isTemplate":false},
{"data":[{"text":"im not going to dinner tonight","userDefined ":false}],"isTemplate":false},
{"data":[{"text":"hello, i need to cancel tonight's reservation for dinner","userDefined ":false}],"isTemplate":false},
{"data":[{"text":"is it possible to cancel the reservation at outback for the johnsons","userDefined ":false}],"isTemplate":false},
{"data":[{"text":"can you cancel my reservation on tuesday for chris at stella maris","userDefined ":false}],"isTemplate":false},
{"data":[{"text":"i no longer need a table for four at chili's","userDefined ":false}],"isTemplate":false},
{"data":[{"text":"i want to cancel my reservation for 5 at red robin","userDefined ":false}],"isTemplate":false},
{"data":[{"text":"cancel my reservation for 4 at red robin","userDefined ":false}],"isTemplate":false},
{"data":[{"text":"i no longer need my reservation with carl at umami","userDefined ":false}],"isTemplate":false},
{"data":[{"text":"cancel the dinner reservation i made, okay","userDefined ":false}],"isTemplate":false},
{"data":[{"text":"i need to cancel my dinner reservation","userDefined ":false}],"isTemplate":false},
{"data":[{"text":"cancel my reservations for joe's at zepher right now","userDefined ":false}],"isTemplate":false},
{"data":[{"text":"the reservation i made is not required anymore","userDefined ":false}],"isTemplate":false},
{"data":[{"text":"can you cancel my dinner reservation","userDefined ":false}],"isTemplate":false},
{"data":[{"text":"get rid of my dinner reservation","userDefined ":false}],"isTemplate":false},
{"data":[{"text":"can you cancel the reservation for kyle's party at red lobster","userDefined ":false}],"isTemplate":false},
{"data":[{"text":"can you undo the reservation","userDefined ":false}],"isTemplate":false},
{"data":[{"text":"please cancel the table i had reserved for tonight","userDefined ":false}],"isTemplate":false},
{"data":[{"text":"can you cancelt the reservation i have for dinner","userDefined ":false}],"isTemplate":false},
{"data":[{"text":"cancel tonight's dinner reservation","userDefined ":false}],"isTemplate":false},
{"data":[{"text":"tell the restaurant i cannot make it","userDefined ":false}],"isTemplate":false},
{"data":[{"text":"please cancel my reservation for chris at brio","userDefined ":false}],"isTemplate":false},
{"data":[{"text":"go ahead and cancel the reservation i made for 6:00 pm at parc","userDefined ":false}],"isTemplate":false},
{"data":[{"text":"please cancel my 7:30 reservation for morton's","userDefined ":false}],"isTemplate":false},
{"data":[{"text":"the reservation i created is not necessary anymore","userDefined ":false}],"isTemplate":false},
{"data":[{"text":"please delete the reservation for 3 people at outback","userDefined ":false}],"isTemplate":false},
{"data":[{"text":"joe and i are to cancel the reservation at zephers now","userDefined ":false}],"isTemplate":false},
{"data":[{"text":"i no longer need the reservation for 20 at ihop","userDefined ":false}],"isTemplate":false},
{"data":[{"text":"get rid of my 4 pm reservation at the steakhouse please","userDefined ":false}],"isTemplate":false},
{"data":[{"text":"please unreserve that table","userDefined ":false}],"isTemplate":false},
{"data":[{"text":"could you please cancel my reservation for 5 at red robin","userDefined ":false}],"isTemplate":false},
{"data":[{"text":"tell the restaurant to cancel my reservation","userDefined ":false}],"isTemplate":false},
{"data":[{"text":"cancel my reservation for chris at jp field's","userDefined ":false}],"isTemplate":false},
{"data":[{"text":"cancel the reservation at olive garden for tommy","userDefined ":false}],"isTemplate":false},
{"data":[{"text":"get rid of my reservation at chez francois for jennifer","userDefined ":false}],"isTemplate":false},
{"data":[{"text":"i want to cancel the reservation for mercury at the ritz","userDefined ":false}],"isTemplate":false},
{"data":[{"text":"i have a reservation at pizza hut under the name leia roberts and i want to cancel it","userDefined ":false}],"isTemplate":false},
{"data":[{"text":"you can cancel my reservation","userDefined ":false}],"isTemplate":false},
{"data":[{"text":"cancel my reservation for 6 pm at sidetracks","userDefined ":false}],"isTemplate":false},
{"data":[{"text":"scrap that dinner reservation","userDefined ":false}],"isTemplate":false},
{"data":[{"text":"cancel my reservation for 3 at carlos jr","userDefined ":false}],"isTemplate":false},
{"data":[{"text":"the reservation i placed is not needed anymore","userDefined ":false}],"isTemplate":false},
{"data":[{"text":"please cancel my reservation","userDefined ":false}],"isTemplate":false},
{"data":[{"text":"can you cancel my reservation tonight for chris at smith and wollensky","userDefined ":false}],"isTemplate":false},
{"data":[{"text":"please cancel the table for two at burger king","userDefined ":false}],"isTemplate":false},
{"data":[{"text":"can you cancel my reservation for dinner tomorrow","userDefined ":false}],"isTemplate":false},
{"data":[{"text":"please cancel the reservation at zephers for joe and myself right now","userDefined ":false}],"isTemplate":false},
{"data":[{"text":"could i cancel my reservations","userDefined ":false}],"isTemplate":false}]