[{"data":[{"text":"i'd like to rent a limo in las vegas from may 01, 2019 to may 03, 2019","userDefined ":false}],"isTemplate":false},
{"data":[{"text":"is it possible to rent a car from laguardia from tuesday to friday","userDefined ":false}],"isTemplate":false},
{"data":[{"text":"i need a rental car for sfo from friday to saturday","userDefined ":false}],"isTemplate":false},
{"data":[{"text":"are there any places nearby i can rent a car at","userDefined ":false}],"isTemplate":false},
{"data":[{"text":"could i rent a car in seattle from next monday to thursday please","userDefined ":false}],"isTemplate":false},
{"data":[{"text":"i'd like to find a place that rents flashy sports cars in tampa","userDefined ":false}],"isTemplate":false},
{"data":[{"text":"i need you to get me a rental car in nashville","userDefined ":false}],"isTemplate":false},
{"data":[{"text":"i want to rent a car in boise from april 12-15","userDefined ":false}],"isTemplate":false},
{"data":[{"text":"can you help me with a rental car","userDefined ":false}],"isTemplate":false},
{"data":[{"text":"please check if i can do a car rental from charlotte douglas airport from monday to wednesday","userDefined ":false}],"isTemplate":false},
{"data":[{"text":"i'll require a rental car from 3/6 - 3/19 in san jose","userDefined ":false}],"isTemplate":false},
{"data":[{"text":"i will need a rental car since i'm going to travel to new york","userDefined ":false}],"isTemplate":false},
{"data":[{"text":"help me to book a car rental in sacremento","userDefined ":false}],"isTemplate":false},
{"data":[{"text":"on may 12 to may 16 can i get a car from aiken","userDefined ":false}],"isTemplate":false},
{"data":[{"text":"can you see if i can rent a car from dallas on the dates of march 1, 2019 to march 3, 2019","userDefined ":false}],"isTemplate":false},
{"data":[{"text":"i need to rent a car in boston for march 2 until march 4","userDefined ":false}],"isTemplate":false},
{"data":[{"text":"where can i rent a car soon","userDefined ":false}],"isTemplate":false},
{"data":[{"text":"will car rentals be available in boston from march 2 to march 4","userDefined ":false}],"isTemplate":false},
{"data":[{"text":"i need to find a rental car since i'm travelling to new york tomorrow","userDefined ":false}],"isTemplate":false},
{"data":[{"text":"please help me book a rental car for nashville","userDefined ":false}],"isTemplate":false},
{"data":[{"text":"can you help me book a bmw suv for march 2 to 6th, dallas texas","userDefined ":false}],"isTemplate":false},
{"data":[{"text":"help me secure a car rental out of reagan international airport from march 22-30","userDefined ":false}],"isTemplate":false},
{"data":[{"text":"will you help me rent a car from march 2 to 6th in dallas i want a bmw suv, if possible","userDefined ":false}],"isTemplate":false},
{"data":[{"text":"id like a rental car in denver colorado between january 1st and january 3rd and id like a ford if possible","userDefined ":false}],"isTemplate":false},
{"data":[{"text":"i want to rent the cheapest car for charlottesville, virginia for march 7th through 10th, that's monday, tuesday, wednesday and thursday","userDefined ":false}],"isTemplate":false},
{"data":[{"text":"i need to do a car rental","userDefined ":false}],"isTemplate":false},
{"data":[{"text":"i need to rent a car in chicago but don't know how","userDefined ":false}],"isTemplate":false},
{"data":[{"text":"will you help me reserve a rental car for my trip to dallas","userDefined ":false}],"isTemplate":false},
{"data":[{"text":"please book a car for me in bangkok","userDefined ":false}],"isTemplate":false},
{"data":[{"text":"is there a car rental available from tuesday to thursday out of lax","userDefined ":false}],"isTemplate":false},
{"data":[{"text":"will i be able to rent a car in boston from march 2 to march 4","userDefined ":false}],"isTemplate":false},
{"data":[{"text":"please look up if i can rent a car in houston from march 25 to march 29","userDefined ":false}],"isTemplate":false},
{"data":[{"text":"could i rent a car out of dallas from april 1-10","userDefined ":false}],"isTemplate":false},
{"data":[{"text":"i'd like to rent a vehicle from nov 1st to nov 15th in san antonio and i need a 15 passenger van","userDefined ":false}],"isTemplate":false},
{"data":[{"text":"how can i rent a car in boston","userDefined ":false}],"isTemplate":false},
{"data":[{"text":"can you help me with seattle car rental bookings","userDefined ":false}],"isTemplate":false},
{"data":[{"text":"i will be in aiken on may 12 to may 16, i need to rent a car","userDefined ":false}],"isTemplate":false},
{"data":[{"text":"could i rent a car from tuesday to thursday out of lax","userDefined ":false}],"isTemplate":false},
{"data":[{"text":"i would like some help getting a rental car reserved in los angeles","userDefined ":false}],"isTemplate":false},
{"data":[{"text":"can i get a jeep to rent in bangor from the first of the month to a week after the first","userDefined ":false}],"isTemplate":false},
{"data":[{"text":"in nashville, i need a rental car booked","userDefined ":false}],"isTemplate":false},
{"data":[{"text":"find me a rental car from 3/6 - 3/9 in port charles","userDefined ":false}],"isTemplate":false},
{"data":[{"text":"is it possible to rent a car from new york on 3/2/19 to 3/5/19","userDefined ":false}],"isTemplate":false},
{"data":[{"text":"help me get a rental car","userDefined ":false}],"isTemplate":false},
{"data":[{"text":"can i rent a car in belgium from march 01 to march 02 and have it be a porsche","userDefined ":false}],"isTemplate":false},
{"data":[{"text":"i want to rent a car in boston for march 2 until march 4","userDefined ":false}],"isTemplate":false},
{"data":[{"text":"a rental car needs to be booked in nashville","userDefined ":false}],"isTemplate":false},
{"data":[{"text":"i want a bmw suv for march 2 to 6th in dallas","userDefined ":false}],"isTemplate":false},
{"data":[{"text":"please help me book a rental car in appleton","userDefined ":false}],"isTemplate":false},
{"data":[{"text":"help me book a rental car in green bay","userDefined ":false}],"isTemplate":false}]
