[{"data":[{"text":"what was wrong with my card yesterday","userDefined ":false}],"isTemplate":false},
{"data":[{"text":"i was trying to buy qtips at walmart and my card got declined","userDefined ":false}],"isTemplate":false},
{"data":[{"text":"let me know why my card got declined","userDefined ":false}],"isTemplate":false},
{"data":[{"text":"please tell me why my card was declined","userDefined ":false}],"isTemplate":false},
{"data":[{"text":"can you tell me why my card was declined yesterday","userDefined ":false}],"isTemplate":false},
{"data":[{"text":"how come starbucks declined my card when i tried to use it to pay","userDefined ":false}],"isTemplate":false},
{"data":[{"text":"why did my card not get accepted there","userDefined ":false}],"isTemplate":false},
{"data":[{"text":"why did my card get rejected yesterday","userDefined ":false}],"isTemplate":false},
{"data":[{"text":"i was buying qtips today at walmart and my card got declined","userDefined ":false}],"isTemplate":false},
{"data":[{"text":"for which reason was my card declined yesterday","userDefined ":false}],"isTemplate":false},
{"data":[{"text":"why was my card declined for my monthly netflix subscription payment","userDefined ":false}],"isTemplate":false},
{"data":[{"text":"let me know why my card got declined the other day","userDefined ":false}],"isTemplate":false},
{"data":[{"text":"do i have enough funds in my card","userDefined ":false}],"isTemplate":false},
{"data":[{"text":"why was my card declined","userDefined ":false}],"isTemplate":false},
{"data":[{"text":"can you tell me what caused my card to get declined at starbucks this morning","userDefined ":false}],"isTemplate":false},
{"data":[{"text":"bloomingdale's declined my card and i'd like to know why","userDefined ":false}],"isTemplate":false},
{"data":[{"text":"i was at home depot trying to buy plants and my card got declined","userDefined ":false}],"isTemplate":false},
{"data":[{"text":"find out what happened to make my card get declined yesterday","userDefined ":false}],"isTemplate":false},
{"data":[{"text":"can you tell me why walmart declined my card","userDefined ":false}],"isTemplate":false},
{"data":[{"text":"yesterday, my card was declined","userDefined ":false}],"isTemplate":false},
{"data":[{"text":"my card did not work yesterday","userDefined ":false}],"isTemplate":false},
{"data":[{"text":"my card was declined at the casino and i'm wondering why","userDefined ":false}],"isTemplate":false},
{"data":[{"text":"explain why was my card declined at boston market","userDefined ":false}],"isTemplate":false},
{"data":[{"text":"why did macy's decline my card","userDefined ":false}],"isTemplate":false},
{"data":[{"text":"i tried using my card at chipotle yesterday and it was declined; why","userDefined ":false}],"isTemplate":false},
{"data":[{"text":"why was my card declined yesterday","userDefined ":false}],"isTemplate":false},
{"data":[{"text":"i was at albertsons trying to buy milk when my card wasn't accepted","userDefined ":false}],"isTemplate":false},
{"data":[{"text":"my card was malfunctioning and was returned to me","userDefined ":false}],"isTemplate":false},
{"data":[{"text":"i was at trader joe's trying to buy groceries and my card got declined","userDefined ":false}],"isTemplate":false},
{"data":[{"text":"please help me figure out why my card was declined yesterday","userDefined ":false}],"isTemplate":false},
{"data":[{"text":"it turns out my card was declined at fry's and i would like to know why","userDefined ":false}],"isTemplate":false},
{"data":[{"text":"i wish to know why my card was declined yesterday","userDefined ":false}],"isTemplate":false},
{"data":[{"text":"i couldn't buy a mug from target because my card got declined","userDefined ":false}],"isTemplate":false},
{"data":[{"text":"tell me why my card was declined yesterday","userDefined ":false}],"isTemplate":false},
{"data":[{"text":"tell me why my card didn't work yesterday","userDefined ":false}],"isTemplate":false},
{"data":[{"text":"my card was declined at the store yesterday, what happened","userDefined ":false}],"isTemplate":false},
{"data":[{"text":"i went to target to buy a mug but my card did not work","userDefined ":false}],"isTemplate":false},
{"data":[{"text":"i tried to use my credit card yesterday, but it did not work","userDefined ":false}],"isTemplate":false},
{"data":[{"text":"i was at sears trying to buy clothes and my card got declined","userDefined ":false}],"isTemplate":false},
{"data":[{"text":"i don't understand why my card was declined yesterday","userDefined ":false}],"isTemplate":false},
{"data":[{"text":"my card didn't go through when i was buying a case of water at walmart","userDefined ":false}],"isTemplate":false},
{"data":[{"text":"why did my card get declined at the dentist office","userDefined ":false}],"isTemplate":false},
{"data":[{"text":"i need to know why my card declined yesterday","userDefined ":false}],"isTemplate":false},
{"data":[{"text":"let me know why my card was declined yesterday","userDefined ":false}],"isTemplate":false},
{"data":[{"text":"at walmart my card got declined when i was buyng qtips","userDefined ":false}],"isTemplate":false},
{"data":[{"text":"why did you decline my card at sfo","userDefined ":false}],"isTemplate":false},
{"data":[{"text":"find out why my card was declined","userDefined ":false}],"isTemplate":false},
{"data":[{"text":"i was at target trying to buy candles and my card got declined","userDefined ":false}],"isTemplate":false},
{"data":[{"text":"tell me why was my card declined at the zoo","userDefined ":false}],"isTemplate":false},
{"data":[{"text":"i wish to know why my card was declined","userDefined ":false}],"isTemplate":false}]
