[{"data":[{"text":"what am i allowed to carry on for american airlines","userDefined ":false}],"isTemplate":false},
{"data":[{"text":"what are the carry on rules for united","userDefined ":false}],"isTemplate":false},
{"data":[{"text":"what can't i carry-on to delta","userDefined ":false}],"isTemplate":false},
{"data":[{"text":"tell me united's carry on policy","userDefined ":false}],"isTemplate":false},
{"data":[{"text":"what is the carry on limit","userDefined ":false}],"isTemplate":false},
{"data":[{"text":"what should i know about the carry on policy for american","userDefined ":false}],"isTemplate":false},
{"data":[{"text":"if i fly internationally, do brittish airwaiys have carry-on limitations","userDefined ":false}],"isTemplate":false},
{"data":[{"text":"what are the rules for carry on luggage for delta","userDefined ":false}],"isTemplate":false},
{"data":[{"text":"can i have 3 carry ons with delta at jfk","userDefined ":false}],"isTemplate":false},
{"data":[{"text":"how many carry ons are allowed on a flight with wow to iceland","userDefined ":false}],"isTemplate":false},
{"data":[{"text":"what are the requirements for carry on on flights with united airlines","userDefined ":false}],"isTemplate":false},
{"data":[{"text":"does delta allow more than one carry on when traveling to miami","userDefined ":false}],"isTemplate":false},
{"data":[{"text":"could you list out the carry-on restrictions for american airlines","userDefined ":false}],"isTemplate":false},
{"data":[{"text":"do i have to pay for carry-ons on delta","userDefined ":false}],"isTemplate":false},
{"data":[{"text":"if i take a flight on pan am to denver, how many carry ons are included","userDefined ":false}],"isTemplate":false},
{"data":[{"text":"how many bags can i carry-on for flights on singapore airlines","userDefined ":false}],"isTemplate":false},
{"data":[{"text":"how many carry ons can i take on a flight with american airlines to seattle","userDefined ":false}],"isTemplate":false},
{"data":[{"text":"when taking a flight with porter to toronto, how many carry ons can i take","userDefined ":false}],"isTemplate":false},
{"data":[{"text":"on a flight with allegiant to orlando, how many carry ons can i take","userDefined ":false}],"isTemplate":false},
{"data":[{"text":"would you let me know the carry-on restrictions for american airlines","userDefined ":false}],"isTemplate":false},
{"data":[{"text":"how many carry ons can i take on a flight with delta to mexico city","userDefined ":false}],"isTemplate":false},
{"data":[{"text":"what are the carry-on rules","userDefined ":false}],"isTemplate":false},
{"data":[{"text":"when taking a flight with lion to singapore, how many carry ons are allowed","userDefined ":false}],"isTemplate":false},
{"data":[{"text":"what are the rules regarding carry-on baggage for flights on virgin airlines","userDefined ":false}],"isTemplate":false},
{"data":[{"text":"what's restricted in my carry-on with united","userDefined ":false}],"isTemplate":false},
{"data":[{"text":"does jet blue have any carry-on restrictions","userDefined ":false}],"isTemplate":false},
{"data":[{"text":"i need to know the carry-on restrictions for united airlines","userDefined ":false}],"isTemplate":false},
{"data":[{"text":"how many carry ons will american let me take for a flight to los vegas","userDefined ":false}],"isTemplate":false},
{"data":[{"text":"does delta have carry-on restrictions","userDefined ":false}],"isTemplate":false},
{"data":[{"text":"how many carry ons can i take on a flight with jet blue to washington dc","userDefined ":false}],"isTemplate":false},
{"data":[{"text":"what are the carry-on restrictions for singapore airlines","userDefined ":false}],"isTemplate":false},
{"data":[{"text":"tell me the carry on rules","userDefined ":false}],"isTemplate":false},
{"data":[{"text":"i am flying jetblue and need to know what the most number of bags are that i can carry on","userDefined ":false}],"isTemplate":false},
{"data":[{"text":"am i limited in carry ons for jet blue","userDefined ":false}],"isTemplate":false},
{"data":[{"text":"am i allowed carry ons for my flight with westjet to edmonton","userDefined ":false}],"isTemplate":false},
{"data":[{"text":"what are the carry-on restrictions for united","userDefined ":false}],"isTemplate":false},
{"data":[{"text":"does united airlines allow more than one carry on","userDefined ":false}],"isTemplate":false},
{"data":[{"text":"what are the carry-on restrictions for delta","userDefined ":false}],"isTemplate":false},
{"data":[{"text":"would you let me know how many carry ons i can take on a flight with southwest airlines to miami","userDefined ":false}],"isTemplate":false},
{"data":[{"text":"is there a carry on weight limit","userDefined ":false}],"isTemplate":false},
{"data":[{"text":"please find the rules for carry on when flying with spirit airlines","userDefined ":false}],"isTemplate":false},
{"data":[{"text":"what are the carry-on restrictions for southwest airlines","userDefined ":false}],"isTemplate":false},
{"data":[{"text":"how my carry ons does spirit airlines allow me for a flight to dallas","userDefined ":false}],"isTemplate":false},
{"data":[{"text":"can you tell me jet blue airlines' carry on policy","userDefined ":false}],"isTemplate":false},
{"data":[{"text":"what is the carry-on policy say for flights on delta airlines","userDefined ":false}],"isTemplate":false},
{"data":[{"text":"search for carry on rules for flights on delta airlines","userDefined ":false}],"isTemplate":false},
{"data":[{"text":"carry-on restrictions for air emirates","userDefined ":false}],"isTemplate":false},
{"data":[{"text":"which rules does delta have for carry on","userDefined ":false}],"isTemplate":false},
{"data":[{"text":"tell me the carry-on restrictions for united airlines","userDefined ":false}],"isTemplate":false},
{"data":[{"text":"let me know the rules for carry ons for continental","userDefined ":false}],"isTemplate":false}]