[{"data":[{"text":"hey, slow down and take your time","userDefined ":false}],"isTemplate":false},
{"data":[{"text":"how do i speed up the speech of this ai","userDefined ":false}],"isTemplate":false},
{"data":[{"text":"speak slower","userDefined ":false}],"isTemplate":false},
{"data":[{"text":"can you speak slower please","userDefined ":false}],"isTemplate":false},
{"data":[{"text":"reduce your speed of voice","userDefined ":false}],"isTemplate":false},
{"data":[{"text":"can you speak a little faster, please","userDefined ":false}],"isTemplate":false},
{"data":[{"text":"can you slow your speaking down","userDefined ":false}],"isTemplate":false},
{"data":[{"text":"make your speed a bit slower","userDefined ":false}],"isTemplate":false},
{"data":[{"text":"i need to change your voice settings","userDefined ":false}],"isTemplate":false},
{"data":[{"text":"slow your speech down","userDefined ":false}],"isTemplate":false},
{"data":[{"text":"is it possible to speed up of your replies","userDefined ":false}],"isTemplate":false},
{"data":[{"text":"slow down your talking","userDefined ":false}],"isTemplate":false},
{"data":[{"text":"change the speed of your voice to slower","userDefined ":false}],"isTemplate":false},
{"data":[{"text":"speed up your speech","userDefined ":false}],"isTemplate":false},
{"data":[{"text":"will you speak more rapidly","userDefined ":false}],"isTemplate":false},
{"data":[{"text":"can you slow down","userDefined ":false}],"isTemplate":false},
{"data":[{"text":"i want you to speak to me faster","userDefined ":false}],"isTemplate":false},
{"data":[{"text":"sorry, can you speak a little faster, please","userDefined ":false}],"isTemplate":false},
{"data":[{"text":"i can't understand you because of how rapidly you're speaking","userDefined ":false}],"isTemplate":false},
{"data":[{"text":"can you please talk slower","userDefined ":false}],"isTemplate":false},
{"data":[{"text":"i want you to talk more slowly","userDefined ":false}],"isTemplate":false},
{"data":[{"text":"please slow down i can't understand you","userDefined ":false}],"isTemplate":false},
{"data":[{"text":"please increase the speed of your speech, it is too slow","userDefined ":false}],"isTemplate":false},
{"data":[{"text":"slow down your talking too fast i don't understand you","userDefined ":false}],"isTemplate":false},
{"data":[{"text":"i want your speech settings to be made slower","userDefined ":false}],"isTemplate":false},
{"data":[{"text":"can you slow down your speech","userDefined ":false}],"isTemplate":false},
{"data":[{"text":"how do i change your options so that you speak more slowly","userDefined ":false}],"isTemplate":false},
{"data":[{"text":"decrease the speed of your speech please","userDefined ":false}],"isTemplate":false},
{"data":[{"text":"can you change how fast you're talking to speak more slowly","userDefined ":false}],"isTemplate":false},
{"data":[{"text":"speed up your talking please","userDefined ":false}],"isTemplate":false},
{"data":[{"text":"slow the speech down","userDefined ":false}],"isTemplate":false},
{"data":[{"text":"can you talk slower please","userDefined ":false}],"isTemplate":false},
{"data":[{"text":"slow down your speech","userDefined ":false}],"isTemplate":false},
{"data":[{"text":"can you please not talk so fast","userDefined ":false}],"isTemplate":false},
{"data":[{"text":"can you please talk faster","userDefined ":false}],"isTemplate":false},
{"data":[{"text":"speak at a slower rate","userDefined ":false}],"isTemplate":false},
{"data":[{"text":"present your speech at a slower pace","userDefined ":false}],"isTemplate":false},
{"data":[{"text":"please slow down how you're speaking","userDefined ":false}],"isTemplate":false},
{"data":[{"text":"you're speaking too fast and i need to change that","userDefined ":false}],"isTemplate":false},
{"data":[{"text":"you're talking too fast i need you to slow it down","userDefined ":false}],"isTemplate":false},
{"data":[{"text":"please don't speak so fast","userDefined ":false}],"isTemplate":false},
{"data":[{"text":"could you not talk so slowly","userDefined ":false}],"isTemplate":false},
{"data":[{"text":"speak slower please","userDefined ":false}],"isTemplate":false},
{"data":[{"text":"whoa whoa please slow down","userDefined ":false}],"isTemplate":false},
{"data":[{"text":"please use a quicker rate of speech","userDefined ":false}],"isTemplate":false},
{"data":[{"text":"can i get you to talk at a slightly faster rate","userDefined ":false}],"isTemplate":false},
{"data":[{"text":"can you speed up your speech please","userDefined ":false}],"isTemplate":false},
{"data":[{"text":"can you speak faster please","userDefined ":false}],"isTemplate":false},
{"data":[{"text":"where do i find instructions on how to speed up voice replies","userDefined ":false}],"isTemplate":false},
{"data":[{"text":"speak faster, please","userDefined ":false}],"isTemplate":false}]
