[{"data":[{"text":"please change the ai name for me","userDefined ":false}],"isTemplate":false},
{"data":[{"text":"change the name of your system","userDefined ":false}],"isTemplate":false},
{"data":[{"text":"i'm going to start calling you kobe now","userDefined ":false}],"isTemplate":false},
{"data":[{"text":"i think bradley is a better name for you","userDefined ":false}],"isTemplate":false},
{"data":[{"text":"i want to update you name now","userDefined ":false}],"isTemplate":false},
{"data":[{"text":"i will call you zander","userDefined ":false}],"isTemplate":false},
{"data":[{"text":"change the ai name to a new one","userDefined ":false}],"isTemplate":false},
{"data":[{"text":"x will be your name","userDefined ":false}],"isTemplate":false},
{"data":[{"text":"your name will be queen","userDefined ":false}],"isTemplate":false},
{"data":[{"text":"i would like to change your name to eli","userDefined ":false}],"isTemplate":false},
{"data":[{"text":"please change the name of you to tim","userDefined ":false}],"isTemplate":false},
{"data":[{"text":"please respond to me when i reference skynet","userDefined ":false}],"isTemplate":false},
{"data":[{"text":"from now on, your name will be buttercup","userDefined ":false}],"isTemplate":false},
{"data":[{"text":"i want to change your name, please","userDefined ":false}],"isTemplate":false},
{"data":[{"text":"i am wanting to change your name to felix","userDefined ":false}],"isTemplate":false},
{"data":[{"text":"i'd like to use another name for you","userDefined ":false}],"isTemplate":false},
{"data":[{"text":"change your name to something funny","userDefined ":false}],"isTemplate":false},
{"data":[{"text":"i want to start calling you marie","userDefined ":false}],"isTemplate":false},
{"data":[{"text":"rename yourself to betty","userDefined ":false}],"isTemplate":false},
{"data":[{"text":"can i refer to you as liz","userDefined ":false}],"isTemplate":false},
{"data":[{"text":"can i make your name different","userDefined ":false}],"isTemplate":false},
{"data":[{"text":"i want your new name to be joshua","userDefined ":false}],"isTemplate":false},
{"data":[{"text":"from now, your new name will be lord vader","userDefined ":false}],"isTemplate":false},
{"data":[{"text":"i gotta change your name to remy","userDefined ":false}],"isTemplate":false},
{"data":[{"text":"i need to change your name to ben","userDefined ":false}],"isTemplate":false},
{"data":[{"text":"from now on i'm going to call you ishmael","userDefined ":false}],"isTemplate":false},
{"data":[{"text":"can i change your name to buttercup","userDefined ":false}],"isTemplate":false},
{"data":[{"text":"can i start calling you chris","userDefined ":false}],"isTemplate":false},
{"data":[{"text":"can i change your name to bob","userDefined ":false}],"isTemplate":false},
{"data":[{"text":"i'd like to refer to you as my house from now on","userDefined ":false}],"isTemplate":false},
{"data":[{"text":"can i begin calling you dave","userDefined ":false}],"isTemplate":false},
{"data":[{"text":"x is what i am calling you now","userDefined ":false}],"isTemplate":false},
{"data":[{"text":"alter the name given to the ai","userDefined ":false}],"isTemplate":false},
{"data":[{"text":"i want to update you name","userDefined ":false}],"isTemplate":false},
{"data":[{"text":"make a new name for the ai","userDefined ":false}],"isTemplate":false},
{"data":[{"text":"you need to respond to a new name called joey","userDefined ":false}],"isTemplate":false},
{"data":[{"text":"let's change what you respond to","userDefined ":false}],"isTemplate":false},
{"data":[{"text":"can i rename you","userDefined ":false}],"isTemplate":false},
{"data":[{"text":"if i may, i'd like to call you slave","userDefined ":false}],"isTemplate":false},
{"data":[{"text":"can i call you betty","userDefined ":false}],"isTemplate":false},
{"data":[{"text":"how can i change your name","userDefined ":false}],"isTemplate":false},
{"data":[{"text":"i want to start calling you bob","userDefined ":false}],"isTemplate":false},
{"data":[{"text":"i need to change your name, do you have a new name that you like","userDefined ":false}],"isTemplate":false},
{"data":[{"text":"i want to change your name to another name","userDefined ":false}],"isTemplate":false},
{"data":[{"text":"change your name to ginger","userDefined ":false}],"isTemplate":false},
{"data":[{"text":"i'm going to start calling you alice","userDefined ":false}],"isTemplate":false},
{"data":[{"text":"i want to change the name i call you to juan","userDefined ":false}],"isTemplate":false},
{"data":[{"text":"can i change your name","userDefined ":false}],"isTemplate":false},
{"data":[{"text":"i'm calling you rupert from now on","userDefined ":false}],"isTemplate":false},
{"data":[{"text":"x is your new nickname","userDefined ":false}],"isTemplate":false}]
