[{"data":[{"text":"my name's frank","userDefined ":false}],"isTemplate":false},
{"data":[{"text":"my name is john","userDefined ":false}],"isTemplate":false},
{"data":[{"text":"i want to be called mollie","userDefined ":false}],"isTemplate":false},
{"data":[{"text":"they call me josh","userDefined ":false}],"isTemplate":false},
{"data":[{"text":"can i change my nickname","userDefined ":false}],"isTemplate":false},
{"data":[{"text":"i'd like you to refer to me as bob","userDefined ":false}],"isTemplate":false},
{"data":[{"text":"call me carrie","userDefined ":false}],"isTemplate":false},
{"data":[{"text":"i go by stefan","userDefined ":false}],"isTemplate":false},
{"data":[{"text":"my friends call me sam","userDefined ":false}],"isTemplate":false},
{"data":[{"text":"my name is stu, not sue!","userDefined ":false}],"isTemplate":false},
{"data":[{"text":"can i have you call me something else","userDefined ":false}],"isTemplate":false},
{"data":[{"text":"call me ishmael","userDefined ":false}],"isTemplate":false},
{"data":[{"text":"can i change what you call me","userDefined ":false}],"isTemplate":false},
{"data":[{"text":"you can call me alan","userDefined ":false}],"isTemplate":false},
{"data":[{"text":"only call me dan","userDefined ":false}],"isTemplate":false},
{"data":[{"text":"i want you to start referring to me as lucky","userDefined ":false}],"isTemplate":false},
{"data":[{"text":"please stop calling me dave, my name's bob","userDefined ":false}],"isTemplate":false},
{"data":[{"text":"can you call me something else","userDefined ":false}],"isTemplate":false},
{"data":[{"text":"please call me johnny","userDefined ":false}],"isTemplate":false},
{"data":[{"text":"call me mary","userDefined ":false}],"isTemplate":false},
{"data":[{"text":"change my name to master","userDefined ":false}],"isTemplate":false},
{"data":[{"text":"is there a way i can change the name you use to address me","userDefined ":false}],"isTemplate":false},
{"data":[{"text":"feel free to call me jim","userDefined ":false}],"isTemplate":false},
{"data":[{"text":"please change my name to loverboy","userDefined ":false}],"isTemplate":false},
{"data":[{"text":"my name's bob","userDefined ":false}],"isTemplate":false},
{"data":[{"text":"call me frank","userDefined ":false}],"isTemplate":false},
{"data":[{"text":"you can call me al","userDefined ":false}],"isTemplate":false},
{"data":[{"text":"you can call me carrie","userDefined ":false}],"isTemplate":false},
{"data":[{"text":"you can refer to me as frank","userDefined ":false}],"isTemplate":false},
{"data":[{"text":"you can call me sarah","userDefined ":false}],"isTemplate":false},
{"data":[{"text":"call me stevie","userDefined ":false}],"isTemplate":false},
{"data":[{"text":"i need to change my username","userDefined ":false}],"isTemplate":false},
{"data":[{"text":"i want to be called by mary","userDefined ":false}],"isTemplate":false},
{"data":[{"text":"i need you to call me mary","userDefined ":false}],"isTemplate":false},
{"data":[{"text":"hi, i'm john","userDefined ":false}],"isTemplate":false},
{"data":[{"text":"talk to me by calling me this name from now on","userDefined ":false}],"isTemplate":false},
{"data":[{"text":"i would like you to call me mary","userDefined ":false}],"isTemplate":false},
{"data":[{"text":"just call me sam","userDefined ":false}],"isTemplate":false},
{"data":[{"text":"i need to change my name to something else for you to call me","userDefined ":false}],"isTemplate":false},
{"data":[{"text":"the name i go by is sandy","userDefined ":false}],"isTemplate":false},
{"data":[{"text":"you can call me jeff","userDefined ":false}],"isTemplate":false},
{"data":[{"text":"i want you to call me lord","userDefined ":false}],"isTemplate":false},
{"data":[{"text":"i go by ted","userDefined ":false}],"isTemplate":false},
{"data":[{"text":"you can call me steve","userDefined ":false}],"isTemplate":false},
{"data":[{"text":"they call me john","userDefined ":false}],"isTemplate":false},
{"data":[{"text":"i want you to call me pam","userDefined ":false}],"isTemplate":false},
{"data":[{"text":"my name is brad","userDefined ":false}],"isTemplate":false},
{"data":[{"text":"change the name that you call me","userDefined ":false}],"isTemplate":false},
{"data":[{"text":"i'd like you to call me something different","userDefined ":false}],"isTemplate":false},
{"data":[{"text":"people call me gary","userDefined ":false}],"isTemplate":false}]
