[{"data":[{"text":"can i increase my volume","userDefined ":false}],"isTemplate":false},
{"data":[{"text":"volume needs to be at 4","userDefined ":false}],"isTemplate":false},
{"data":[{"text":"go now and increase the volume to 4 please","userDefined ":false}],"isTemplate":false},
{"data":[{"text":"please your volume","userDefined ":false}],"isTemplate":false},
{"data":[{"text":"i'd like it to be louder","userDefined ":false}],"isTemplate":false},
{"data":[{"text":"i need it louder","userDefined ":false}],"isTemplate":false},
{"data":[{"text":"set volume higher","userDefined ":false}],"isTemplate":false},
{"data":[{"text":"please increase your volume","userDefined ":false}],"isTemplate":false},
{"data":[{"text":"the volume should be decreased","userDefined ":false}],"isTemplate":false},
{"data":[{"text":"go ahead and put the volume to 4","userDefined ":false}],"isTemplate":false},
{"data":[{"text":"increase the volume level to 4, please","userDefined ":false}],"isTemplate":false},
{"data":[{"text":"please increase the volume to 4 please","userDefined ":false}],"isTemplate":false},
{"data":[{"text":"make the sound of my speaker greater","userDefined ":false}],"isTemplate":false},
{"data":[{"text":"would you please increase your speaker volume","userDefined ":false}],"isTemplate":false},
{"data":[{"text":"i would like the volume lower","userDefined ":false}],"isTemplate":false},
{"data":[{"text":"limit your volume","userDefined ":false}],"isTemplate":false},
{"data":[{"text":"raise the volume to 4 please","userDefined ":false}],"isTemplate":false},
{"data":[{"text":"raise volume","userDefined ":false}],"isTemplate":false},
{"data":[{"text":"please go ahead and increase your speaker volume","userDefined ":false}],"isTemplate":false},
{"data":[{"text":"the sound is too low","userDefined ":false}],"isTemplate":false},
{"data":[{"text":"can my volume be increased","userDefined ":false}],"isTemplate":false},
{"data":[{"text":"increase your voice box","userDefined ":false}],"isTemplate":false},
{"data":[{"text":"change the speaker volume to a louder one","userDefined ":false}],"isTemplate":false},
{"data":[{"text":"make the speakers louder","userDefined ":false}],"isTemplate":false},
{"data":[{"text":"lower the volume","userDefined ":false}],"isTemplate":false},
{"data":[{"text":"bring the sound up","userDefined ":false}],"isTemplate":false},
{"data":[{"text":"turn it up please","userDefined ":false}],"isTemplate":false},
{"data":[{"text":"turn volume to the number 4 setting","userDefined ":false}],"isTemplate":false},
{"data":[{"text":"decrease volume","userDefined ":false}],"isTemplate":false},
{"data":[{"text":"make the volume louder","userDefined ":false}],"isTemplate":false},
{"data":[{"text":"boost volume to 4","userDefined ":false}],"isTemplate":false},
{"data":[{"text":"please raise volume","userDefined ":false}],"isTemplate":false},
{"data":[{"text":"please speak louder","userDefined ":false}],"isTemplate":false},
{"data":[{"text":"turn down your volume","userDefined ":false}],"isTemplate":false},
{"data":[{"text":"i want to increase your volume","userDefined ":false}],"isTemplate":false},
{"data":[{"text":"you must increase the volume to 4 please","userDefined ":false}],"isTemplate":false},
{"data":[{"text":"increase the volume level to 4 now","userDefined ":false}],"isTemplate":false},
{"data":[{"text":"set the volume to 4 now","userDefined ":false}],"isTemplate":false},
{"data":[{"text":"i want you to your volume","userDefined ":false}],"isTemplate":false},
{"data":[{"text":"turn your voice box down","userDefined ":false}],"isTemplate":false},
{"data":[{"text":"please increase the volume to 4","userDefined ":false}],"isTemplate":false},
{"data":[{"text":"can you please turn the volume to 4","userDefined ":false}],"isTemplate":false},
{"data":[{"text":"can you rise the volume of this please","userDefined ":false}],"isTemplate":false},
{"data":[{"text":"please increase volume","userDefined ":false}],"isTemplate":false},
{"data":[{"text":"can you turn this down","userDefined ":false}],"isTemplate":false},
{"data":[{"text":"go ahead and your volume","userDefined ":false}],"isTemplate":false},
{"data":[{"text":"please make sure the volume is on 4","userDefined ":false}],"isTemplate":false},
{"data":[{"text":"turn the volume up","userDefined ":false}],"isTemplate":false},
{"data":[{"text":"i'd like to turn up the volume","userDefined ":false}],"isTemplate":false},
{"data":[{"text":"i want volume set to 4","userDefined ":false}],"isTemplate":false}]