[{"data":[{"text":"how do i change the language that your responses are delivered in","userDefined ":false}],"isTemplate":false},
{"data":[{"text":"can i change your language","userDefined ":false}],"isTemplate":false},
{"data":[{"text":"can you speak to me in chinese","userDefined ":false}],"isTemplate":false},
{"data":[{"text":"what languages can i switch to for your responses","userDefined ":false}],"isTemplate":false},
{"data":[{"text":"i want to hear from you in german","userDefined ":false}],"isTemplate":false},
{"data":[{"text":"can you speak in french","userDefined ":false}],"isTemplate":false},
{"data":[{"text":"change your language to spanish please","userDefined ":false}],"isTemplate":false},
{"data":[{"text":"can you talk in spanish","userDefined ":false}],"isTemplate":false},
{"data":[{"text":"can you speak to me in french","userDefined ":false}],"isTemplate":false},
{"data":[{"text":"make your preferred language english","userDefined ":false}],"isTemplate":false},
{"data":[{"text":"i want to put you in a different language","userDefined ":false}],"isTemplate":false},
{"data":[{"text":"let's speak in mandarin instead of english","userDefined ":false}],"isTemplate":false},
{"data":[{"text":"please give me your responses only in french from now on","userDefined ":false}],"isTemplate":false},
{"data":[{"text":"from now on, i want you to answer me using japanese","userDefined ":false}],"isTemplate":false},
{"data":[{"text":"i want us to speak to each other in spanish from now on","userDefined ":false}],"isTemplate":false},
{"data":[{"text":"i would like to change your language from portuguese to italian","userDefined ":false}],"isTemplate":false},
{"data":[{"text":"change language to french, please","userDefined ":false}],"isTemplate":false},
{"data":[{"text":"i need your language setting to be russian now","userDefined ":false}],"isTemplate":false},
{"data":[{"text":"is it ok if i start speaking to you in german","userDefined ":false}],"isTemplate":false},
{"data":[{"text":"i want you to address me in italian","userDefined ":false}],"isTemplate":false},
{"data":[{"text":"change the native language","userDefined ":false}],"isTemplate":false},
{"data":[{"text":"talk to me in italian from now on","userDefined ":false}],"isTemplate":false},
{"data":[{"text":"can you translate that to french","userDefined ":false}],"isTemplate":false},
{"data":[{"text":"you should respond in english","userDefined ":false}],"isTemplate":false},
{"data":[{"text":"is there an option to speak only in mandarin","userDefined ":false}],"isTemplate":false},
{"data":[{"text":"i would like to have language set to spanish, please","userDefined ":false}],"isTemplate":false},
{"data":[{"text":"i want to edit the language","userDefined ":false}],"isTemplate":false},
{"data":[{"text":"i need to change my speaking to spanish","userDefined ":false}],"isTemplate":false},
{"data":[{"text":"i need to switch the language for your responses","userDefined ":false}],"isTemplate":false},
{"data":[{"text":"how can i adjust the spoken language","userDefined ":false}],"isTemplate":false},
{"data":[{"text":"can you change your language to japanese","userDefined ":false}],"isTemplate":false},
{"data":[{"text":"i need to change the language to french","userDefined ":false}],"isTemplate":false},
{"data":[{"text":"switch the language for your responses, please","userDefined ":false}],"isTemplate":false},
{"data":[{"text":"please talk to me in spanish","userDefined ":false}],"isTemplate":false},
{"data":[{"text":"answer me in french","userDefined ":false}],"isTemplate":false},
{"data":[{"text":"can i give you instructions in japanese","userDefined ":false}],"isTemplate":false},
{"data":[{"text":"switch the language setting over to german","userDefined ":false}],"isTemplate":false},
{"data":[{"text":"do you know french","userDefined ":false}],"isTemplate":false},
{"data":[{"text":"speak in the language english","userDefined ":false}],"isTemplate":false},
{"data":[{"text":"can you talk to me in italian","userDefined ":false}],"isTemplate":false},
{"data":[{"text":"change the language you're using to american english","userDefined ":false}],"isTemplate":false},
{"data":[{"text":"please change the language that you are responding in","userDefined ":false}],"isTemplate":false},
{"data":[{"text":"please respond in latin from now on","userDefined ":false}],"isTemplate":false},
{"data":[{"text":"please change your language setting to spanish","userDefined ":false}],"isTemplate":false},
{"data":[{"text":"i will be speaking chinese going forward","userDefined ":false}],"isTemplate":false},
{"data":[{"text":"can i speak to you in german","userDefined ":false}],"isTemplate":false},
{"data":[{"text":"can i start talking to you in french","userDefined ":false}],"isTemplate":false},
{"data":[{"text":"i need to change language to spanish","userDefined ":false}],"isTemplate":false},
{"data":[{"text":"please speak german to me from now on","userDefined ":false}],"isTemplate":false},
{"data":[{"text":"the language i am using will now be italian","userDefined ":false}],"isTemplate":false}]
