[{"data":[{"text":"switch to female voice","userDefined ":false}],"isTemplate":false},
{"data":[{"text":"i want to change what accent you use","userDefined ":false}],"isTemplate":false},
{"data":[{"text":"change to female voice","userDefined ":false}],"isTemplate":false},
{"data":[{"text":"try using a different accent","userDefined ":false}],"isTemplate":false},
{"data":[{"text":"go ahead and switch to the male voice","userDefined ":false}],"isTemplate":false},
{"data":[{"text":"change to a male voice","userDefined ":false}],"isTemplate":false},
{"data":[{"text":"switch to a different accent","userDefined ":false}],"isTemplate":false},
{"data":[{"text":"i want to use the female voice now","userDefined ":false}],"isTemplate":false},
{"data":[{"text":"if you can do accents, i want to hear you talk like david bowie","userDefined ":false}],"isTemplate":false},
{"data":[{"text":"can you speak like a british dude","userDefined ":false}],"isTemplate":false},
{"data":[{"text":"please talk to me in the male british accent","userDefined ":false}],"isTemplate":false},
{"data":[{"text":"please change to the female voice","userDefined ":false}],"isTemplate":false},
{"data":[{"text":"please set to female voice","userDefined ":false}],"isTemplate":false},
{"data":[{"text":"i would prefer to hear the female voice","userDefined ":false}],"isTemplate":false},
{"data":[{"text":"please change your accent to a british male","userDefined ":false}],"isTemplate":false},
{"data":[{"text":"i prefer female voice now","userDefined ":false}],"isTemplate":false},
{"data":[{"text":"can you use a different accent","userDefined ":false}],"isTemplate":false},
{"data":[{"text":"set to female voice","userDefined ":false}],"isTemplate":false},
{"data":[{"text":"use your male voice","userDefined ":false}],"isTemplate":false},
{"data":[{"text":"please use a male voice when speaking","userDefined ":false}],"isTemplate":false},
{"data":[{"text":"use a new accent","userDefined ":false}],"isTemplate":false},
{"data":[{"text":"can you use male voice","userDefined ":false}],"isTemplate":false},
{"data":[{"text":"use male voice","userDefined ":false}],"isTemplate":false},
{"data":[{"text":"use a male voice instead","userDefined ":false}],"isTemplate":false},
{"data":[{"text":"can i hear the male voice please","userDefined ":false}],"isTemplate":false},
{"data":[{"text":"switch over from female to the male voice","userDefined ":false}],"isTemplate":false},
{"data":[{"text":"please change your accent to the male british one","userDefined ":false}],"isTemplate":false},
{"data":[{"text":"please start using female voice","userDefined ":false}],"isTemplate":false},
{"data":[{"text":"switch over to the male voice mode","userDefined ":false}],"isTemplate":false},
{"data":[{"text":"i must to the female voice","userDefined ":false}],"isTemplate":false},
{"data":[{"text":"use a male voice now","userDefined ":false}],"isTemplate":false},
{"data":[{"text":"use female voice now instead","userDefined ":false}],"isTemplate":false},
{"data":[{"text":"i want you to change your accent to the male british one","userDefined ":false}],"isTemplate":false},
{"data":[{"text":"could you talk like a british male","userDefined ":false}],"isTemplate":false},
{"data":[{"text":"go ahead and change your accent to the male british one","userDefined ":false}],"isTemplate":false},
{"data":[{"text":"switch to british male accent","userDefined ":false}],"isTemplate":false},
{"data":[{"text":"please use male voice","userDefined ":false}],"isTemplate":false},
{"data":[{"text":"go ahead and switch to the female voice","userDefined ":false}],"isTemplate":false},
{"data":[{"text":"can you swap to male voice","userDefined ":false}],"isTemplate":false},
{"data":[{"text":"i want your accent changed to the male british one","userDefined ":false}],"isTemplate":false},
{"data":[{"text":"i need for you to change your accent to the male british one","userDefined ":false}],"isTemplate":false},
{"data":[{"text":"please use your female voice","userDefined ":false}],"isTemplate":false},
{"data":[{"text":"switch from the male to the female voice","userDefined ":false}],"isTemplate":false},
{"data":[{"text":"switch to male british accent","userDefined ":false}],"isTemplate":false},
{"data":[{"text":"speak in a different accent","userDefined ":false}],"isTemplate":false},
{"data":[{"text":"i want to hear the female voice option","userDefined ":false}],"isTemplate":false},
{"data":[{"text":"speak as a british male","userDefined ":false}],"isTemplate":false},
{"data":[{"text":"change the accent you're speaking in","userDefined ":false}],"isTemplate":false},
{"data":[{"text":"do a british male accent only","userDefined ":false}],"isTemplate":false},
{"data":[{"text":"i wanna switch to the male voice","userDefined ":false}],"isTemplate":false}]