[{"data":[{"text":"i really want to confirm that i have a reservation at red robin for josh","userDefined ":false}],"isTemplate":false},
{"data":[{"text":"confirm my reservation for red robin at 8","userDefined ":false}],"isTemplate":false},
{"data":[{"text":"i need to confirm that i have a reservation at red robin for josh","userDefined ":false}],"isTemplate":false},
{"data":[{"text":"do i still have the reservation on march 21 at 8pm","userDefined ":false}],"isTemplate":false},
{"data":[{"text":"can you confirm my reservation for kevin at red robin","userDefined ":false}],"isTemplate":false},
{"data":[{"text":"verify that my reservations at won wons for joe lee are good","userDefined ":false}],"isTemplate":false},
{"data":[{"text":"can you confirm i have a reservation at 5 pm on march 13th","userDefined ":false}],"isTemplate":false},
{"data":[{"text":"can you confirm my reservation for chillis at 8:00","userDefined ":false}],"isTemplate":false},
{"data":[{"text":"i really need you to confirm my reservation for kevin at red robin","userDefined ":false}],"isTemplate":false},
{"data":[{"text":"will you check there is a reservation for laura at black pearl","userDefined ":false}],"isTemplate":false},
{"data":[{"text":"can you confirm my reservation for 6 pm on the 13th of february","userDefined ":false}],"isTemplate":false},
{"data":[{"text":"please confirm my reservation for april 1st at 9am","userDefined ":false}],"isTemplate":false},
{"data":[{"text":"confirm my reservation at dino's at 6 pm","userDefined ":false}],"isTemplate":false},
{"data":[{"text":"please confirm my reservation for red robin at 9","userDefined ":false}],"isTemplate":false},
{"data":[{"text":"can you check that i have a reservation on february 28th for 3 in the afternoon","userDefined ":false}],"isTemplate":false},
{"data":[{"text":"does taco house have a reservation for jean","userDefined ":false}],"isTemplate":false},
{"data":[{"text":"check and confirm reservations at ruth chris for carol lee","userDefined ":false}],"isTemplate":false},
{"data":[{"text":"verify that i have reservations at chilis for john doe","userDefined ":false}],"isTemplate":false},
{"data":[{"text":"do i have reservations at creme at 7 pm","userDefined ":false}],"isTemplate":false},
{"data":[{"text":"i would like you to confirm my reservation for next saturday at 11 am","userDefined ":false}],"isTemplate":false},
{"data":[{"text":"can you confirm my reservation for minnis at 4:00","userDefined ":false}],"isTemplate":false},
{"data":[{"text":"please confirm my reservation for kevin at red robin","userDefined ":false}],"isTemplate":false},
{"data":[{"text":"can you assure me i have a table at taco bell at 7pm","userDefined ":false}],"isTemplate":false},
{"data":[{"text":"make sure my reservation is happening for john at olive garden","userDefined ":false}],"isTemplate":false},
{"data":[{"text":"i would like to try and confirm that i have a reservation at hu hot for paulie","userDefined ":false}],"isTemplate":false},
{"data":[{"text":"can you confirm my reservation for 8 pm on the 7th of november","userDefined ":false}],"isTemplate":false},
{"data":[{"text":"i would like to try and confirm that i have a reservation at macaroni grill for saul","userDefined ":false}],"isTemplate":false},
{"data":[{"text":"i would like to try and confirm that i have a reservation at chili's for jamie","userDefined ":false}],"isTemplate":false},
{"data":[{"text":"confirm a reservation for nicole brown at diangelo's at 6:45 pm, please","userDefined ":false}],"isTemplate":false},
{"data":[{"text":"will you please confirm my reservation for march 11 at 6:30 pm","userDefined ":false}],"isTemplate":false},
{"data":[{"text":"i'd like to confirm my reservation for 2/20 at 8 pm","userDefined ":false}],"isTemplate":false},
{"data":[{"text":"i would like to try and confirm that i have a reservation at chili\u00e2\u20ac\u2122s for melinda","userDefined ":false}],"isTemplate":false},
{"data":[{"text":"i wanna try and confirm that i have a reservation at red robin for josh","userDefined ":false}],"isTemplate":false},
{"data":[{"text":"can you verify mike has a reservation at black rock at 6 pm","userDefined ":false}],"isTemplate":false},
{"data":[{"text":"double check my reservation under adam for outback steakhouse","userDefined ":false}],"isTemplate":false},
{"data":[{"text":"can you confirm my reservation for applebees at 2:00","userDefined ":false}],"isTemplate":false},
{"data":[{"text":"i'd like to confirm that i have a reservation at red robin for josh","userDefined ":false}],"isTemplate":false},
{"data":[{"text":"please confirm my reservation for feburary 21st at 6pm","userDefined ":false}],"isTemplate":false},
{"data":[{"text":"do you know if my reservation for dono is confirmed at 8 pm","userDefined ":false}],"isTemplate":false},
{"data":[{"text":"confirm my taco house reservation for jean","userDefined ":false}],"isTemplate":false},
{"data":[{"text":"i would like to try and confirm that i have a reservation at la palapa for bolding","userDefined ":false}],"isTemplate":false},
{"data":[{"text":"i wanna confirm my reservation for 2/20 at 8 pm","userDefined ":false}],"isTemplate":false},
{"data":[{"text":"i would like for you to confirm my reservation for red robin at 5 pm","userDefined ":false}],"isTemplate":false},
{"data":[{"text":"please confirm i have a reservation for 2 pm on february 21st","userDefined ":false}],"isTemplate":false},
{"data":[{"text":"i would like to try and confirm that i have a reservation at houlihan\u00e2\u20ac\u2122s for mike","userDefined ":false}],"isTemplate":false},
{"data":[{"text":"can you check that there's a reservation for mark at sidetracks","userDefined ":false}],"isTemplate":false},
{"data":[{"text":"please confirm my reservation for march 8th at 12:00","userDefined ":false}],"isTemplate":false},
{"data":[{"text":"can you verify my reservation under steve for friendly's","userDefined ":false}],"isTemplate":false},
{"data":[{"text":"please tell me if my reservation is scheduled for sally's at 3 pm","userDefined ":false}],"isTemplate":false},
{"data":[{"text":"is my 10am village inn reservation valid","userDefined ":false}],"isTemplate":false}]
