[{"data":[{"text":"how long does it take to make roast chicken","userDefined ":false}],"isTemplate":false},
{"data":[{"text":"how long does it take pork to cook","userDefined ":false}],"isTemplate":false},
{"data":[{"text":"i want to bake brownies, how long do they bake for","userDefined ":false}],"isTemplate":false},
{"data":[{"text":"how long to reheat chinese food","userDefined ":false}],"isTemplate":false},
{"data":[{"text":"what's the cooking time for chicken alfredo","userDefined ":false}],"isTemplate":false},
{"data":[{"text":"how long do you need to put the cuish in for","userDefined ":false}],"isTemplate":false},
{"data":[{"text":"how long should i wait before i can bake bread with homemade dough","userDefined ":false}],"isTemplate":false},
{"data":[{"text":"how long will it take me to make baked chicken","userDefined ":false}],"isTemplate":false},
{"data":[{"text":"when should i take an apple pie out","userDefined ":false}],"isTemplate":false},
{"data":[{"text":"tell me how long i ought to spend preparing fajitas","userDefined ":false}],"isTemplate":false},
{"data":[{"text":"how long does it take to cook roast beef","userDefined ":false}],"isTemplate":false},
{"data":[{"text":"how long does this dish need to be in the oven","userDefined ":false}],"isTemplate":false},
{"data":[{"text":"about how long should you cook a 10 pound turkey","userDefined ":false}],"isTemplate":false},
{"data":[{"text":"how many minutes do i cook baked ziti","userDefined ":false}],"isTemplate":false},
{"data":[{"text":"for how long should i bake the brownies","userDefined ":false}],"isTemplate":false},
{"data":[{"text":"noodles need to cook for how long","userDefined ":false}],"isTemplate":false},
{"data":[{"text":"how long should i boil noodles for","userDefined ":false}],"isTemplate":false},
{"data":[{"text":"how long does it take to cook a pork chop","userDefined ":false}],"isTemplate":false},
{"data":[{"text":"how long should i cook chicken thighs","userDefined ":false}],"isTemplate":false},
{"data":[{"text":"how long does it take to make shrimp scampi","userDefined ":false}],"isTemplate":false},
{"data":[{"text":"what's the time it takes to make a decent omelette","userDefined ":false}],"isTemplate":false},
{"data":[{"text":"i need to know how long to do a pot roast in a slow cooker","userDefined ":false}],"isTemplate":false},
{"data":[{"text":"if i cook the pizza at 400 degrees how long must it be in for","userDefined ":false}],"isTemplate":false},
{"data":[{"text":"so how long do you think the chicken will take","userDefined ":false}],"isTemplate":false},
{"data":[{"text":"how long should this be in the oven","userDefined ":false}],"isTemplate":false},
{"data":[{"text":"how long to cook a frozen pizza","userDefined ":false}],"isTemplate":false},
{"data":[{"text":"what's the preparation time for spaghetti","userDefined ":false}],"isTemplate":false},
{"data":[{"text":"how long does it take to make lasagna","userDefined ":false}],"isTemplate":false},
{"data":[{"text":"what amount of time do i need to cook lobster for","userDefined ":false}],"isTemplate":false},
{"data":[{"text":"what's the prep time for a garden salad","userDefined ":false}],"isTemplate":false},
{"data":[{"text":"how long do the brownies need to be in the oven","userDefined ":false}],"isTemplate":false},
{"data":[{"text":"how long do i cook this dish of rice","userDefined ":false}],"isTemplate":false},
{"data":[{"text":"how long am i supposed to cook pork loin","userDefined ":false}],"isTemplate":false},
{"data":[{"text":"how long does it take to bake a pork loin","userDefined ":false}],"isTemplate":false},
{"data":[{"text":"how long should i cook the asparagus for","userDefined ":false}],"isTemplate":false},
{"data":[{"text":"what's the cooking time for the cake","userDefined ":false}],"isTemplate":false},
{"data":[{"text":"how long should a cake bake","userDefined ":false}],"isTemplate":false},
{"data":[{"text":"how long will it take to fix shepherd's pie","userDefined ":false}],"isTemplate":false},
{"data":[{"text":"how much time do i need to make the chicken","userDefined ":false}],"isTemplate":false},
{"data":[{"text":"how long should i cook a glazed ham","userDefined ":false}],"isTemplate":false},
{"data":[{"text":"how long should i expect beef stroganoff to prepare","userDefined ":false}],"isTemplate":false},
{"data":[{"text":"how long do you cook a hamburger for","userDefined ":false}],"isTemplate":false},
{"data":[{"text":"how long should i cook a steak for","userDefined ":false}],"isTemplate":false},
{"data":[{"text":"how long should i cook a ny steak","userDefined ":false}],"isTemplate":false},
{"data":[{"text":"how long does it take to cook ham","userDefined ":false}],"isTemplate":false},
{"data":[{"text":"i need the cooking length for a turkey","userDefined ":false}],"isTemplate":false},
{"data":[{"text":"how long do noodles need to cook","userDefined ":false}],"isTemplate":false},
{"data":[{"text":"what is the duration of time cookies should be in the oven","userDefined ":false}],"isTemplate":false},
{"data":[{"text":"how long to i bake the brownies","userDefined ":false}],"isTemplate":false},
{"data":[{"text":"how long do i need to make lasagne","userDefined ":false}],"isTemplate":false}]