[{"data":[{"text":"will you tell me my spending limit","userDefined ":false}],"isTemplate":false},
{"data":[{"text":"tell me my visa's credit limit","userDefined ":false}],"isTemplate":false},
{"data":[{"text":"what's my visa limit","userDefined ":false}],"isTemplate":false},
{"data":[{"text":"what's my visa card's credit limit","userDefined ":false}],"isTemplate":false},
{"data":[{"text":"what is my spending limit on my mastercard","userDefined ":false}],"isTemplate":false},
{"data":[{"text":"what is my limit on my visa card","userDefined ":false}],"isTemplate":false},
{"data":[{"text":"how can i check my credit card limit","userDefined ":false}],"isTemplate":false},
{"data":[{"text":"i need to know what the visa card credit limit is","userDefined ":false}],"isTemplate":false},
{"data":[{"text":"please check my credit limit on my visa","userDefined ":false}],"isTemplate":false},
{"data":[{"text":"tell me the credit limit on my mastercard","userDefined ":false}],"isTemplate":false},
{"data":[{"text":"tel me the credit limit for my credit card","userDefined ":false}],"isTemplate":false},
{"data":[{"text":"how high is my credit limit for my navy federal card","userDefined ":false}],"isTemplate":false},
{"data":[{"text":"could you share what my current credit limit is","userDefined ":false}],"isTemplate":false},
{"data":[{"text":"do you know my credit limit for the visa card","userDefined ":false}],"isTemplate":false},
{"data":[{"text":"how high is my credit limit for my citigroup card","userDefined ":false}],"isTemplate":false},
{"data":[{"text":"how high is my credit limit for my wells fargo card","userDefined ":false}],"isTemplate":false},
{"data":[{"text":"tell me the credit on my mastercard","userDefined ":false}],"isTemplate":false},
{"data":[{"text":"what's my limit on my visa card","userDefined ":false}],"isTemplate":false},
{"data":[{"text":"can i please know the credit limit for my citibank card","userDefined ":false}],"isTemplate":false},
{"data":[{"text":"i wanna know the limit on my credit card","userDefined ":false}],"isTemplate":false},
{"data":[{"text":"what's the credit limit on my discovery card","userDefined ":false}],"isTemplate":false},
{"data":[{"text":"i want to know my spending limit","userDefined ":false}],"isTemplate":false},
{"data":[{"text":"tell me the limit for credit on my mastercard","userDefined ":false}],"isTemplate":false},
{"data":[{"text":"how high is my credit limit for my childrens place card","userDefined ":false}],"isTemplate":false},
{"data":[{"text":"how much can i spend wth my visa","userDefined ":false}],"isTemplate":false},
{"data":[{"text":"what's my current credit limit","userDefined ":false}],"isTemplate":false},
{"data":[{"text":"what's the credit limit on my account","userDefined ":false}],"isTemplate":false},
{"data":[{"text":"how high is my credit limit for my chase card","userDefined ":false}],"isTemplate":false},
{"data":[{"text":"what is my credit limit looking like","userDefined ":false}],"isTemplate":false},
{"data":[{"text":"how high of a credit limit do i have on my amex card","userDefined ":false}],"isTemplate":false},
{"data":[{"text":"what is my credit limit at","userDefined ":false}],"isTemplate":false},
{"data":[{"text":"please let me know the credit limit on my citibank card","userDefined ":false}],"isTemplate":false},
{"data":[{"text":"i need know my credit limit on my american express card","userDefined ":false}],"isTemplate":false},
{"data":[{"text":"what's my visa card's limit","userDefined ":false}],"isTemplate":false},
{"data":[{"text":"i would love to know my spending limit","userDefined ":false}],"isTemplate":false},
{"data":[{"text":"please tell me my spending limit","userDefined ":false}],"isTemplate":false},
{"data":[{"text":"what's the credit limit on my visa","userDefined ":false}],"isTemplate":false},
{"data":[{"text":"whats the max i can spend on my visa","userDefined ":false}],"isTemplate":false},
{"data":[{"text":"how much am i allowed to spend on my discover card","userDefined ":false}],"isTemplate":false},
{"data":[{"text":"can you let me know what my credit limit is for my visa card","userDefined ":false}],"isTemplate":false},
{"data":[{"text":"what is the credit limit for my bank of america card","userDefined ":false}],"isTemplate":false},
{"data":[{"text":"i need to know my spending limit on my visa","userDefined ":false}],"isTemplate":false},
{"data":[{"text":"how much is my credit limit","userDefined ":false}],"isTemplate":false},
{"data":[{"text":"what credit limit do i have","userDefined ":false}],"isTemplate":false},
{"data":[{"text":"what is the current credit limit i have on my wells fargo mastercard","userDefined ":false}],"isTemplate":false},
{"data":[{"text":"what's the credit limit on my visa card","userDefined ":false}],"isTemplate":false},
{"data":[{"text":"what is the max credit limit for my card","userDefined ":false}],"isTemplate":false},
{"data":[{"text":"look up the credit limit for my visa","userDefined ":false}],"isTemplate":false},
{"data":[{"text":"credit limit","userDefined ":false}],"isTemplate":false},
{"data":[{"text":"can you tell me my spending limit","userDefined ":false}],"isTemplate":false}]
