[{"data":[{"text":"can you tell me about my credit rating","userDefined ":false}],"isTemplate":false},
{"data":[{"text":"will you tell me my credit score","userDefined ":false}],"isTemplate":false},
{"data":[{"text":"how do i find out what my credit score is","userDefined ":false}],"isTemplate":false},
{"data":[{"text":"tell me my credit score","userDefined ":false}],"isTemplate":false},
{"data":[{"text":"please look up my credit score","userDefined ":false}],"isTemplate":false},
{"data":[{"text":"give me my credit score","userDefined ":false}],"isTemplate":false},
{"data":[{"text":"where can i see my credit score","userDefined ":false}],"isTemplate":false},
{"data":[{"text":"are you able to lookup my credit rating","userDefined ":false}],"isTemplate":false},
{"data":[{"text":"can you help me find my credit score","userDefined ":false}],"isTemplate":false},
{"data":[{"text":"show me my credit score please","userDefined ":false}],"isTemplate":false},
{"data":[{"text":"would you tell me my credit score","userDefined ":false}],"isTemplate":false},
{"data":[{"text":"i wish to know my credit rating","userDefined ":false}],"isTemplate":false},
{"data":[{"text":"where can i check my credit rating","userDefined ":false}],"isTemplate":false},
{"data":[{"text":"tell me the steps to getting my credit score","userDefined ":false}],"isTemplate":false},
{"data":[{"text":"please notify me of my credit rating","userDefined ":false}],"isTemplate":false},
{"data":[{"text":"tell me my credit rating","userDefined ":false}],"isTemplate":false},
{"data":[{"text":"is my credit score high","userDefined ":false}],"isTemplate":false},
{"data":[{"text":"please tell me my credit rating","userDefined ":false}],"isTemplate":false},
{"data":[{"text":"i'd like to know what my credit rating is","userDefined ":false}],"isTemplate":false},
{"data":[{"text":"i need my credit score","userDefined ":false}],"isTemplate":false},
{"data":[{"text":"let me know what my credit score is","userDefined ":false}],"isTemplate":false},
{"data":[{"text":"inform me of my current credit rating","userDefined ":false}],"isTemplate":false},
{"data":[{"text":"where can i check my credit score","userDefined ":false}],"isTemplate":false},
{"data":[{"text":"what's my credit score","userDefined ":false}],"isTemplate":false},
{"data":[{"text":"can i see my credit score","userDefined ":false}],"isTemplate":false},
{"data":[{"text":"i'd like the number for my credit score","userDefined ":false}],"isTemplate":false},
{"data":[{"text":"i would like to look up my credit score please","userDefined ":false}],"isTemplate":false},
{"data":[{"text":"i want my credit score","userDefined ":false}],"isTemplate":false},
{"data":[{"text":"how do i locate my credit score","userDefined ":false}],"isTemplate":false},
{"data":[{"text":"how do i find my credit score","userDefined ":false}],"isTemplate":false},
{"data":[{"text":"can you figure out how to find my credit score","userDefined ":false}],"isTemplate":false},
{"data":[{"text":"websites that share credit ratings","userDefined ":false}],"isTemplate":false},
{"data":[{"text":"tell me my credit score please","userDefined ":false}],"isTemplate":false},
{"data":[{"text":"get my credit score","userDefined ":false}],"isTemplate":false},
{"data":[{"text":"can you tell me my credit score","userDefined ":false}],"isTemplate":false},
{"data":[{"text":"let me know my credit score","userDefined ":false}],"isTemplate":false},
{"data":[{"text":"lets look up my credit score","userDefined ":false}],"isTemplate":false},
{"data":[{"text":"find my credit score for me","userDefined ":false}],"isTemplate":false},
{"data":[{"text":"tell me my current credit rating","userDefined ":false}],"isTemplate":false},
{"data":[{"text":"help me locate my credit score","userDefined ":false}],"isTemplate":false},
{"data":[{"text":"clue me in on my credit score","userDefined ":false}],"isTemplate":false},
{"data":[{"text":"say my credit score","userDefined ":false}],"isTemplate":false},
{"data":[{"text":"what is my fica score","userDefined ":false}],"isTemplate":false},
{"data":[{"text":"where is my credit score located","userDefined ":false}],"isTemplate":false},
{"data":[{"text":"find my credit score and tell it to me","userDefined ":false}],"isTemplate":false},
{"data":[{"text":"what's my credit rating","userDefined ":false}],"isTemplate":false},
{"data":[{"text":"what kind of credit score do i have","userDefined ":false}],"isTemplate":false},
{"data":[{"text":"how do i see my credit score","userDefined ":false}],"isTemplate":false},
{"data":[{"text":"how is my credit score rated","userDefined ":false}],"isTemplate":false},
{"data":[{"text":"provide me with my credit score","userDefined ":false}],"isTemplate":false}]
