[{"data":[{"text":"would i be able to increase my available credit by 600 dollars","userDefined ":false}],"isTemplate":false},
{"data":[{"text":"what's the possibility of getting a credit limit increase on my visa","userDefined ":false}],"isTemplate":false},
{"data":[{"text":"is there a way to increase the limit on my visa card","userDefined ":false}],"isTemplate":false},
{"data":[{"text":"can i raise the limit to 500 dollars","userDefined ":false}],"isTemplate":false},
{"data":[{"text":"will you allow more spending on my visa","userDefined ":false}],"isTemplate":false},
{"data":[{"text":"will i be able to increase my credit limit to $1000","userDefined ":false}],"isTemplate":false},
{"data":[{"text":"may i have a higher limit on my mastercard","userDefined ":false}],"isTemplate":false},
{"data":[{"text":"can you increase how much i can spend on my visa","userDefined ":false}],"isTemplate":false},
{"data":[{"text":"can i increase my credit limit to 1200 dollars","userDefined ":false}],"isTemplate":false},
{"data":[{"text":"can i increase the credit limit for my bank of america card","userDefined ":false}],"isTemplate":false},
{"data":[{"text":"can you increase my credit limit","userDefined ":false}],"isTemplate":false},
{"data":[{"text":"please see if you can increase my credit limit to one thousand dollars","userDefined ":false}],"isTemplate":false},
{"data":[{"text":"can i get a higher limit on my american express card","userDefined ":false}],"isTemplate":false},
{"data":[{"text":"can my credit limit be increased to one thousand dollars","userDefined ":false}],"isTemplate":false},
{"data":[{"text":"please change credit","userDefined ":false}],"isTemplate":false},
{"data":[{"text":"can you change my credit limit","userDefined ":false}],"isTemplate":false},
{"data":[{"text":"how do i increase the limit on my visa card","userDefined ":false}],"isTemplate":false},
{"data":[{"text":"can i increase the credit limit for my bank of the west card","userDefined ":false}],"isTemplate":false},
{"data":[{"text":"am i allowed to increase the credit limit on my mastercard","userDefined ":false}],"isTemplate":false},
{"data":[{"text":"can i increase the credit limit for my wells fargo credit card","userDefined ":false}],"isTemplate":false},
{"data":[{"text":"is there a way to increase the credit limit on my american express card","userDefined ":false}],"isTemplate":false},
{"data":[{"text":"is there a way to raise my mastercard credit","userDefined ":false}],"isTemplate":false},
{"data":[{"text":"can i raise my credit limit to $12,000","userDefined ":false}],"isTemplate":false},
{"data":[{"text":"is it possible to increase my credit limit to 1000 dollars","userDefined ":false}],"isTemplate":false},
{"data":[{"text":"help me change my credit limit","userDefined ":false}],"isTemplate":false},
{"data":[{"text":"can you increase my credit limit to one thousand dollars","userDefined ":false}],"isTemplate":false},
{"data":[{"text":"can you increase my credit limit to $7,500","userDefined ":false}],"isTemplate":false},
{"data":[{"text":"am i allowed to increase my credit limit to $1000","userDefined ":false}],"isTemplate":false},
{"data":[{"text":"is it possible to have a higher limit on my visa","userDefined ":false}],"isTemplate":false},
{"data":[{"text":"can i have my credit limit changed","userDefined ":false}],"isTemplate":false},
{"data":[{"text":"is it possible to raise the credit limit for my discover card","userDefined ":false}],"isTemplate":false},
{"data":[{"text":"can i increase the credit limit on my target card","userDefined ":false}],"isTemplate":false},
{"data":[{"text":"can i increase the credit limit for my navy federal card","userDefined ":false}],"isTemplate":false},
{"data":[{"text":"i want to change my credit limit","userDefined ":false}],"isTemplate":false},
{"data":[{"text":"can i raise the credit limit for my discover card","userDefined ":false}],"isTemplate":false},
{"data":[{"text":"please change the credit limit","userDefined ":false}],"isTemplate":false},
{"data":[{"text":"please increase my credit limit to $9,000","userDefined ":false}],"isTemplate":false},
{"data":[{"text":"can i get my credit limit increased to $15,000","userDefined ":false}],"isTemplate":false},
{"data":[{"text":"is it possible to increase my credit limit to $1000","userDefined ":false}],"isTemplate":false},
{"data":[{"text":"i want to increase my credit limit to $1000, if possible","userDefined ":false}],"isTemplate":false},
{"data":[{"text":"can i increase my credit limit to 1100 dollars","userDefined ":false}],"isTemplate":false},
{"data":[{"text":"i need a credit raise by 1000 dollars","userDefined ":false}],"isTemplate":false},
{"data":[{"text":"is it possible to increase the credit limit for my discover card","userDefined ":false}],"isTemplate":false},
{"data":[{"text":"what do i do to change my credit limit","userDefined ":false}],"isTemplate":false},
{"data":[{"text":"how would i raise my credit spending by 2500 dollars","userDefined ":false}],"isTemplate":false},
{"data":[{"text":"i want my credit limit changed","userDefined ":false}],"isTemplate":false},
{"data":[{"text":"i would like to increase my bank of america credit limit, can you help me","userDefined ":false}],"isTemplate":false},
{"data":[{"text":"can i increase the credit limit on my old navy card","userDefined ":false}],"isTemplate":false},
{"data":[{"text":"can i increase the credit limit on my kohls card","userDefined ":false}],"isTemplate":false},
{"data":[{"text":"can i increase my credit limit to 700 dollars","userDefined ":false}],"isTemplate":false}]
