[{"data":[{"text":"how do i find my location right now","userDefined ":false}],"isTemplate":false},
{"data":[{"text":"in the place i am what are my gps coordinates","userDefined ":false}],"isTemplate":false},
{"data":[{"text":"please tell me my location using gps","userDefined ":false}],"isTemplate":false},
{"data":[{"text":"what are my gps coordinates at this location","userDefined ":false}],"isTemplate":false},
{"data":[{"text":"what's my current location","userDefined ":false}],"isTemplate":false},
{"data":[{"text":"tell me my current location","userDefined ":false}],"isTemplate":false},
{"data":[{"text":"check maps for my location","userDefined ":false}],"isTemplate":false},
{"data":[{"text":"can you find my location on the map, please","userDefined ":false}],"isTemplate":false},
{"data":[{"text":"what are my gps coordinates right now","userDefined ":false}],"isTemplate":false},
{"data":[{"text":"please tell me my current gps coordinates","userDefined ":false}],"isTemplate":false},
{"data":[{"text":"what do i do to find my location","userDefined ":false}],"isTemplate":false},
{"data":[{"text":"let me know my current location","userDefined ":false}],"isTemplate":false},
{"data":[{"text":"can you direct me where to find where i am","userDefined ":false}],"isTemplate":false},
{"data":[{"text":"what are the gps coordinates of this spot i am at right now","userDefined ":false}],"isTemplate":false},
{"data":[{"text":"how can i locate where i am","userDefined ":false}],"isTemplate":false},
{"data":[{"text":"what do i do to find my current location","userDefined ":false}],"isTemplate":false},
{"data":[{"text":"give me my location on the map","userDefined ":false}],"isTemplate":false},
{"data":[{"text":"how will i find my current location","userDefined ":false}],"isTemplate":false},
{"data":[{"text":"at this location what are my gps coordinates","userDefined ":false}],"isTemplate":false},
{"data":[{"text":"how do i know where i'm at","userDefined ":false}],"isTemplate":false},
{"data":[{"text":"is there a way to get my current location","userDefined ":false}],"isTemplate":false},
{"data":[{"text":"check out my location up on the map","userDefined ":false}],"isTemplate":false},
{"data":[{"text":"can i have my current gps coordinates","userDefined ":false}],"isTemplate":false},
{"data":[{"text":"how do i find my location, please","userDefined ":false}],"isTemplate":false},
{"data":[{"text":"i would like to know my current location","userDefined ":false}],"isTemplate":false},
{"data":[{"text":"where am i located currently","userDefined ":false}],"isTemplate":false},
{"data":[{"text":"what street am i on right now","userDefined ":false}],"isTemplate":false},
{"data":[{"text":"list my current gps coordinates","userDefined ":false}],"isTemplate":false},
{"data":[{"text":"i need to know my current gps coordinates","userDefined ":false}],"isTemplate":false},
{"data":[{"text":"display my location on a map","userDefined ":false}],"isTemplate":false},
{"data":[{"text":"how do i find my present location right now, please","userDefined ":false}],"isTemplate":false},
{"data":[{"text":"what are my longitude and latitude points","userDefined ":false}],"isTemplate":false},
{"data":[{"text":"please show me where i am on a map","userDefined ":false}],"isTemplate":false},
{"data":[{"text":"where am i right this moment","userDefined ":false}],"isTemplate":false},
{"data":[{"text":"can you tell me how to figure out my current location","userDefined ":false}],"isTemplate":false},
{"data":[{"text":"what is my current location that you see right now","userDefined ":false}],"isTemplate":false},
{"data":[{"text":"my current location","userDefined ":false}],"isTemplate":false},
{"data":[{"text":"how can i go about finding my location right now","userDefined ":false}],"isTemplate":false},
{"data":[{"text":"how can i tell what my current location is","userDefined ":false}],"isTemplate":false},
{"data":[{"text":"can you tell me my location","userDefined ":false}],"isTemplate":false},
{"data":[{"text":"please tell me my current location","userDefined ":false}],"isTemplate":false},
{"data":[{"text":"where am i right now, location wise","userDefined ":false}],"isTemplate":false},
{"data":[{"text":"i'm lost","userDefined ":false}],"isTemplate":false},
{"data":[{"text":"please locate me on the map and show me","userDefined ":false}],"isTemplate":false},
{"data":[{"text":"how shall i find my current location","userDefined ":false}],"isTemplate":false},
{"data":[{"text":"i need to find out how i know my location right now","userDefined ":false}],"isTemplate":false},
{"data":[{"text":"i do not know where i am","userDefined ":false}],"isTemplate":false},
{"data":[{"text":"use the map and pinpoint my position","userDefined ":false}],"isTemplate":false},
{"data":[{"text":"please give me my gps coordinates","userDefined ":false}],"isTemplate":false},
{"data":[{"text":"help me find where i am","userDefined ":false}],"isTemplate":false}]
