[{"data":[{"text":"my card got melted in the dryer and i need to report it, please","userDefined ":false}],"isTemplate":false},
{"data":[{"text":"my card split in half, how do i report it","userDefined ":false}],"isTemplate":false},
{"data":[{"text":"how do i report a melted credit card","userDefined ":false}],"isTemplate":false},
{"data":[{"text":"my card broke in half and i need to report this","userDefined ":false}],"isTemplate":false},
{"data":[{"text":"how report that scratched my card","userDefined ":false}],"isTemplate":false},
{"data":[{"text":"my card got melted and i need to report it","userDefined ":false}],"isTemplate":false},
{"data":[{"text":"i need a report form for my damaged, demagnetized card","userDefined ":false}],"isTemplate":false},
{"data":[{"text":"my card is too scratched up and i need to report it","userDefined ":false}],"isTemplate":false},
{"data":[{"text":"i need to replace my credit card because i ran it over with the lawn mower","userDefined ":false}],"isTemplate":false},
{"data":[{"text":"the chip on my card is damaged and i need a new one","userDefined ":false}],"isTemplate":false},
{"data":[{"text":"my card was damaged by my cat; can i report that","userDefined ":false}],"isTemplate":false},
{"data":[{"text":"my card split in half, can i report it","userDefined ":false}],"isTemplate":false},
{"data":[{"text":"my card fell in the toilet and now the chip does not work","userDefined ":false}],"isTemplate":false},
{"data":[{"text":"my card has been erased and i need to report it","userDefined ":false}],"isTemplate":false},
{"data":[{"text":"the card is torn, let's report it","userDefined ":false}],"isTemplate":false},
{"data":[{"text":"corner of my credit card is chipped off","userDefined ":false}],"isTemplate":false},
{"data":[{"text":"what should i do with an unusable and damaged card","userDefined ":false}],"isTemplate":false},
{"data":[{"text":"i ran my credit card over with the lawn mower and need to replace it","userDefined ":false}],"isTemplate":false},
{"data":[{"text":"i can't use my card because it is broken","userDefined ":false}],"isTemplate":false},
{"data":[{"text":"my card is damaged and no longer function","userDefined ":false}],"isTemplate":false},
{"data":[{"text":"my dog ate my credit card and ruined it","userDefined ":false}],"isTemplate":false},
{"data":[{"text":"my card is damaged so i can not use it","userDefined ":false}],"isTemplate":false},
{"data":[{"text":"i can't use my damaged card","userDefined ":false}],"isTemplate":false},
{"data":[{"text":"my card is partially damaged how do i report this","userDefined ":false}],"isTemplate":false},
{"data":[{"text":"i need to report that my dog chewed up my card","userDefined ":false}],"isTemplate":false},
{"data":[{"text":"report to the company that i damaged my card","userDefined ":false}],"isTemplate":false},
{"data":[{"text":"report the card has been damaged","userDefined ":false}],"isTemplate":false},
{"data":[{"text":"my card fell out of my wallet and i ran over it so it does not work","userDefined ":false}],"isTemplate":false},
{"data":[{"text":"an atm ate my card, how do i report it","userDefined ":false}],"isTemplate":false},
{"data":[{"text":"i need a new card because my dog chewed on it and now it does not work","userDefined ":false}],"isTemplate":false},
{"data":[{"text":"i need to report a bent card","userDefined ":false}],"isTemplate":false},
{"data":[{"text":"my card is wrecked, let's report it","userDefined ":false}],"isTemplate":false},
{"data":[{"text":"my card got melted and i need to report it, please","userDefined ":false}],"isTemplate":false},
{"data":[{"text":"my card got damaged and i need to report it","userDefined ":false}],"isTemplate":false},
{"data":[{"text":"my card doesn't work anymore","userDefined ":false}],"isTemplate":false},
{"data":[{"text":"my card got snapped in half","userDefined ":false}],"isTemplate":false},
{"data":[{"text":"my broken card won't work","userDefined ":false}],"isTemplate":false},
{"data":[{"text":"my card snapped, can you tell my bank to send a replacement","userDefined ":false}],"isTemplate":false},
{"data":[{"text":"report that the card has been wrecked","userDefined ":false}],"isTemplate":false},
{"data":[{"text":"the plastic numbers on my card are falling off","userDefined ":false}],"isTemplate":false},
{"data":[{"text":"i want to report a broken card","userDefined ":false}],"isTemplate":false},
{"data":[{"text":"call the card company and ask them to replace my card","userDefined ":false}],"isTemplate":false},
{"data":[{"text":"my card is unusable because it's damaged","userDefined ":false}],"isTemplate":false},
{"data":[{"text":"i demagnetized my card and want to report it","userDefined ":false}],"isTemplate":false},
{"data":[{"text":"i don't know who to notify that i ran my credit card over with the lawn mower","userDefined ":false}],"isTemplate":false},
{"data":[{"text":"i damaged the card; can you replace the card","userDefined ":false}],"isTemplate":false},
{"data":[{"text":"i accidentally bent my card, what do i do","userDefined ":false}],"isTemplate":false},
{"data":[{"text":"my credit card snapped in half while i was fiddling with it","userDefined ":false}],"isTemplate":false},
{"data":[{"text":"i accidentally put my credit card in the shredder","userDefined ":false}],"isTemplate":false},
{"data":[{"text":"i dropped my card in my gasoline and the printing wore off","userDefined ":false}],"isTemplate":false}]
