[{"data":[{"text":"i need to know today's date please","userDefined ":false}],"isTemplate":false},
{"data":[{"text":"what is today's month, day and year","userDefined ":false}],"isTemplate":false},
{"data":[{"text":"what is tomorrow's date","userDefined ":false}],"isTemplate":false},
{"data":[{"text":"today's date is what","userDefined ":false}],"isTemplate":false},
{"data":[{"text":"what would tomorrow's date be","userDefined ":false}],"isTemplate":false},
{"data":[{"text":"give me tomorrow's date please","userDefined ":false}],"isTemplate":false},
{"data":[{"text":"what is today's date","userDefined ":false}],"isTemplate":false},
{"data":[{"text":"the date tomorrow is what","userDefined ":false}],"isTemplate":false},
{"data":[{"text":"do you have the date","userDefined ":false}],"isTemplate":false},
{"data":[{"text":"i need to know today's date","userDefined ":false}],"isTemplate":false},
{"data":[{"text":"what's today's date","userDefined ":false}],"isTemplate":false},
{"data":[{"text":"i'd like to know what the date is","userDefined ":false}],"isTemplate":false},
{"data":[{"text":"what is the date","userDefined ":false}],"isTemplate":false},
{"data":[{"text":"i need to know what the date is today","userDefined ":false}],"isTemplate":false},
{"data":[{"text":"what is the month and day tomorrow","userDefined ":false}],"isTemplate":false},
{"data":[{"text":"can you tell me the date","userDefined ":false}],"isTemplate":false},
{"data":[{"text":"i need to know the date in 256 days","userDefined ":false}],"isTemplate":false},
{"data":[{"text":"what year is it","userDefined ":false}],"isTemplate":false},
{"data":[{"text":"please give me today's date","userDefined ":false}],"isTemplate":false},
{"data":[{"text":"what's the date tomorrow, please","userDefined ":false}],"isTemplate":false},
{"data":[{"text":"show me the date","userDefined ":false}],"isTemplate":false},
{"data":[{"text":"in 2 days, what date will it be","userDefined ":false}],"isTemplate":false},
{"data":[{"text":"what's the day of the week","userDefined ":false}],"isTemplate":false},
{"data":[{"text":"can you tell me the date today","userDefined ":false}],"isTemplate":false},
{"data":[{"text":"please share today's date","userDefined ":false}],"isTemplate":false},
{"data":[{"text":"what will the date be in 64 days","userDefined ":false}],"isTemplate":false},
{"data":[{"text":"please tell me what date it is today","userDefined ":false}],"isTemplate":false},
{"data":[{"text":"i would like to know what today's date is","userDefined ":false}],"isTemplate":false},
{"data":[{"text":"today is what date","userDefined ":false}],"isTemplate":false},
{"data":[{"text":"what day is it today","userDefined ":false}],"isTemplate":false},
{"data":[{"text":"what's the current date","userDefined ":false}],"isTemplate":false},
{"data":[{"text":"tell me what the date is today","userDefined ":false}],"isTemplate":false},
{"data":[{"text":"i would like to know tomorrow's date","userDefined ":false}],"isTemplate":false},
{"data":[{"text":"what day of the month is it","userDefined ":false}],"isTemplate":false},
{"data":[{"text":"can you tell me today's date","userDefined ":false}],"isTemplate":false},
{"data":[{"text":"what day is it gonna be in twenty-one days","userDefined ":false}],"isTemplate":false},
{"data":[{"text":"i'd like to know the date tomorrow","userDefined ":false}],"isTemplate":false},
{"data":[{"text":"what will the date be 100 days from now","userDefined ":false}],"isTemplate":false},
{"data":[{"text":"tomorrow, what will the date be","userDefined ":false}],"isTemplate":false},
{"data":[{"text":"would you please tell me today's date","userDefined ":false}],"isTemplate":false},
{"data":[{"text":"what day will it be in fourteen days","userDefined ":false}],"isTemplate":false},
{"data":[{"text":"tell me what date it is please","userDefined ":false}],"isTemplate":false},
{"data":[{"text":"what's the date 400 days from now","userDefined ":false}],"isTemplate":false},
{"data":[{"text":"please tell me today's date","userDefined ":false}],"isTemplate":false},
{"data":[{"text":"tell me what the date is tomorrow","userDefined ":false}],"isTemplate":false},
{"data":[{"text":"calender says tomorrow is","userDefined ":false}],"isTemplate":false},
{"data":[{"text":"what day of the month is it today","userDefined ":false}],"isTemplate":false},
{"data":[{"text":"tell me what day it is","userDefined ":false}],"isTemplate":false},
{"data":[{"text":"what will the date be in 10 days","userDefined ":false}],"isTemplate":false},
{"data":[{"text":"in 100 days from now, what will be the date","userDefined ":false}],"isTemplate":false}]
