[{"data":[{"text":"the definition of affiliate is","userDefined ":false}],"isTemplate":false},
{"data":[{"text":"tell me what flange means","userDefined ":false}],"isTemplate":false},
{"data":[{"text":"what is the meaning of word \"rescind","userDefined ":false}],"isTemplate":false},
{"data":[{"text":"what is the definition of didactic","userDefined ":false}],"isTemplate":false},
{"data":[{"text":"what is stupedous meant","userDefined ":false}],"isTemplate":false},
{"data":[{"text":"what is the meaning of stupendous","userDefined ":false}],"isTemplate":false},
{"data":[{"text":"is \"rescind\" a word of positive connotation","userDefined ":false}],"isTemplate":false},
{"data":[{"text":"definition of anachronism","userDefined ":false}],"isTemplate":false},
{"data":[{"text":"whats the definition of poor","userDefined ":false}],"isTemplate":false},
{"data":[{"text":"can you tell me the definition of sucrose","userDefined ":false}],"isTemplate":false},
{"data":[{"text":"what is the meaning of interorganizational","userDefined ":false}],"isTemplate":false},
{"data":[{"text":"what does the word ataraxy mean","userDefined ":false}],"isTemplate":false},
{"data":[{"text":"i need to know what adumbrate means can you look it up for me now","userDefined ":false}],"isTemplate":false},
{"data":[{"text":"what's the meaning of a fortnight","userDefined ":false}],"isTemplate":false},
{"data":[{"text":"define ataraxy","userDefined ":false}],"isTemplate":false},
{"data":[{"text":"what is an ataraxy","userDefined ":false}],"isTemplate":false},
{"data":[{"text":"i want to know what the word discomfit means","userDefined ":false}],"isTemplate":false},
{"data":[{"text":"what is the meaning of the word lux","userDefined ":false}],"isTemplate":false},
{"data":[{"text":"what does alternative mean","userDefined ":false}],"isTemplate":false},
{"data":[{"text":"whats the definition of transmute","userDefined ":false}],"isTemplate":false},
{"data":[{"text":"affiliate's definition is what","userDefined ":false}],"isTemplate":false},
{"data":[{"text":"what is the meaning of telepathy","userDefined ":false}],"isTemplate":false},
{"data":[{"text":"what's the definition of patriarchy","userDefined ":false}],"isTemplate":false},
{"data":[{"text":"exactly what does altruism mean","userDefined ":false}],"isTemplate":false},
{"data":[{"text":"what is break a leg mean","userDefined ":false}],"isTemplate":false},
{"data":[{"text":"define zesty","userDefined ":false}],"isTemplate":false},
{"data":[{"text":"find out what the word abrogate means for me","userDefined ":false}],"isTemplate":false},
{"data":[{"text":"find what the word diaphanous mean please","userDefined ":false}],"isTemplate":false},
{"data":[{"text":"what is the meaning of realism","userDefined ":false}],"isTemplate":false},
{"data":[{"text":"flange means what","userDefined ":false}],"isTemplate":false},
{"data":[{"text":"what does tertiary mean","userDefined ":false}],"isTemplate":false},
{"data":[{"text":"what does deceive mean","userDefined ":false}],"isTemplate":false},
{"data":[{"text":"what is the definition of flange","userDefined ":false}],"isTemplate":false},
{"data":[{"text":"give me the meaning of alternative","userDefined ":false}],"isTemplate":false},
{"data":[{"text":"tell me what the word arboreal means","userDefined ":false}],"isTemplate":false},
{"data":[{"text":"what is regard mean","userDefined ":false}],"isTemplate":false},
{"data":[{"text":"what does altruism mean","userDefined ":false}],"isTemplate":false},
{"data":[{"text":"what is the definition of altruism","userDefined ":false}],"isTemplate":false},
{"data":[{"text":"look up zesty in dictionary","userDefined ":false}],"isTemplate":false},
{"data":[{"text":"use the word ataraxy in a sentence","userDefined ":false}],"isTemplate":false},
{"data":[{"text":"what does discretionary mean","userDefined ":false}],"isTemplate":false},
{"data":[{"text":"what does zesty mean","userDefined ":false}],"isTemplate":false},
{"data":[{"text":"let's hear the definition of iridium","userDefined ":false}],"isTemplate":false},
{"data":[{"text":"what's affiliate definition","userDefined ":false}],"isTemplate":false},
{"data":[{"text":"what is intercontinental mean","userDefined ":false}],"isTemplate":false},
{"data":[{"text":"what does ataraxy mean","userDefined ":false}],"isTemplate":false},
{"data":[{"text":"what does saffron mean","userDefined ":false}],"isTemplate":false},
{"data":[{"text":"give me the definition of ajar","userDefined ":false}],"isTemplate":false},
{"data":[{"text":"definition of affiliate is what","userDefined ":false}],"isTemplate":false},
{"data":[{"text":"can you tell me the definition of yttrbium","userDefined ":false}],"isTemplate":false}]
