[{"data":[{"text":"can you walk me through setting up direct deposits to my bank of internet savings account","userDefined ":false}],"isTemplate":false},
{"data":[{"text":"i want to switch to direct deposit","userDefined ":false}],"isTemplate":false},
{"data":[{"text":"set up direct deposit for me","userDefined ":false}],"isTemplate":false},
{"data":[{"text":"how do i go about setting up direct deposit","userDefined ":false}],"isTemplate":false},
{"data":[{"text":"i need to get my paycheck direct deposited to my chase account","userDefined ":false}],"isTemplate":false},
{"data":[{"text":"what are the steps to set up direct deposit to my chase account","userDefined ":false}],"isTemplate":false},
{"data":[{"text":"if i would like to set up direct deposit, how do i do it","userDefined ":false}],"isTemplate":false},
{"data":[{"text":"how do i direct deposit my check","userDefined ":false}],"isTemplate":false},
{"data":[{"text":"what do i need to set up direct deposit","userDefined ":false}],"isTemplate":false},
{"data":[{"text":"i'd like to have my paycheck direct deposited to my chase account","userDefined ":false}],"isTemplate":false},
{"data":[{"text":"how is a direct deposit set up","userDefined ":false}],"isTemplate":false},
{"data":[{"text":"can you teach me how to set up direct deposit, or show me who can","userDefined ":false}],"isTemplate":false},
{"data":[{"text":"how can i turn on direct deposit","userDefined ":false}],"isTemplate":false},
{"data":[{"text":"direct deposit information","userDefined ":false}],"isTemplate":false},
{"data":[{"text":"i want to set up direct deposit to my first hawaiian bank account","userDefined ":false}],"isTemplate":false},
{"data":[{"text":"can you tell me how to set up a direct deposit","userDefined ":false}],"isTemplate":false},
{"data":[{"text":"i'd like to know about setting up direct deposit","userDefined ":false}],"isTemplate":false},
{"data":[{"text":"tell me how to set up direct deposit","userDefined ":false}],"isTemplate":false},
{"data":[{"text":"tell me how to set up direct deposit for my paycheck","userDefined ":false}],"isTemplate":false},
{"data":[{"text":"help setting up direct deposit","userDefined ":false}],"isTemplate":false},
{"data":[{"text":"please help me set up direct deposit","userDefined ":false}],"isTemplate":false},
{"data":[{"text":"how can i have my paycheck directly deposited","userDefined ":false}],"isTemplate":false},
{"data":[{"text":"what do i do to have my paycheck deposited directly in my account","userDefined ":false}],"isTemplate":false},
{"data":[{"text":"how do i get direct deposit set up","userDefined ":false}],"isTemplate":false},
{"data":[{"text":"make it so my paycheck goes directly into my savings account","userDefined ":false}],"isTemplate":false},
{"data":[{"text":"i want to set up direct deposit for my paycheck, what do i need to do","userDefined ":false}],"isTemplate":false},
{"data":[{"text":"what is needed for setting up direct deposit","userDefined ":false}],"isTemplate":false},
{"data":[{"text":"set up a direct deposit","userDefined ":false}],"isTemplate":false},
{"data":[{"text":"tell me how to set up a direct deposit","userDefined ":false}],"isTemplate":false},
{"data":[{"text":"how do i set up direct deposit for my paycheck","userDefined ":false}],"isTemplate":false},
{"data":[{"text":"i need some guidance when it comes to direct deposit","userDefined ":false}],"isTemplate":false},
{"data":[{"text":"how do i set up instant paycheck","userDefined ":false}],"isTemplate":false},
{"data":[{"text":"i'd really like to set up a direct deposit for my paycheck","userDefined ":false}],"isTemplate":false},
{"data":[{"text":"how do i set up direct deposit to my chase account","userDefined ":false}],"isTemplate":false},
{"data":[{"text":"would you help me set up direct deposit","userDefined ":false}],"isTemplate":false},
{"data":[{"text":"how do i arrange a direct deposit into my savings account","userDefined ":false}],"isTemplate":false},
{"data":[{"text":"i need to set up a direct deposit for my paycheck","userDefined ":false}],"isTemplate":false},
{"data":[{"text":"i need to set up a direct deposit","userDefined ":false}],"isTemplate":false},
{"data":[{"text":"how do i get my check directly deposited","userDefined ":false}],"isTemplate":false},
{"data":[{"text":"how can i have my paycheck directly deposited in my account","userDefined ":false}],"isTemplate":false},
{"data":[{"text":"how do i direct deposit my paycheck","userDefined ":false}],"isTemplate":false},
{"data":[{"text":"is there a specific way to set up direct deposit","userDefined ":false}],"isTemplate":false},
{"data":[{"text":"set up direct deposit to my money market account for my pay check","userDefined ":false}],"isTemplate":false},
{"data":[{"text":"can you tell me how to set up direct depost","userDefined ":false}],"isTemplate":false},
{"data":[{"text":"can you show me how to set up direct deposit for my paycheck to my first hawaiian bank account","userDefined ":false}],"isTemplate":false},
{"data":[{"text":"how can i set up direct deposits from my job to my bank","userDefined ":false}],"isTemplate":false},
{"data":[{"text":"i have a great western bank account i want direct deposits to go to","userDefined ":false}],"isTemplate":false},
{"data":[{"text":"can you show me how to set up direct deposit","userDefined ":false}],"isTemplate":false},
{"data":[{"text":"do a websearch for direct deposit set up","userDefined ":false}],"isTemplate":false},
{"data":[{"text":"what are the steps for setting up direct deposit","userDefined ":false}],"isTemplate":false}]