[{"data":[{"text":"search for the nearest atm to newark penn station, newark in new jersey","userDefined ":false}],"isTemplate":false},
{"data":[{"text":"guide me to a laundromat near me","userDefined ":false}],"isTemplate":false},
{"data":[{"text":"i want to see the golden gate bridge and i'm walking on 5th street right now","userDefined ":false}],"isTemplate":false},
{"data":[{"text":"i need to know the nearest bank's location","userDefined ":false}],"isTemplate":false},
{"data":[{"text":"how do i get to statue of liberty by bus","userDefined ":false}],"isTemplate":false},
{"data":[{"text":"how do i get to the museum by bus","userDefined ":false}],"isTemplate":false},
{"data":[{"text":"is there a starbucks close to home","userDefined ":false}],"isTemplate":false},
{"data":[{"text":"please tell me the subway station nearest to madison square garden in new york","userDefined ":false}],"isTemplate":false},
{"data":[{"text":"where is the closest chevron gas station in columbus, ohio","userDefined ":false}],"isTemplate":false},
{"data":[{"text":"is there a way to go by bus to olympia","userDefined ":false}],"isTemplate":false},
{"data":[{"text":"let me know how to get to the starbucks nearby","userDefined ":false}],"isTemplate":false},
{"data":[{"text":"direct me to the closest starbucks near home","userDefined ":false}],"isTemplate":false},
{"data":[{"text":"find me starbucks","userDefined ":false}],"isTemplate":false},
{"data":[{"text":"i want directions to the closest atm","userDefined ":false}],"isTemplate":false},
{"data":[{"text":"where can i find the mall closest to here","userDefined ":false}],"isTemplate":false},
{"data":[{"text":"i want to know the nearest bank's location","userDefined ":false}],"isTemplate":false},
{"data":[{"text":"how can i travel by bus to the grand canyon","userDefined ":false}],"isTemplate":false},
{"data":[{"text":"how would i walk to the liberty bell from here","userDefined ":false}],"isTemplate":false},
{"data":[{"text":"how do i get to the beach by bus","userDefined ":false}],"isTemplate":false},
{"data":[{"text":"is there a tire repair place near the post office","userDefined ":false}],"isTemplate":false},
{"data":[{"text":"how do i get to the hotel by bus","userDefined ":false}],"isTemplate":false},
{"data":[{"text":"from here, how do i get to the statue of liberty by bus","userDefined ":false}],"isTemplate":false},
{"data":[{"text":"how do i get to the statue of liberty on foot","userDefined ":false}],"isTemplate":false},
{"data":[{"text":"which bus should i take to get to the statue of liberty","userDefined ":false}],"isTemplate":false},
{"data":[{"text":"how do i get to the closest starbucks","userDefined ":false}],"isTemplate":false},
{"data":[{"text":"i need to know directions to the nearest gas station","userDefined ":false}],"isTemplate":false},
{"data":[{"text":"how do i get to the nearest post office","userDefined ":false}],"isTemplate":false},
{"data":[{"text":"tell me where is the closest coffee shop","userDefined ":false}],"isTemplate":false},
{"data":[{"text":"i want to visit chicago by bus what do i need to do","userDefined ":false}],"isTemplate":false},
{"data":[{"text":"does the bus go to the washington monument","userDefined ":false}],"isTemplate":false},
{"data":[{"text":"how do i get to the park on foot","userDefined ":false}],"isTemplate":false},
{"data":[{"text":"does home have a starbucks nearby","userDefined ":false}],"isTemplate":false},
{"data":[{"text":"i need to know how to get to target by bus","userDefined ":false}],"isTemplate":false},
{"data":[{"text":"how would i get to city hall via bus","userDefined ":false}],"isTemplate":false},
{"data":[{"text":"i would like to know where the closest gas station is","userDefined ":false}],"isTemplate":false},
{"data":[{"text":"where is the closest starbucks","userDefined ":false}],"isTemplate":false},
{"data":[{"text":"could you tell me how to get to the statue of liberty by bus","userDefined ":false}],"isTemplate":false},
{"data":[{"text":"can a bus get me to the statue of liberty","userDefined ":false}],"isTemplate":false},
{"data":[{"text":"what's the quickest way to a bank","userDefined ":false}],"isTemplate":false},
{"data":[{"text":"can you tell me where the nearest rest station to me is","userDefined ":false}],"isTemplate":false},
{"data":[{"text":"what's the direction for foot traffic to get to the eiffel tower","userDefined ":false}],"isTemplate":false},
{"data":[{"text":"assist me to know how to get to target by bus","userDefined ":false}],"isTemplate":false},
{"data":[{"text":"i need directions to get to olympia by bus","userDefined ":false}],"isTemplate":false},
{"data":[{"text":"what's the best way to get to my bank by walking","userDefined ":false}],"isTemplate":false},
{"data":[{"text":"how do i get to the college by bus","userDefined ":false}],"isTemplate":false},
{"data":[{"text":"take me to the nearest dairy queen","userDefined ":false}],"isTemplate":false},
{"data":[{"text":"is it possible to get to olympia by bus","userDefined ":false}],"isTemplate":false},
{"data":[{"text":"how to i get to the mall on foot","userDefined ":false}],"isTemplate":false},
{"data":[{"text":"what steps do i need to take to take a bus to detroit","userDefined ":false}],"isTemplate":false},
{"data":[{"text":"what's the nearest starbucks","userDefined ":false}],"isTemplate":false}]
