[{"data":[{"text":"how long will it take to get to phoenix","userDefined ":false}],"isTemplate":false},
{"data":[{"text":"i want to know the time to get to td bank in toms river","userDefined ":false}],"isTemplate":false},
{"data":[{"text":"how far is the grand canyon from my current location in phoenix, az","userDefined ":false}],"isTemplate":false},
{"data":[{"text":"what's the estimated time to get to ppg paints arena in pittsburgh via bus","userDefined ":false}],"isTemplate":false},
{"data":[{"text":"how long does it take to get to phoenix by bus","userDefined ":false}],"isTemplate":false},
{"data":[{"text":"how long does it take to get to orlando by bus","userDefined ":false}],"isTemplate":false},
{"data":[{"text":"how long will it take to reach my doctors office","userDefined ":false}],"isTemplate":false},
{"data":[{"text":"time taken from home to doctors office","userDefined ":false}],"isTemplate":false},
{"data":[{"text":"how long does it take to get to outback in atlanta","userDefined ":false}],"isTemplate":false},
{"data":[{"text":"what time will we arrive at the bank","userDefined ":false}],"isTemplate":false},
{"data":[{"text":"how long is the ride to phoenix","userDefined ":false}],"isTemplate":false},
{"data":[{"text":"how long before i get to dallas , in time, not miles","userDefined ":false}],"isTemplate":false},
{"data":[{"text":"by bus, how long would it take to get to detroit","userDefined ":false}],"isTemplate":false},
{"data":[{"text":"tell me how far i am from home in time and miles","userDefined ":false}],"isTemplate":false},
{"data":[{"text":"how long does it take to get to the airport in dallas","userDefined ":false}],"isTemplate":false},
{"data":[{"text":"is the ride short to the airport in la","userDefined ":false}],"isTemplate":false},
{"data":[{"text":"how much time to reach doctors office","userDefined ":false}],"isTemplate":false},
{"data":[{"text":"how long does it take to get to the park in detroit","userDefined ":false}],"isTemplate":false},
{"data":[{"text":"it takes how long to get to mcdonald's in pomona","userDefined ":false}],"isTemplate":false},
{"data":[{"text":"how long will it take to get from galleria mall to state capitol","userDefined ":false}],"isTemplate":false},
{"data":[{"text":"so to go to brooklyn, it would take me how long again","userDefined ":false}],"isTemplate":false},
{"data":[{"text":"how long is a bus ride to the library","userDefined ":false}],"isTemplate":false},
{"data":[{"text":"how miles does it take to get to red lobster from my current location","userDefined ":false}],"isTemplate":false},
{"data":[{"text":"how long will it take to walk to the safeway in the strip mall","userDefined ":false}],"isTemplate":false},
{"data":[{"text":"how long is the drive from sfo to fisherman's wharf","userDefined ":false}],"isTemplate":false},
{"data":[{"text":"approximately how much time will it take to get to tod's in minutes","userDefined ":false}],"isTemplate":false},
{"data":[{"text":"how long does it take to get to houston by bus","userDefined ":false}],"isTemplate":false},
{"data":[{"text":"what is the average time to get to walmart in mays landing","userDefined ":false}],"isTemplate":false},
{"data":[{"text":"how long can i expect a bus ride to the liberty bell to take","userDefined ":false}],"isTemplate":false},
{"data":[{"text":"i need a time update on the applebees trip","userDefined ":false}],"isTemplate":false},
{"data":[{"text":"how long will it take me to get to the mcdonald's in the city","userDefined ":false}],"isTemplate":false},
{"data":[{"text":"does it take 5 hrs to get to brooklyn by bus","userDefined ":false}],"isTemplate":false},
{"data":[{"text":"how long does it take to get to spago's in los angeles","userDefined ":false}],"isTemplate":false},
{"data":[{"text":"how many hours will it take to get to my destination","userDefined ":false}],"isTemplate":false},
{"data":[{"text":"if i take the bus, how long will it take to get to dubrovnik","userDefined ":false}],"isTemplate":false},
{"data":[{"text":"if i leave now, how long will it take me to drive to cape hatteras","userDefined ":false}],"isTemplate":false},
{"data":[{"text":"how much time will pass between the start and end of our sojourn by bus to detroit","userDefined ":false}],"isTemplate":false},
{"data":[{"text":"how long will it take to get to long beach terminal from long beach airport","userDefined ":false}],"isTemplate":false},
{"data":[{"text":"please let me know how long it'll be until i reach the sky harbor airport","userDefined ":false}],"isTemplate":false},
{"data":[{"text":"how fast can i get to target in trenton","userDefined ":false}],"isTemplate":false},
{"data":[{"text":"how long will it take to drive to the kroger in westwood","userDefined ":false}],"isTemplate":false},
{"data":[{"text":"what is the length of time it takes to get to phoenix","userDefined ":false}],"isTemplate":false},
{"data":[{"text":"give me the time left before i get to the hotel","userDefined ":false}],"isTemplate":false},
{"data":[{"text":"how many miles will it take to get to my destination","userDefined ":false}],"isTemplate":false},
{"data":[{"text":"how early should i leave to the airport in la","userDefined ":false}],"isTemplate":false},
{"data":[{"text":"how long does it take to get to applebees in nj","userDefined ":false}],"isTemplate":false},
{"data":[{"text":"what's the eta for grandma's house","userDefined ":false}],"isTemplate":false},
{"data":[{"text":"how long until i reach my destination","userDefined ":false}],"isTemplate":false},
{"data":[{"text":"how long's it take to get to the panera downtown","userDefined ":false}],"isTemplate":false},
{"data":[{"text":"how long does it take to get to the mall in las vegas","userDefined ":false}],"isTemplate":false}]
