[{"data":[{"text":"tell me all about the creatures you own","userDefined ":false}],"isTemplate":false},
{"data":[{"text":"tell me what kinds of pets you have","userDefined ":false}],"isTemplate":false},
{"data":[{"text":"do you keep any pets","userDefined ":false}],"isTemplate":false},
{"data":[{"text":"what sort of animals are your pets","userDefined ":false}],"isTemplate":false},
{"data":[{"text":"would you say that you are now a pet owner","userDefined ":false}],"isTemplate":false},
{"data":[{"text":"i need to know what kinds of pets you have","userDefined ":false}],"isTemplate":false},
{"data":[{"text":"do you own pets","userDefined ":false}],"isTemplate":false},
{"data":[{"text":"tell me whether you are a cat or dog person","userDefined ":false}],"isTemplate":false},
{"data":[{"text":"what is the colour of your pets","userDefined ":false}],"isTemplate":false},
{"data":[{"text":"would you like to live with a cat or a dog","userDefined ":false}],"isTemplate":false},
{"data":[{"text":"what sort of person are you, a cat or dog person","userDefined ":false}],"isTemplate":false},
{"data":[{"text":"share some information about your pets with me","userDefined ":false}],"isTemplate":false},
{"data":[{"text":"to what animal species do your pets belong","userDefined ":false}],"isTemplate":false},
{"data":[{"text":"i'd like to learn more about your pets","userDefined ":false}],"isTemplate":false},
{"data":[{"text":"what are the pets that you raise","userDefined ":false}],"isTemplate":false},
{"data":[{"text":"can you tell me the types of pets you have","userDefined ":false}],"isTemplate":false},
{"data":[{"text":"how many pets do you have","userDefined ":false}],"isTemplate":false},
{"data":[{"text":"tell me if you like cats or dogs","userDefined ":false}],"isTemplate":false},
{"data":[{"text":"tell me about your pets","userDefined ":false}],"isTemplate":false},
{"data":[{"text":"do you like cats or dogs","userDefined ":false}],"isTemplate":false},
{"data":[{"text":"specifically, what pets do you own","userDefined ":false}],"isTemplate":false},
{"data":[{"text":"so are cats and dogs liked by you","userDefined ":false}],"isTemplate":false},
{"data":[{"text":"cats or dogs","userDefined ":false}],"isTemplate":false},
{"data":[{"text":"so do you like cats or dogs","userDefined ":false}],"isTemplate":false},
{"data":[{"text":"why types of animals do you currently have as pets","userDefined ":false}],"isTemplate":false},
{"data":[{"text":"i am curious about whether you have pets","userDefined ":false}],"isTemplate":false},
{"data":[{"text":"how old are your pets","userDefined ":false}],"isTemplate":false},
{"data":[{"text":"i must know what kinds of pets you have","userDefined ":false}],"isTemplate":false},
{"data":[{"text":"what are the pet types you own","userDefined ":false}],"isTemplate":false},
{"data":[{"text":"which animals do you have at home","userDefined ":false}],"isTemplate":false},
{"data":[{"text":"do you have many kinds of pets at your house","userDefined ":false}],"isTemplate":false},
{"data":[{"text":"the pets are all good","userDefined ":false}],"isTemplate":false},
{"data":[{"text":"kind of what pets do you have","userDefined ":false}],"isTemplate":false},
{"data":[{"text":"would you tell me what kind of pets you have","userDefined ":false}],"isTemplate":false},
{"data":[{"text":"i gotta know what kinds of pets you have","userDefined ":false}],"isTemplate":false},
{"data":[{"text":"if you had to choose, would you choose a cat or a dog","userDefined ":false}],"isTemplate":false},
{"data":[{"text":"what are all your pets","userDefined ":false}],"isTemplate":false},
{"data":[{"text":"can you tell me about the pets you have","userDefined ":false}],"isTemplate":false},
{"data":[{"text":"are you a cat person","userDefined ":false}],"isTemplate":false},
{"data":[{"text":"which do you prefer, cats or dogs","userDefined ":false}],"isTemplate":false},
{"data":[{"text":"i want to hear about your pets","userDefined ":false}],"isTemplate":false},
{"data":[{"text":"on pets, what kind do you have","userDefined ":false}],"isTemplate":false},
{"data":[{"text":"are you a pet owner","userDefined ":false}],"isTemplate":false},
{"data":[{"text":"do you like cat or dogs","userDefined ":false}],"isTemplate":false},
{"data":[{"text":"how many different pets do you have","userDefined ":false}],"isTemplate":false},
{"data":[{"text":"think about if you could only say one or the other, which animal do you see yourself choosing, cats or dogs","userDefined ":false}],"isTemplate":false},
{"data":[{"text":"what sorts of pets do you own","userDefined ":false}],"isTemplate":false},
{"data":[{"text":"pets you have what kind","userDefined ":false}],"isTemplate":false},
{"data":[{"text":"are you currently a pet owner","userDefined ":false}],"isTemplate":false},
{"data":[{"text":"would you say you like dogs more or cats more","userDefined ":false}],"isTemplate":false}]