[{"data":[{"text":"how many dollars can i exchange for 5000 rubles","userDefined ":false}],"isTemplate":false},
{"data":[{"text":"tell me the exchange rate of dollars to yen","userDefined ":false}],"isTemplate":false},
{"data":[{"text":"what is 56 dollars in yen","userDefined ":false}],"isTemplate":false},
{"data":[{"text":"how many dollars can i exchange for 10000 rubles","userDefined ":false}],"isTemplate":false},
{"data":[{"text":"what's 50 euro in dollars","userDefined ":false}],"isTemplate":false},
{"data":[{"text":"how many us dollars can i get for 20 euros","userDefined ":false}],"isTemplate":false},
{"data":[{"text":"500 dollars equals what in pesos","userDefined ":false}],"isTemplate":false},
{"data":[{"text":"whats euros kroner in 25","userDefined ":false}],"isTemplate":false},
{"data":[{"text":"can you tell me today's rate for cad to usd","userDefined ":false}],"isTemplate":false},
{"data":[{"text":"can you tell me the exchange rate for yen to euros","userDefined ":false}],"isTemplate":false},
{"data":[{"text":"how many dollars can i exchange for 200 pounds","userDefined ":false}],"isTemplate":false},
{"data":[{"text":"how many dollars can i exchange for 25 euros","userDefined ":false}],"isTemplate":false},
{"data":[{"text":"what is one dollar worth in mexico","userDefined ":false}],"isTemplate":false},
{"data":[{"text":"whats dollars won in 15","userDefined ":false}],"isTemplate":false},
{"data":[{"text":"how many euros can i exchange for 200 yen","userDefined ":false}],"isTemplate":false},
{"data":[{"text":"how much is 10 us dollars in canadian dollars","userDefined ":false}],"isTemplate":false},
{"data":[{"text":"how much can i expect to receive if i trade in 6 yens","userDefined ":false}],"isTemplate":false},
{"data":[{"text":"what is the equal number of dollars i can exchange for 50 pesos","userDefined ":false}],"isTemplate":false},
{"data":[{"text":"how many canadian dollars can i exchange for 200 yen","userDefined ":false}],"isTemplate":false},
{"data":[{"text":"what is the exchange to yen if i have 100 us dollars","userDefined ":false}],"isTemplate":false},
{"data":[{"text":"i wanna know the exchange rate between yen and dollars","userDefined ":false}],"isTemplate":false},
{"data":[{"text":"what's dollars yen in 10","userDefined ":false}],"isTemplate":false},
{"data":[{"text":"usd to yen is what right now","userDefined ":false}],"isTemplate":false},
{"data":[{"text":"what is 5 in yen and rubles","userDefined ":false}],"isTemplate":false},
{"data":[{"text":"what is the yen worth in terms of the peso","userDefined ":false}],"isTemplate":false},
{"data":[{"text":"what's the currency conversion between rubles and pounds","userDefined ":false}],"isTemplate":false},
{"data":[{"text":"how does 10 pounds convert to euros","userDefined ":false}],"isTemplate":false},
{"data":[{"text":"what is the quantity of dollars i receive for trading 6 yens","userDefined ":false}],"isTemplate":false},
{"data":[{"text":"how many pesos in one dollar us","userDefined ":false}],"isTemplate":false},
{"data":[{"text":"what's the exchange rate between dollars and pesos","userDefined ":false}],"isTemplate":false},
{"data":[{"text":"usd to the euro exchanges at what right now","userDefined ":false}],"isTemplate":false},
{"data":[{"text":"exchange rate between mexico and us","userDefined ":false}],"isTemplate":false},
{"data":[{"text":"i wanna know five dollars in yen and rubles","userDefined ":false}],"isTemplate":false},
{"data":[{"text":"what is the current exchange rate of yen to lira","userDefined ":false}],"isTemplate":false},
{"data":[{"text":"tell me five dollars in yen and rubles","userDefined ":false}],"isTemplate":false},
{"data":[{"text":"what is the current going rate for exchanging dollars for pesos","userDefined ":false}],"isTemplate":false},
{"data":[{"text":"what's 10 pounds in dollars","userDefined ":false}],"isTemplate":false},
{"data":[{"text":"what is the exchange rate between british pounds and yen","userDefined ":false}],"isTemplate":false},
{"data":[{"text":"is the dollar strong against the yen today","userDefined ":false}],"isTemplate":false},
{"data":[{"text":"how many pesos can i get for one dollar","userDefined ":false}],"isTemplate":false},
{"data":[{"text":"what is the exchange rate in pesos for 100 dollars","userDefined ":false}],"isTemplate":false},
{"data":[{"text":"tell me the exchange rate between rubles and dollars","userDefined ":false}],"isTemplate":false},
{"data":[{"text":"how much is 500 dollars in pesos","userDefined ":false}],"isTemplate":false},
{"data":[{"text":"how many dollars can i exchange for 10 yen","userDefined ":false}],"isTemplate":false},
{"data":[{"text":"tell me the currency conversion rate from kurus to euros","userDefined ":false}],"isTemplate":false},
{"data":[{"text":"what is the maximum dollars i can get for 6 yens","userDefined ":false}],"isTemplate":false},
{"data":[{"text":"tell me the exchange rate between dollars and pesos","userDefined ":false}],"isTemplate":false},
{"data":[{"text":"i would love to know the exchange rate between rubles and pounds","userDefined ":false}],"isTemplate":false},
{"data":[{"text":"dollar to pesos exchange rate","userDefined ":false}],"isTemplate":false},
{"data":[{"text":"how many pesos equals 500 dollars","userDefined ":false}],"isTemplate":false}]
