[{"data":[{"text":"help me figure out when exactly my credit card will be expiring","userDefined ":false}],"isTemplate":false},
{"data":[{"text":"what date does my capital one card expire","userDefined ":false}],"isTemplate":false},
{"data":[{"text":"what is the month that my card is set to expire in","userDefined ":false}],"isTemplate":false},
{"data":[{"text":"when do i have to renew my card so it doesn't expire","userDefined ":false}],"isTemplate":false},
{"data":[{"text":"tell me the expiration date for my current credit card","userDefined ":false}],"isTemplate":false},
{"data":[{"text":"does my credit card expire soon","userDefined ":false}],"isTemplate":false},
{"data":[{"text":"how long will it be until my visa card expires","userDefined ":false}],"isTemplate":false},
{"data":[{"text":"could you look up the date that my credit card is set to expire","userDefined ":false}],"isTemplate":false},
{"data":[{"text":"during what month will my card's expiration date fall on","userDefined ":false}],"isTemplate":false},
{"data":[{"text":"tell me the expiry date of my credit card","userDefined ":false}],"isTemplate":false},
{"data":[{"text":"i need to know when my card is set to expire please","userDefined ":false}],"isTemplate":false},
{"data":[{"text":"when will my american express credit card expire","userDefined ":false}],"isTemplate":false},
{"data":[{"text":"how many more days before my credit card expires","userDefined ":false}],"isTemplate":false},
{"data":[{"text":"how long until my visa expires","userDefined ":false}],"isTemplate":false},
{"data":[{"text":"whats the expiration date on my credit card","userDefined ":false}],"isTemplate":false},
{"data":[{"text":"when's my visa card expiring","userDefined ":false}],"isTemplate":false},
{"data":[{"text":"how long until my mastercard expires","userDefined ":false}],"isTemplate":false},
{"data":[{"text":"when does my discover card expire","userDefined ":false}],"isTemplate":false},
{"data":[{"text":"what is the expiration date on my credit card","userDefined ":false}],"isTemplate":false},
{"data":[{"text":"what is the expiration date of my current card","userDefined ":false}],"isTemplate":false},
{"data":[{"text":"tell me the expiry month of my card","userDefined ":false}],"isTemplate":false},
{"data":[{"text":"tell me the month that my credit card will expire","userDefined ":false}],"isTemplate":false},
{"data":[{"text":"can you tell me what date my credit card expires","userDefined ":false}],"isTemplate":false},
{"data":[{"text":"please look up my card's expiration date","userDefined ":false}],"isTemplate":false},
{"data":[{"text":"can you tell me if my credit card expires in the near future","userDefined ":false}],"isTemplate":false},
{"data":[{"text":"how long is it until my credit card expires","userDefined ":false}],"isTemplate":false},
{"data":[{"text":"on what month and year does my card expire","userDefined ":false}],"isTemplate":false},
{"data":[{"text":"what is the expiry date of my credit card","userDefined ":false}],"isTemplate":false},
{"data":[{"text":"when will my discovery card expire","userDefined ":false}],"isTemplate":false},
{"data":[{"text":"is my credit card expiring soon","userDefined ":false}],"isTemplate":false},
{"data":[{"text":"can you check when my visa card expires","userDefined ":false}],"isTemplate":false},
{"data":[{"text":"what date will my hy-vee card need to be renewed","userDefined ":false}],"isTemplate":false},
{"data":[{"text":"when is my credit card going to expire","userDefined ":false}],"isTemplate":false},
{"data":[{"text":"will you please confirm the month that my card expires","userDefined ":false}],"isTemplate":false},
{"data":[{"text":"how much time do i have before my credit card expires","userDefined ":false}],"isTemplate":false},
{"data":[{"text":"how many days until my amex card reaches it expiration date","userDefined ":false}],"isTemplate":false},
{"data":[{"text":"on what date does my visa card expires","userDefined ":false}],"isTemplate":false},
{"data":[{"text":"can you check the expiration date for my amex card","userDefined ":false}],"isTemplate":false},
{"data":[{"text":"can you tell me the expiration date for my mastercard","userDefined ":false}],"isTemplate":false},
{"data":[{"text":"how long is it going to be until my card expires","userDefined ":false}],"isTemplate":false},
{"data":[{"text":"which month is the one in which my card expires","userDefined ":false}],"isTemplate":false},
{"data":[{"text":"how soon does my visa card expire","userDefined ":false}],"isTemplate":false},
{"data":[{"text":"what's the expiry month of my card","userDefined ":false}],"isTemplate":false},
{"data":[{"text":"please let me know when i need to renew my credit card","userDefined ":false}],"isTemplate":false},
{"data":[{"text":"can you find out for me when my credit card will be expiring","userDefined ":false}],"isTemplate":false},
{"data":[{"text":"what is the expiration date on my card","userDefined ":false}],"isTemplate":false},
{"data":[{"text":"what's the last date i can use my credit card","userDefined ":false}],"isTemplate":false},
{"data":[{"text":"how long is the validity of my credit card","userDefined ":false}],"isTemplate":false},
{"data":[{"text":"what's the month that my card expires","userDefined ":false}],"isTemplate":false},
{"data":[{"text":"do i need a new card yet","userDefined ":false}],"isTemplate":false}]
