[{"data":[{"text":"please find my phone","userDefined ":false}],"isTemplate":false},
{"data":[{"text":"where can i find my phone","userDefined ":false}],"isTemplate":false},
{"data":[{"text":"can you locate my phone","userDefined ":false}],"isTemplate":false},
{"data":[{"text":"i would like some help finding my phone","userDefined ":false}],"isTemplate":false},
{"data":[{"text":"please help me find my phone, because i lost it","userDefined ":false}],"isTemplate":false},
{"data":[{"text":"can you call my cellphone","userDefined ":false}],"isTemplate":false},
{"data":[{"text":"how can i find my phone","userDefined ":false}],"isTemplate":false},
{"data":[{"text":"is my phone in the house","userDefined ":false}],"isTemplate":false},
{"data":[{"text":"what is the location of my phone","userDefined ":false}],"isTemplate":false},
{"data":[{"text":"do you know where i left my phone","userDefined ":false}],"isTemplate":false},
{"data":[{"text":"help me find my phone","userDefined ":false}],"isTemplate":false},
{"data":[{"text":"please help me find my phone","userDefined ":false}],"isTemplate":false},
{"data":[{"text":"i need you to find my phone","userDefined ":false}],"isTemplate":false},
{"data":[{"text":"find my cellphone","userDefined ":false}],"isTemplate":false},
{"data":[{"text":"do you know where my phone is located now","userDefined ":false}],"isTemplate":false},
{"data":[{"text":"i lost my phone and need help retrieving it","userDefined ":false}],"isTemplate":false},
{"data":[{"text":"locate my phone for me","userDefined ":false}],"isTemplate":false},
{"data":[{"text":"help find my phone","userDefined ":false}],"isTemplate":false},
{"data":[{"text":"my phone is lost, can you help with that","userDefined ":false}],"isTemplate":false},
{"data":[{"text":"i don't remember where my phone is","userDefined ":false}],"isTemplate":false},
{"data":[{"text":"have you seen my cellphone","userDefined ":false}],"isTemplate":false},
{"data":[{"text":"where did i put my phone","userDefined ":false}],"isTemplate":false},
{"data":[{"text":"can you track the location of my phone","userDefined ":false}],"isTemplate":false},
{"data":[{"text":"please aid in my searching for my lost phone","userDefined ":false}],"isTemplate":false},
{"data":[{"text":"my phone is lost - can you help me find it","userDefined ":false}],"isTemplate":false},
{"data":[{"text":"call my phone, i can't find it","userDefined ":false}],"isTemplate":false},
{"data":[{"text":"my phone cannot be found","userDefined ":false}],"isTemplate":false},
{"data":[{"text":"who has seen my cellphone","userDefined ":false}],"isTemplate":false},
{"data":[{"text":"give me a hand finding my mobile device","userDefined ":false}],"isTemplate":false},
{"data":[{"text":"tell me where my phone is","userDefined ":false}],"isTemplate":false},
{"data":[{"text":"help me search for my phone","userDefined ":false}],"isTemplate":false},
{"data":[{"text":"i am looking for my phone","userDefined ":false}],"isTemplate":false},
{"data":[{"text":"i lost my phone and need assistance","userDefined ":false}],"isTemplate":false},
{"data":[{"text":"please help me find my cellphone","userDefined ":false}],"isTemplate":false},
{"data":[{"text":"i need to know where my phone is","userDefined ":false}],"isTemplate":false},
{"data":[{"text":"i need help finding my mobile phone","userDefined ":false}],"isTemplate":false},
{"data":[{"text":"can you help me find my lost phone","userDefined ":false}],"isTemplate":false},
{"data":[{"text":"where is my phone now","userDefined ":false}],"isTemplate":false},
{"data":[{"text":"i need my phone, but can't find it","userDefined ":false}],"isTemplate":false},
{"data":[{"text":"are you able to track a phone","userDefined ":false}],"isTemplate":false},
{"data":[{"text":"where was the last place i had my phone","userDefined ":false}],"isTemplate":false},
{"data":[{"text":"i don't know where i put my phone","userDefined ":false}],"isTemplate":false},
{"data":[{"text":"i lost my phone","userDefined ":false}],"isTemplate":false},
{"data":[{"text":"i need help figuring out where my phone is","userDefined ":false}],"isTemplate":false},
{"data":[{"text":"i can't seem to find my phone","userDefined ":false}],"isTemplate":false},
{"data":[{"text":"i seemed to misplaced my phone","userDefined ":false}],"isTemplate":false},
{"data":[{"text":"i can't find my phone do you know where it is","userDefined ":false}],"isTemplate":false},
{"data":[{"text":"can you find my iphone","userDefined ":false}],"isTemplate":false},
{"data":[{"text":"i need to locate my phone","userDefined ":false}],"isTemplate":false},
{"data":[{"text":"please locate my phone","userDefined ":false}],"isTemplate":false}]