[{"data":[{"text":"whats my delta flight's status","userDefined ":false}],"isTemplate":false},
{"data":[{"text":"when is my flight due to arrive","userDefined ":false}],"isTemplate":false},
{"data":[{"text":"when does my flight arrive","userDefined ":false}],"isTemplate":false},
{"data":[{"text":"is there an update on flight dl123","userDefined ":false}],"isTemplate":false},
{"data":[{"text":"when does boarding for my flight begin","userDefined ":false}],"isTemplate":false},
{"data":[{"text":"how long until delta is at the gate","userDefined ":false}],"isTemplate":false},
{"data":[{"text":"can you update me with the status of flight dl123","userDefined ":false}],"isTemplate":false},
{"data":[{"text":"whats the status of my south west flight","userDefined ":false}],"isTemplate":false},
{"data":[{"text":"i would appreciate it if you could tell me the status of my southwest flight","userDefined ":false}],"isTemplate":false},
{"data":[{"text":"what is the scheduled landing time for my flight","userDefined ":false}],"isTemplate":false},
{"data":[{"text":"what is the projected time frame for the flight to land","userDefined ":false}],"isTemplate":false},
{"data":[{"text":"when's my flight getting here","userDefined ":false}],"isTemplate":false},
{"data":[{"text":"whats the status of my delta flight","userDefined ":false}],"isTemplate":false},
{"data":[{"text":"do you mind informing me the status of my southwest flight","userDefined ":false}],"isTemplate":false},
{"data":[{"text":"please tell me the status of my southwest flight","userDefined ":false}],"isTemplate":false},
{"data":[{"text":"look up when my flight is set to start boarding","userDefined ":false}],"isTemplate":false},
{"data":[{"text":"at what time will my flight begin boarding","userDefined ":false}],"isTemplate":false},
{"data":[{"text":"when should i expect my flight to come in","userDefined ":false}],"isTemplate":false},
{"data":[{"text":"what time will i be able to board the plane","userDefined ":false}],"isTemplate":false},
{"data":[{"text":"can you tell me what time this flight is going to land","userDefined ":false}],"isTemplate":false},
{"data":[{"text":"tell me the status of flight dl123","userDefined ":false}],"isTemplate":false},
{"data":[{"text":"when is my plane scheduled to land","userDefined ":false}],"isTemplate":false},
{"data":[{"text":"can you check when my flight lands","userDefined ":false}],"isTemplate":false},
{"data":[{"text":"is there any news on flight dl123","userDefined ":false}],"isTemplate":false},
{"data":[{"text":"what's my flight's eta","userDefined ":false}],"isTemplate":false},
{"data":[{"text":"will my delta flight leave on time","userDefined ":false}],"isTemplate":false},
{"data":[{"text":"i wanna know when my flight scheduled to board","userDefined ":false}],"isTemplate":false},
{"data":[{"text":"tell me what time my flight ought to be landing","userDefined ":false}],"isTemplate":false},
{"data":[{"text":"at what point will this flight start letting people board","userDefined ":false}],"isTemplate":false},
{"data":[{"text":"when will my flight land","userDefined ":false}],"isTemplate":false},
{"data":[{"text":"i gotta know when my flight will land","userDefined ":false}],"isTemplate":false},
{"data":[{"text":"i would like to know when my flight scheduled to board","userDefined ":false}],"isTemplate":false},
{"data":[{"text":"when's my flight boarding","userDefined ":false}],"isTemplate":false},
{"data":[{"text":"what time will my flight be boarding","userDefined ":false}],"isTemplate":false},
{"data":[{"text":"when will my jetblue flight get here","userDefined ":false}],"isTemplate":false},
{"data":[{"text":"is my delta flight on time","userDefined ":false}],"isTemplate":false},
{"data":[{"text":"what time is my flight supposed to board","userDefined ":false}],"isTemplate":false},
{"data":[{"text":"when will i get to my destination","userDefined ":false}],"isTemplate":false},
{"data":[{"text":"what time is my flight scheduled to leave","userDefined ":false}],"isTemplate":false},
{"data":[{"text":"so when is my flight landing","userDefined ":false}],"isTemplate":false},
{"data":[{"text":"is flight dl123 on time","userDefined ":false}],"isTemplate":false},
{"data":[{"text":"when should the flight land","userDefined ":false}],"isTemplate":false},
{"data":[{"text":"give me the status of flight dl123","userDefined ":false}],"isTemplate":false},
{"data":[{"text":"i need to know the status of my alaska air flight","userDefined ":false}],"isTemplate":false},
{"data":[{"text":"can you tell me the status of my delta flight","userDefined ":false}],"isTemplate":false},
{"data":[{"text":"i need to know the status of flight dl123","userDefined ":false}],"isTemplate":false},
{"data":[{"text":"please tell me when my flight will land","userDefined ":false}],"isTemplate":false},
{"data":[{"text":"please inform me when my flight scheduled to board","userDefined ":false}],"isTemplate":false},
{"data":[{"text":"when will my delta flight depart","userDefined ":false}],"isTemplate":false},
{"data":[{"text":"at what time will my flight land","userDefined ":false}],"isTemplate":false}]
