[{"data":[{"text":"flip that dime","userDefined ":false}],"isTemplate":false},
{"data":[{"text":"flip that coin please, i choose heads","userDefined ":false}],"isTemplate":false},
{"data":[{"text":"flip a coin, you win with heads","userDefined ":false}],"isTemplate":false},
{"data":[{"text":"would you flip a coin","userDefined ":false}],"isTemplate":false},
{"data":[{"text":"please tell me if a coin lands on tails","userDefined ":false}],"isTemplate":false},
{"data":[{"text":"i need to do a fair coin flip","userDefined ":false}],"isTemplate":false},
{"data":[{"text":"i want a coin flip and i'll take tails","userDefined ":false}],"isTemplate":false},
{"data":[{"text":"heads or tails","userDefined ":false}],"isTemplate":false},
{"data":[{"text":"i want you to flip a fair sided coin","userDefined ":false}],"isTemplate":false},
{"data":[{"text":"spin a coin","userDefined ":false}],"isTemplate":false},
{"data":[{"text":"flip a coin and let me know if it lands on heads or tails, please","userDefined ":false}],"isTemplate":false},
{"data":[{"text":"will you flip a coin so i can make a choice","userDefined ":false}],"isTemplate":false},
{"data":[{"text":"ai, please flip a coin","userDefined ":false}],"isTemplate":false},
{"data":[{"text":"i ned you to flip a coin","userDefined ":false}],"isTemplate":false},
{"data":[{"text":"heads or tails i choose tails","userDefined ":false}],"isTemplate":false},
{"data":[{"text":"filp a coin, i call heads","userDefined ":false}],"isTemplate":false},
{"data":[{"text":"perform a coin flip","userDefined ":false}],"isTemplate":false},
{"data":[{"text":"go ahead and flip that coin, i am choosing heads here","userDefined ":false}],"isTemplate":false},
{"data":[{"text":"i want a coin flip","userDefined ":false}],"isTemplate":false},
{"data":[{"text":"ai, coin flip","userDefined ":false}],"isTemplate":false},
{"data":[{"text":"go ahead and flip a coin, i am calling tails","userDefined ":false}],"isTemplate":false},
{"data":[{"text":"flip the coin","userDefined ":false}],"isTemplate":false},
{"data":[{"text":"flip a coin for me","userDefined ":false}],"isTemplate":false},
{"data":[{"text":"flip a coin for me, with you calling heads","userDefined ":false}],"isTemplate":false},
{"data":[{"text":"flip it please","userDefined ":false}],"isTemplate":false},
{"data":[{"text":"flip a quarter","userDefined ":false}],"isTemplate":false},
{"data":[{"text":"i choose heads, now flip that coin","userDefined ":false}],"isTemplate":false},
{"data":[{"text":"toss a coin and tell me what it lands on","userDefined ":false}],"isTemplate":false},
{"data":[{"text":"can you do a coin flip","userDefined ":false}],"isTemplate":false},
{"data":[{"text":"please flip a coin for me, tails i win","userDefined ":false}],"isTemplate":false},
{"data":[{"text":"toss a coin i will take heads","userDefined ":false}],"isTemplate":false},
{"data":[{"text":"let's decide with a coin flip","userDefined ":false}],"isTemplate":false},
{"data":[{"text":"please flip a coin i hope its tails","userDefined ":false}],"isTemplate":false},
{"data":[{"text":"will you get a coin and flip it","userDefined ":false}],"isTemplate":false},
{"data":[{"text":"flip a two sided coin and tell me what it lands on","userDefined ":false}],"isTemplate":false},
{"data":[{"text":"can you flip a coin once","userDefined ":false}],"isTemplate":false},
{"data":[{"text":"flip that coin please","userDefined ":false}],"isTemplate":false},
{"data":[{"text":"flip a coin heads or tails","userDefined ":false}],"isTemplate":false},
{"data":[{"text":"heads or tails please","userDefined ":false}],"isTemplate":false},
{"data":[{"text":"i will determine it with a coin flip","userDefined ":false}],"isTemplate":false},
{"data":[{"text":"ai, heads or tails","userDefined ":false}],"isTemplate":false},
{"data":[{"text":"begin the coin flip now","userDefined ":false}],"isTemplate":false},
{"data":[{"text":"choose heads or tails and tell me what you came up with","userDefined ":false}],"isTemplate":false},
{"data":[{"text":"flip that coin once; it must be tails","userDefined ":false}],"isTemplate":false},
{"data":[{"text":"flip a coin if you will","userDefined ":false}],"isTemplate":false},
{"data":[{"text":"i require a coin flip","userDefined ":false}],"isTemplate":false},
{"data":[{"text":"i need you to flip a coin so i can decide","userDefined ":false}],"isTemplate":false},
{"data":[{"text":"please flip a coin and tell me what side it lands on","userDefined ":false}],"isTemplate":false},
{"data":[{"text":"i want you to help me make a decision by flipping a coin","userDefined ":false}],"isTemplate":false},
{"data":[{"text":"i call tails for a coin flip you need to do right now","userDefined ":false}],"isTemplate":false}]
