[{"data":[{"text":"how long can you keep chicken in the freeze before it goes bad","userDefined ":false}],"isTemplate":false},
{"data":[{"text":"i've had eggs in the fridge since monday are they safe eat","userDefined ":false}],"isTemplate":false},
{"data":[{"text":"what is the expiration date of the milk","userDefined ":false}],"isTemplate":false},
{"data":[{"text":"how long does cottage cheese keep in the fridge","userDefined ":false}],"isTemplate":false},
{"data":[{"text":"how long will eggs last in the fridge","userDefined ":false}],"isTemplate":false},
{"data":[{"text":"when will my milk be no good","userDefined ":false}],"isTemplate":false},
{"data":[{"text":"what is the length of time i can leave pork in the fridge","userDefined ":false}],"isTemplate":false},
{"data":[{"text":"cut cucumbers can stay in the fridge for how long before spoiling","userDefined ":false}],"isTemplate":false},
{"data":[{"text":"it seems to be that i have had pizza in the fridge since monday, so is it safe to eat","userDefined ":false}],"isTemplate":false},
{"data":[{"text":"how long does it take for dough in the freezer to go off","userDefined ":false}],"isTemplate":false},
{"data":[{"text":"i got to know how long can i keep pizza in the freezer for before it goes bad","userDefined ":false}],"isTemplate":false},
{"data":[{"text":"how long can i keep macaroni in the fridge before it spoils","userDefined ":false}],"isTemplate":false},
{"data":[{"text":"i have tomatoes from tuesday, do you think those are still good","userDefined ":false}],"isTemplate":false},
{"data":[{"text":"i need to know how long can i keep pizza in the freezer for before it goes bad","userDefined ":false}],"isTemplate":false},
{"data":[{"text":"is the tofu i put in the fridge tuesday still edible today","userDefined ":false}],"isTemplate":false},
{"data":[{"text":"i wanna know how long can i keep pizza in the freezer for before it goes bad","userDefined ":false}],"isTemplate":false},
{"data":[{"text":"when does milk expire","userDefined ":false}],"isTemplate":false},
{"data":[{"text":"has the leftover hamburger from last saturday gone bad","userDefined ":false}],"isTemplate":false},
{"data":[{"text":"when does pork go bad in the fridge","userDefined ":false}],"isTemplate":false},
{"data":[{"text":"it turns out i have had pizza in the fridge since monday, so is it safe to eat","userDefined ":false}],"isTemplate":false},
{"data":[{"text":"how long can pizza be in the fridge","userDefined ":false}],"isTemplate":false},
{"data":[{"text":"ribs can stay in the fridge for how long before they turn","userDefined ":false}],"isTemplate":false},
{"data":[{"text":"how long is it safe to leave a burger in the refrigerator","userDefined ":false}],"isTemplate":false},
{"data":[{"text":"so how long can pizza last in the fridge","userDefined ":false}],"isTemplate":false},
{"data":[{"text":"is there a limit to how long you can store bread in the freezer","userDefined ":false}],"isTemplate":false},
{"data":[{"text":"how long does it take tomatoes to expire","userDefined ":false}],"isTemplate":false},
{"data":[{"text":"how long is it safe to leave shrimp in the fridge","userDefined ":false}],"isTemplate":false},
{"data":[{"text":"how long do i have before frozen chicken will go bad","userDefined ":false}],"isTemplate":false},
{"data":[{"text":"when will my eggs go bad","userDefined ":false}],"isTemplate":false},
{"data":[{"text":"so it seems i have had pizza in the fridge since monday, so is it safe to eat","userDefined ":false}],"isTemplate":false},
{"data":[{"text":"what's the time frame for hamburger stored in the freezer to go bad","userDefined ":false}],"isTemplate":false},
{"data":[{"text":"is it safe to eat chicken that has been in the fridge since monday","userDefined ":false}],"isTemplate":false},
{"data":[{"text":"how long can i expect to keep steak in the freezer","userDefined ":false}],"isTemplate":false},
{"data":[{"text":"i have had pizza in the fridge since monday, so is it safe to eat","userDefined ":false}],"isTemplate":false},
{"data":[{"text":"how long will steaks last in the freezer","userDefined ":false}],"isTemplate":false},
{"data":[{"text":"the milk will expire when","userDefined ":false}],"isTemplate":false},
{"data":[{"text":"how long will my milk be good in the fridge","userDefined ":false}],"isTemplate":false},
{"data":[{"text":"how long does it take frozen steaks to go bad","userDefined ":false}],"isTemplate":false},
{"data":[{"text":"how long are eggs good for","userDefined ":false}],"isTemplate":false},
{"data":[{"text":"how long can i keep avocados in the fridge before they go bad","userDefined ":false}],"isTemplate":false},
{"data":[{"text":"what's the shelf life of guacamole in the fridge","userDefined ":false}],"isTemplate":false},
{"data":[{"text":"can i eat the eggs i've had in the fridge since 2/21","userDefined ":false}],"isTemplate":false},
{"data":[{"text":"is it okay to eat chicken that i put in the fridge on monday","userDefined ":false}],"isTemplate":false},
{"data":[{"text":"give me the length of time that i can leave milk in my fridge","userDefined ":false}],"isTemplate":false},
{"data":[{"text":"how long can i keep pizza in the freezer for before it goes bad","userDefined ":false}],"isTemplate":false},
{"data":[{"text":"how long until pork spoils in the fridge","userDefined ":false}],"isTemplate":false},
{"data":[{"text":"how long can i leave pizza in the fridge","userDefined ":false}],"isTemplate":false},
{"data":[{"text":"when do ribs expire","userDefined ":false}],"isTemplate":false},
{"data":[{"text":"i have had pasta in the fridge since monday, can is till consume it","userDefined ":false}],"isTemplate":false},
{"data":[{"text":"tell me when the milk will expire","userDefined ":false}],"isTemplate":false}]
