[{"data":[{"text":"i want you to immediatly block any further activity on my bb&t bank account","userDefined ":false}],"isTemplate":false},
{"data":[{"text":"place a block on my capital one account right now","userDefined ":false}],"isTemplate":false},
{"data":[{"text":"i want my account frozen","userDefined ":false}],"isTemplate":false},
{"data":[{"text":"i need to hold off on my account","userDefined ":false}],"isTemplate":false},
{"data":[{"text":"please do a stop on my bank account","userDefined ":false}],"isTemplate":false},
{"data":[{"text":"i need you to block my mutualone account now","userDefined ":false}],"isTemplate":false},
{"data":[{"text":"put a freeze on my bank account","userDefined ":false}],"isTemplate":false},
{"data":[{"text":"stop all payments to my bank account","userDefined ":false}],"isTemplate":false},
{"data":[{"text":"do you mind putting a stop on my bank account","userDefined ":false}],"isTemplate":false},
{"data":[{"text":"can you put a stop on my bank account now","userDefined ":false}],"isTemplate":false},
{"data":[{"text":"don't let payments go through using my bank account","userDefined ":false}],"isTemplate":false},
{"data":[{"text":"please freeze my account","userDefined ":false}],"isTemplate":false},
{"data":[{"text":"put a hold on my bank account please","userDefined ":false}],"isTemplate":false},
{"data":[{"text":"i'd like a block on my charles schwab account immediately","userDefined ":false}],"isTemplate":false},
{"data":[{"text":"place a hold on my bank account","userDefined ":false}],"isTemplate":false},
{"data":[{"text":"please turn my account to frozen","userDefined ":false}],"isTemplate":false},
{"data":[{"text":"can you put a stop on my bank account","userDefined ":false}],"isTemplate":false},
{"data":[{"text":"could you freeze my account, please","userDefined ":false}],"isTemplate":false},
{"data":[{"text":"i'd like a stop placed on my bank account","userDefined ":false}],"isTemplate":false},
{"data":[{"text":"turn off my account","userDefined ":false}],"isTemplate":false},
{"data":[{"text":"i need a block put on my chase account right away","userDefined ":false}],"isTemplate":false},
{"data":[{"text":"stop payments from my bank","userDefined ":false}],"isTemplate":false},
{"data":[{"text":"can i freeze my bank account","userDefined ":false}],"isTemplate":false},
{"data":[{"text":"please freeze my bank account","userDefined ":false}],"isTemplate":false},
{"data":[{"text":"please block my chase account right away","userDefined ":false}],"isTemplate":false},
{"data":[{"text":"dont allow any action on my account","userDefined ":false}],"isTemplate":false},
{"data":[{"text":"help me freeze my bank account, please","userDefined ":false}],"isTemplate":false},
{"data":[{"text":"i'd like to put a freeze on my bank account","userDefined ":false}],"isTemplate":false},
{"data":[{"text":"freeze my bank account","userDefined ":false}],"isTemplate":false},
{"data":[{"text":"i want my bank account frozen","userDefined ":false}],"isTemplate":false},
{"data":[{"text":"please make my account a frozen one","userDefined ":false}],"isTemplate":false},
{"data":[{"text":"put a stop on my deposit account","userDefined ":false}],"isTemplate":false},
{"data":[{"text":"put a hold on my bank of america account right away please","userDefined ":false}],"isTemplate":false},
{"data":[{"text":"freeze my account immediately","userDefined ":false}],"isTemplate":false},
{"data":[{"text":"is it too much trouble to put a stop on my bank account","userDefined ":false}],"isTemplate":false},
{"data":[{"text":"i need you to place a stop on my bank account, thank you","userDefined ":false}],"isTemplate":false},
{"data":[{"text":"can you block my chase account right away please","userDefined ":false}],"isTemplate":false},
{"data":[{"text":"my bank account must be frozen","userDefined ":false}],"isTemplate":false},
{"data":[{"text":"i need a stop placed on my bank account please","userDefined ":false}],"isTemplate":false},
{"data":[{"text":"pause my account","userDefined ":false}],"isTemplate":false},
{"data":[{"text":"could you put a stop on my bank account","userDefined ":false}],"isTemplate":false},
{"data":[{"text":"can you put a stop on my bank account, please","userDefined ":false}],"isTemplate":false},
{"data":[{"text":"please immediatly block my presidential bank account right now","userDefined ":false}],"isTemplate":false},
{"data":[{"text":"i need my account frozen","userDefined ":false}],"isTemplate":false},
{"data":[{"text":"put a hault on my savings account","userDefined ":false}],"isTemplate":false},
{"data":[{"text":"i'd like my account frozen","userDefined ":false}],"isTemplate":false},
{"data":[{"text":"block my chase account asap","userDefined ":false}],"isTemplate":false},
{"data":[{"text":"can you put a block on my chase account right away","userDefined ":false}],"isTemplate":false},
{"data":[{"text":"i would appreciate it if you put a stop on my bank account","userDefined ":false}],"isTemplate":false},
{"data":[{"text":"could you freeze my account now","userDefined ":false}],"isTemplate":false}]