[{"data":[{"text":"know any interesting facts","userDefined ":false}],"isTemplate":false},
{"data":[{"text":"read me some fun facts","userDefined ":false}],"isTemplate":false},
{"data":[{"text":"say trivia about lebron james","userDefined ":false}],"isTemplate":false},
{"data":[{"text":"what is a fun fact about mt everest","userDefined ":false}],"isTemplate":false},
{"data":[{"text":"can you share some trivia with me about us history","userDefined ":false}],"isTemplate":false},
{"data":[{"text":"i want to know some trivia about our solar system","userDefined ":false}],"isTemplate":false},
{"data":[{"text":"i want to learn a neat fact about black holes","userDefined ":false}],"isTemplate":false},
{"data":[{"text":"say a fun fact about mt everest","userDefined ":false}],"isTemplate":false},
{"data":[{"text":"do you know any trivia about ostriches","userDefined ":false}],"isTemplate":false},
{"data":[{"text":"fun facts about tigers","userDefined ":false}],"isTemplate":false},
{"data":[{"text":"tell me something fun about gravity","userDefined ":false}],"isTemplate":false},
{"data":[{"text":"can you tell me something i don't know about banks","userDefined ":false}],"isTemplate":false},
{"data":[{"text":"what's a fun fact about eggs","userDefined ":false}],"isTemplate":false},
{"data":[{"text":"tell me a fact i may not know","userDefined ":false}],"isTemplate":false},
{"data":[{"text":"what's an interesting fact about flamingos","userDefined ":false}],"isTemplate":false},
{"data":[{"text":"please tell me an interesting tidbit about the roman empire","userDefined ":false}],"isTemplate":false},
{"data":[{"text":"tell me some trivia about birds","userDefined ":false}],"isTemplate":false},
{"data":[{"text":"repeat that fun fact about mt everest","userDefined ":false}],"isTemplate":false},
{"data":[{"text":"i'd like to hear a fun fact about the nfl","userDefined ":false}],"isTemplate":false},
{"data":[{"text":"trivia about something,tell me some","userDefined ":false}],"isTemplate":false},
{"data":[{"text":"what's a good trivia fact about china","userDefined ":false}],"isTemplate":false},
{"data":[{"text":"give me a fun fact about otters","userDefined ":false}],"isTemplate":false},
{"data":[{"text":"do you know any trivia about the ocean","userDefined ":false}],"isTemplate":false},
{"data":[{"text":"what's a fun fact about mythology","userDefined ":false}],"isTemplate":false},
{"data":[{"text":"tell me a fun trivia bit about artificial intelligence","userDefined ":false}],"isTemplate":false},
{"data":[{"text":"give me an interesting fact about antarctica","userDefined ":false}],"isTemplate":false},
{"data":[{"text":"read me some interesting information about cats","userDefined ":false}],"isTemplate":false},
{"data":[{"text":"tell me some amazing trivia about radios","userDefined ":false}],"isTemplate":false},
{"data":[{"text":"can you give me a good piece of trivia about the rainforest","userDefined ":false}],"isTemplate":false},
{"data":[{"text":"lets hear a fact","userDefined ":false}],"isTemplate":false},
{"data":[{"text":"i want to know a fun fact about pluto","userDefined ":false}],"isTemplate":false},
{"data":[{"text":"tell me a fact","userDefined ":false}],"isTemplate":false},
{"data":[{"text":"please give me a really impressive piece of trivia about bubble gum","userDefined ":false}],"isTemplate":false},
{"data":[{"text":"what is a fun fact about dogs","userDefined ":false}],"isTemplate":false},
{"data":[{"text":"tell me a neat fact about the ocean","userDefined ":false}],"isTemplate":false},
{"data":[{"text":"what is one thing i might not know about nike shoes","userDefined ":false}],"isTemplate":false},
{"data":[{"text":"tell me something neat about the ocean floor","userDefined ":false}],"isTemplate":false},
{"data":[{"text":"tell me a fun fact about mt everest","userDefined ":false}],"isTemplate":false},
{"data":[{"text":"tell me a fun fact about butterflies","userDefined ":false}],"isTemplate":false},
{"data":[{"text":"do you know any fun facts about mt everest","userDefined ":false}],"isTemplate":false},
{"data":[{"text":"i want to hear an interesting fact about dinosaurs","userDefined ":false}],"isTemplate":false},
{"data":[{"text":"do you know any fun facts about the ocean","userDefined ":false}],"isTemplate":false},
{"data":[{"text":"what is the most unique piece of trivia relating to cameras","userDefined ":false}],"isTemplate":false},
{"data":[{"text":"what are some trivia questions about lebron james","userDefined ":false}],"isTemplate":false},
{"data":[{"text":"lets go threw some trivia on sports","userDefined ":false}],"isTemplate":false},
{"data":[{"text":"what is the most fun fact you know about the film industry","userDefined ":false}],"isTemplate":false},
{"data":[{"text":"please tell me a really fun fact about facebook","userDefined ":false}],"isTemplate":false},
{"data":[{"text":"lets fin out some fun facts about humans","userDefined ":false}],"isTemplate":false},
{"data":[{"text":"lets hear an interesting fact about funko pops","userDefined ":false}],"isTemplate":false},
{"data":[{"text":"tell me about something some trivia","userDefined ":false}],"isTemplate":false}]
