[{"data":[{"text":"do i need to get gas soon","userDefined ":false}],"isTemplate":false},
{"data":[{"text":"how many miles is there left to get to sioux falls","userDefined ":false}],"isTemplate":false},
{"data":[{"text":"please check the amount of gas i have","userDefined ":false}],"isTemplate":false},
{"data":[{"text":"what's left in my gas tank","userDefined ":false}],"isTemplate":false},
{"data":[{"text":"do i have a lot of gas left","userDefined ":false}],"isTemplate":false},
{"data":[{"text":"whats left as far as gas goes","userDefined ":false}],"isTemplate":false},
{"data":[{"text":"what level is my gas at","userDefined ":false}],"isTemplate":false},
{"data":[{"text":"do i have enough fuel in the gas tank","userDefined ":false}],"isTemplate":false},
{"data":[{"text":"how many gallons do i have left","userDefined ":false}],"isTemplate":false},
{"data":[{"text":"how much gas is in the tank","userDefined ":false}],"isTemplate":false},
{"data":[{"text":"how empty is my gas tank","userDefined ":false}],"isTemplate":false},
{"data":[{"text":"where's the gas tank level at","userDefined ":false}],"isTemplate":false},
{"data":[{"text":"what's the status of my gas tank","userDefined ":false}],"isTemplate":false},
{"data":[{"text":"what is my current gas level at","userDefined ":false}],"isTemplate":false},
{"data":[{"text":"how much gas is left","userDefined ":false}],"isTemplate":false},
{"data":[{"text":"do i have enough fuel to make it to the theater","userDefined ":false}],"isTemplate":false},
{"data":[{"text":"what is the amount of gas i have","userDefined ":false}],"isTemplate":false},
{"data":[{"text":"how much total gas do i have","userDefined ":false}],"isTemplate":false},
{"data":[{"text":"what is my gas level","userDefined ":false}],"isTemplate":false},
{"data":[{"text":"do i have enough fuel for the drive to tampa","userDefined ":false}],"isTemplate":false},
{"data":[{"text":"will i make it on the gas i have to orlando","userDefined ":false}],"isTemplate":false},
{"data":[{"text":"can you tell me the amount of gas i have","userDefined ":false}],"isTemplate":false},
{"data":[{"text":"can i make it to work with my current fuel level","userDefined ":false}],"isTemplate":false},
{"data":[{"text":"is my gas tank full","userDefined ":false}],"isTemplate":false},
{"data":[{"text":"can my car get to reno with the gas currently in my tank","userDefined ":false}],"isTemplate":false},
{"data":[{"text":"am i low on gas","userDefined ":false}],"isTemplate":false},
{"data":[{"text":"i would like to know the amount of gas i have","userDefined ":false}],"isTemplate":false},
{"data":[{"text":"what level is my gas tank at","userDefined ":false}],"isTemplate":false},
{"data":[{"text":"what do i have left in the gas tank","userDefined ":false}],"isTemplate":false},
{"data":[{"text":"what amount of fuel do i have left","userDefined ":false}],"isTemplate":false},
{"data":[{"text":"can you read my gas level","userDefined ":false}],"isTemplate":false},
{"data":[{"text":"i'd like to know how much gas is left","userDefined ":false}],"isTemplate":false},
{"data":[{"text":"what is the amount of gas left","userDefined ":false}],"isTemplate":false},
{"data":[{"text":"whats in my gas tank","userDefined ":false}],"isTemplate":false},
{"data":[{"text":"what my fuel tank at","userDefined ":false}],"isTemplate":false},
{"data":[{"text":"should i get more gas","userDefined ":false}],"isTemplate":false},
{"data":[{"text":"is the level of fuel in my car enough to get me to work","userDefined ":false}],"isTemplate":false},
{"data":[{"text":"is there enough fuel to make it to the walmart","userDefined ":false}],"isTemplate":false},
{"data":[{"text":"can you tell me the amount of gas i have remaining","userDefined ":false}],"isTemplate":false},
{"data":[{"text":"can my car get to dallas with the gas currently in my tank","userDefined ":false}],"isTemplate":false},
{"data":[{"text":"is there enough fuel to drive to tampa","userDefined ":false}],"isTemplate":false},
{"data":[{"text":"where is my gas level right now","userDefined ":false}],"isTemplate":false},
{"data":[{"text":"i need to know how much gas i have","userDefined ":false}],"isTemplate":false},
{"data":[{"text":"how much gas do i currently have","userDefined ":false}],"isTemplate":false},
{"data":[{"text":"is my gas tank at least half full","userDefined ":false}],"isTemplate":false},
{"data":[{"text":"do i have enough gas in the fuel tank","userDefined ":false}],"isTemplate":false},
{"data":[{"text":"i need to know how much gas i got","userDefined ":false}],"isTemplate":false},
{"data":[{"text":"how many miles can i go with my current fuel level","userDefined ":false}],"isTemplate":false},
{"data":[{"text":"can i make it to tampa without needing to get more gas","userDefined ":false}],"isTemplate":false},
{"data":[{"text":"what amount of gas is in my car","userDefined ":false}],"isTemplate":false}]
