[{"data":[{"text":"what type of gas does my car use","userDefined ":false}],"isTemplate":false},
{"data":[{"text":"what do i need to gas up this car","userDefined ":false}],"isTemplate":false},
{"data":[{"text":"tell me what type of gas this car uses","userDefined ":false}],"isTemplate":false},
{"data":[{"text":"does this take regular unleaded","userDefined ":false}],"isTemplate":false},
{"data":[{"text":"will this car run on the cheaper gas","userDefined ":false}],"isTemplate":false},
{"data":[{"text":"what type of fuel is used for this vehicle","userDefined ":false}],"isTemplate":false},
{"data":[{"text":"can i put normal unleaded in this car","userDefined ":false}],"isTemplate":false},
{"data":[{"text":"what kind of gas does this car take","userDefined ":false}],"isTemplate":false},
{"data":[{"text":"tell me what kind of gas this car uses","userDefined ":false}],"isTemplate":false},
{"data":[{"text":"what type of gas does this car need","userDefined ":false}],"isTemplate":false},
{"data":[{"text":"i would like to know the kind of gas that this car uses","userDefined ":false}],"isTemplate":false},
{"data":[{"text":"what kind of gas should go in this car","userDefined ":false}],"isTemplate":false},
{"data":[{"text":"i want to know the type of gasoline for this car","userDefined ":false}],"isTemplate":false},
{"data":[{"text":"can i use any fuel in my car","userDefined ":false}],"isTemplate":false},
{"data":[{"text":"is there a certain type of gas i need to use","userDefined ":false}],"isTemplate":false},
{"data":[{"text":"which type of gas do i need to put in my car","userDefined ":false}],"isTemplate":false},
{"data":[{"text":"what kind of fuel does my vehicle run on","userDefined ":false}],"isTemplate":false},
{"data":[{"text":"i wish to know the gas i need to fill this car up with","userDefined ":false}],"isTemplate":false},
{"data":[{"text":"what gas do i need to fill the car up with","userDefined ":false}],"isTemplate":false},
{"data":[{"text":"what gas does the car need","userDefined ":false}],"isTemplate":false},
{"data":[{"text":"tell me the fuel type used by my car","userDefined ":false}],"isTemplate":false},
{"data":[{"text":"what sort of fuel do i need for my car","userDefined ":false}],"isTemplate":false},
{"data":[{"text":"please inform me the gas i need to fill this car up with","userDefined ":false}],"isTemplate":false},
{"data":[{"text":"my car uses what type of fuel","userDefined ":false}],"isTemplate":false},
{"data":[{"text":"what type of fuel does my car use","userDefined ":false}],"isTemplate":false},
{"data":[{"text":"what kind of fuel do i need","userDefined ":false}],"isTemplate":false},
{"data":[{"text":"what kind of fuel goes in my engine","userDefined ":false}],"isTemplate":false},
{"data":[{"text":"tell me the gas i need to fill this car up with","userDefined ":false}],"isTemplate":false},
{"data":[{"text":"tell me the kind of fuel that my vehicle operates on","userDefined ":false}],"isTemplate":false},
{"data":[{"text":"tell me the gasoline type for this car","userDefined ":false}],"isTemplate":false},
{"data":[{"text":"what type of fuel should i use in my car","userDefined ":false}],"isTemplate":false},
{"data":[{"text":"tell me the fuel my car takes","userDefined ":false}],"isTemplate":false},
{"data":[{"text":"tell me what type of fuel i need to use for this car","userDefined ":false}],"isTemplate":false},
{"data":[{"text":"what type of gas do i need to use in this car","userDefined ":false}],"isTemplate":false},
{"data":[{"text":"what gas does the car use","userDefined ":false}],"isTemplate":false},
{"data":[{"text":"what kind of gas should i put in this car","userDefined ":false}],"isTemplate":false},
{"data":[{"text":"does this care use premium gas","userDefined ":false}],"isTemplate":false},
{"data":[{"text":"tell me what type of fuel my car uses","userDefined ":false}],"isTemplate":false},
{"data":[{"text":"what type of gas does this car take","userDefined ":false}],"isTemplate":false},
{"data":[{"text":"what percentage gas do i need","userDefined ":false}],"isTemplate":false},
{"data":[{"text":"what kind of gas is needed for this car","userDefined ":false}],"isTemplate":false},
{"data":[{"text":"i need to know what kind of gas to put in this car","userDefined ":false}],"isTemplate":false},
{"data":[{"text":"look up the type of gas needed for this vehicle","userDefined ":false}],"isTemplate":false},
{"data":[{"text":"what kind of gas should i put into this car","userDefined ":false}],"isTemplate":false},
{"data":[{"text":"what type of gas do i need for this car","userDefined ":false}],"isTemplate":false},
{"data":[{"text":"what kind of gas does this car use","userDefined ":false}],"isTemplate":false},
{"data":[{"text":"i wanna know the gas i need to fill this car up with","userDefined ":false}],"isTemplate":false},
{"data":[{"text":"what kind of gas does my car use","userDefined ":false}],"isTemplate":false},
{"data":[{"text":"is there a certain type of gas i need to use for this car","userDefined ":false}],"isTemplate":false},
{"data":[{"text":"what sort of gas should i get for my car","userDefined ":false}],"isTemplate":false}]