[{"data":[{"text":"nice to speak with you","userDefined ":false}],"isTemplate":false},
{"data":[{"text":"ai goodbye","userDefined ":false}],"isTemplate":false},
{"data":[{"text":"i had fun speaking with you","userDefined ":false}],"isTemplate":false},
{"data":[{"text":"peace","userDefined ":false}],"isTemplate":false},
{"data":[{"text":"later, thanks for chatting","userDefined ":false}],"isTemplate":false},
{"data":[{"text":"it was good chatting","userDefined ":false}],"isTemplate":false},
{"data":[{"text":"it was great to see you again, see ya later!","userDefined ":false}],"isTemplate":false},
{"data":[{"text":"talk later","userDefined ":false}],"isTemplate":false},
{"data":[{"text":"see you around","userDefined ":false}],"isTemplate":false},
{"data":[{"text":"i have to go ai goodbye","userDefined ":false}],"isTemplate":false},
{"data":[{"text":"bye now","userDefined ":false}],"isTemplate":false},
{"data":[{"text":"i\u00e2\u20ac\u2122ll be leaving now","userDefined ":false}],"isTemplate":false},
{"data":[{"text":"i have to go but it was nice talking again!","userDefined ":false}],"isTemplate":false},
{"data":[{"text":"i had a pleasure talking to you, see you later","userDefined ":false}],"isTemplate":false},
{"data":[{"text":"it was great chatting with you","userDefined ":false}],"isTemplate":false},
{"data":[{"text":"it was pleasant having a conversation with you","userDefined ":false}],"isTemplate":false},
{"data":[{"text":"nice to see you","userDefined ":false}],"isTemplate":false},
{"data":[{"text":"have a good one","userDefined ":false}],"isTemplate":false},
{"data":[{"text":"syonara, ai device!","userDefined ":false}],"isTemplate":false},
{"data":[{"text":"i must say goodbye","userDefined ":false}],"isTemplate":false},
{"data":[{"text":"glad we got to talk","userDefined ":false}],"isTemplate":false},
{"data":[{"text":"adios","userDefined ":false}],"isTemplate":false},
{"data":[{"text":"it was cool talking with you","userDefined ":false}],"isTemplate":false},
{"data":[{"text":"see you later, alligator","userDefined ":false}],"isTemplate":false},
{"data":[{"text":"it was good to talk to you today","userDefined ":false}],"isTemplate":false},
{"data":[{"text":"goodbye, helpful ai device!","userDefined ":false}],"isTemplate":false},
{"data":[{"text":"tootles","userDefined ":false}],"isTemplate":false},
{"data":[{"text":"cya later","userDefined ":false}],"isTemplate":false},
{"data":[{"text":"it was nice chatting with you","userDefined ":false}],"isTemplate":false},
{"data":[{"text":"ill see you around","userDefined ":false}],"isTemplate":false},
{"data":[{"text":"see you in a while","userDefined ":false}],"isTemplate":false},
{"data":[{"text":"bye!","userDefined ":false}],"isTemplate":false},
{"data":[{"text":"thanks for chatting, later","userDefined ":false}],"isTemplate":false},
{"data":[{"text":"bye for now","userDefined ":false}],"isTemplate":false},
{"data":[{"text":"i'm glad i got to talk to you","userDefined ":false}],"isTemplate":false},
{"data":[{"text":"i have to say goodbye","userDefined ":false}],"isTemplate":false},
{"data":[{"text":"nice talking again, bye","userDefined ":false}],"isTemplate":false},
{"data":[{"text":"i'm out of here","userDefined ":false}],"isTemplate":false},
{"data":[{"text":"it was enjoyable to chat with you","userDefined ":false}],"isTemplate":false},
{"data":[{"text":"see you again soon","userDefined ":false}],"isTemplate":false},
{"data":[{"text":"later gator!","userDefined ":false}],"isTemplate":false},
{"data":[{"text":"adios!","userDefined ":false}],"isTemplate":false},
{"data":[{"text":"good night","userDefined ":false}],"isTemplate":false},
{"data":[{"text":"it was nice to catch up with you","userDefined ":false}],"isTemplate":false},
{"data":[{"text":"take it easy!","userDefined ":false}],"isTemplate":false},
{"data":[{"text":"see ya","userDefined ":false}],"isTemplate":false},
{"data":[{"text":"that's all, bye","userDefined ":false}],"isTemplate":false},
{"data":[{"text":"farewell!","userDefined ":false}],"isTemplate":false},
{"data":[{"text":"catch you around","userDefined ":false}],"isTemplate":false},
{"data":[{"text":"this was a great conversation","userDefined ":false}],"isTemplate":false}]
