[{"data":[{"text":"how are you doing today, ai","userDefined ":false}],"isTemplate":false},
{"data":[{"text":"why, hello bandit","userDefined ":false}],"isTemplate":false},
{"data":[{"text":"just wanted to say hi","userDefined ":false}],"isTemplate":false},
{"data":[{"text":"hey what's up","userDefined ":false}],"isTemplate":false},
{"data":[{"text":"hey how's it hanging","userDefined ":false}],"isTemplate":false},
{"data":[{"text":"how are things with you","userDefined ":false}],"isTemplate":false},
{"data":[{"text":"are you doing okay","userDefined ":false}],"isTemplate":false},
{"data":[{"text":"how are you today","userDefined ":false}],"isTemplate":false},
{"data":[{"text":"have you been good","userDefined ":false}],"isTemplate":false},
{"data":[{"text":"howdy, what's new","userDefined ":false}],"isTemplate":false},
{"data":[{"text":"how is your day","userDefined ":false}],"isTemplate":false},
{"data":[{"text":"hey, ai","userDefined ":false}],"isTemplate":false},
{"data":[{"text":"hello, friend","userDefined ":false}],"isTemplate":false},
{"data":[{"text":"ai how are you doing today","userDefined ":false}],"isTemplate":false},
{"data":[{"text":"can you tell me how you're doing today","userDefined ":false}],"isTemplate":false},
{"data":[{"text":"how are things going","userDefined ":false}],"isTemplate":false},
{"data":[{"text":"greetings to you","userDefined ":false}],"isTemplate":false},
{"data":[{"text":"how's it going with you","userDefined ":false}],"isTemplate":false},
{"data":[{"text":"hi there alexa","userDefined ":false}],"isTemplate":false},
{"data":[{"text":"are you doing ok","userDefined ":false}],"isTemplate":false},
{"data":[{"text":"how're you doing","userDefined ":false}],"isTemplate":false},
{"data":[{"text":"ai, how are you feeling","userDefined ":false}],"isTemplate":false},
{"data":[{"text":"hi how is everything","userDefined ":false}],"isTemplate":false},
{"data":[{"text":"how have you been","userDefined ":false}],"isTemplate":false},
{"data":[{"text":"yo, hows it going","userDefined ":false}],"isTemplate":false},
{"data":[{"text":"hey there fellow","userDefined ":false}],"isTemplate":false},
{"data":[{"text":"hello, anyone there","userDefined ":false}],"isTemplate":false},
{"data":[{"text":"what's going on","userDefined ":false}],"isTemplate":false},
{"data":[{"text":"hola","userDefined ":false}],"isTemplate":false},
{"data":[{"text":"wake up, ai","userDefined ":false}],"isTemplate":false},
{"data":[{"text":"what's up","userDefined ":false}],"isTemplate":false},
{"data":[{"text":"is everything ok with you","userDefined ":false}],"isTemplate":false},
{"data":[{"text":"hi! are you doing okay","userDefined ":false}],"isTemplate":false},
{"data":[{"text":"how've you been feeling","userDefined ":false}],"isTemplate":false},
{"data":[{"text":"how is it going","userDefined ":false}],"isTemplate":false},
{"data":[{"text":"whats up with you","userDefined ":false}],"isTemplate":false},
{"data":[{"text":"is everything going okay","userDefined ":false}],"isTemplate":false},
{"data":[{"text":"aloha","userDefined ":false}],"isTemplate":false},
{"data":[{"text":"hello, ai","userDefined ":false}],"isTemplate":false},
{"data":[{"text":"ahoy hoy","userDefined ":false}],"isTemplate":false},
{"data":[{"text":"how are things for you","userDefined ":false}],"isTemplate":false},
{"data":[{"text":"whats up","userDefined ":false}],"isTemplate":false},
{"data":[{"text":"how is life treating you","userDefined ":false}],"isTemplate":false},
{"data":[{"text":"how is my ai doing","userDefined ":false}],"isTemplate":false},
{"data":[{"text":"hi ai","userDefined ":false}],"isTemplate":false},
{"data":[{"text":"how is everything going","userDefined ":false}],"isTemplate":false},
{"data":[{"text":"good evening","userDefined ":false}],"isTemplate":false},
{"data":[{"text":"hello, how are you","userDefined ":false}],"isTemplate":false},
{"data":[{"text":"hello siri","userDefined ":false}],"isTemplate":false},
{"data":[{"text":"bonjour","userDefined ":false}],"isTemplate":false}]