[{"data":[{"text":"will i have to wait to get a table at ihop","userDefined ":false}],"isTemplate":false},
{"data":[{"text":"at 5 pm, is kaya very busy","userDefined ":false}],"isTemplate":false},
{"data":[{"text":"how long should i expect to wait at the cheesecake factory before getting seated","userDefined ":false}],"isTemplate":false},
{"data":[{"text":"how busy is ihop at 5 pm","userDefined ":false}],"isTemplate":false},
{"data":[{"text":"how long will i have to wait before being seated at the cheese cake factory","userDefined ":false}],"isTemplate":false},
{"data":[{"text":"how long will the wait be at noon if we went to nagomi","userDefined ":false}],"isTemplate":false},
{"data":[{"text":"how busy is michel at 9","userDefined ":false}],"isTemplate":false},
{"data":[{"text":"can you tell me what the wait is like right now at cracker barrel","userDefined ":false}],"isTemplate":false},
{"data":[{"text":"how long will i wait for a table at red lobster","userDefined ":false}],"isTemplate":false},
{"data":[{"text":"can you check to see how busy that restaurant is for dinner","userDefined ":false}],"isTemplate":false},
{"data":[{"text":"is that place busy around dinner time","userDefined ":false}],"isTemplate":false},
{"data":[{"text":"what's the table wait at applebees","userDefined ":false}],"isTemplate":false},
{"data":[{"text":"i would like to find out if macaroni grill will be busy around 7:00 pm","userDefined ":false}],"isTemplate":false},
{"data":[{"text":"at four, how much business does georgio have","userDefined ":false}],"isTemplate":false},
{"data":[{"text":"is the restaurant busy at lunchtime","userDefined ":false}],"isTemplate":false},
{"data":[{"text":"is there a wait time to get into tgifridays","userDefined ":false}],"isTemplate":false},
{"data":[{"text":"find out what wait times are like right now at olive garden","userDefined ":false}],"isTemplate":false},
{"data":[{"text":"will i be able to get a seat at 5pm","userDefined ":false}],"isTemplate":false},
{"data":[{"text":"is kaya busy around 5 pm","userDefined ":false}],"isTemplate":false},
{"data":[{"text":"would i have to wait long if i want to eat at chili's","userDefined ":false}],"isTemplate":false},
{"data":[{"text":"what is the sitting time at this restaurant","userDefined ":false}],"isTemplate":false},
{"data":[{"text":"can i expect chili's to be busy at 4:30","userDefined ":false}],"isTemplate":false},
{"data":[{"text":"how busy do you expect olive garden to be at 6","userDefined ":false}],"isTemplate":false},
{"data":[{"text":"tell me how busy macaroni grill will be around 8 pm","userDefined ":false}],"isTemplate":false},
{"data":[{"text":"how busy is jiro at 12 lunch time","userDefined ":false}],"isTemplate":false},
{"data":[{"text":"what is the wait time at this restaurant","userDefined ":false}],"isTemplate":false},
{"data":[{"text":"find out how busy ihop usually is around 5 pm","userDefined ":false}],"isTemplate":false},
{"data":[{"text":"how busy is mc donald at 8 in the morning","userDefined ":false}],"isTemplate":false},
{"data":[{"text":"what's the typical wait time at red lobster","userDefined ":false}],"isTemplate":false},
{"data":[{"text":"if i go to olive garden at 4 pm, how busy will it be","userDefined ":false}],"isTemplate":false},
{"data":[{"text":"how long can i expect to wait for a restaurant table","userDefined ":false}],"isTemplate":false},
{"data":[{"text":"how busy will chili's be if i go at 6 pm","userDefined ":false}],"isTemplate":false},
{"data":[{"text":"i want to know how busy ruby tuesday will be at around 8:45 pm","userDefined ":false}],"isTemplate":false},
{"data":[{"text":"when will the restaurant be busiest","userDefined ":false}],"isTemplate":false},
{"data":[{"text":"how long will it take me to be seated at ihop","userDefined ":false}],"isTemplate":false},
{"data":[{"text":"how busy does outback get around 7pm","userDefined ":false}],"isTemplate":false},
{"data":[{"text":"if i go to tgifridays at eight, will they be crowded","userDefined ":false}],"isTemplate":false},
{"data":[{"text":"how busy will panera be at noon","userDefined ":false}],"isTemplate":false},
{"data":[{"text":"would you say that red lobster's pretty buy at noon","userDefined ":false}],"isTemplate":false},
{"data":[{"text":"what is the wait time at applebee's","userDefined ":false}],"isTemplate":false},
{"data":[{"text":"how long will i have to wait if i want to eat at panera","userDefined ":false}],"isTemplate":false},
{"data":[{"text":"is sage busy around noon","userDefined ":false}],"isTemplate":false},
{"data":[{"text":"how busy is zippy around 12 for lunch","userDefined ":false}],"isTemplate":false},
{"data":[{"text":"how long will i stand in line at carl jr's","userDefined ":false}],"isTemplate":false},
{"data":[{"text":"is that restaurant crowded during dinner","userDefined ":false}],"isTemplate":false},
{"data":[{"text":"how busy is imanas tei at 7 dinner","userDefined ":false}],"isTemplate":false},
{"data":[{"text":"is red lobster busy at 6pm","userDefined ":false}],"isTemplate":false},
{"data":[{"text":"can you tell me how busy outback steakhouse will be at 7:30 pm","userDefined ":false}],"isTemplate":false},
{"data":[{"text":"please look into the current wait times at chili's right now","userDefined ":false}],"isTemplate":false},
{"data":[{"text":"how long does it take to get a table at chili's","userDefined ":false}],"isTemplate":false}]
