[{"data":[{"text":"tell me your date of birth","userDefined ":false}],"isTemplate":false},
{"data":[{"text":"i'd like to know how old you are","userDefined ":false}],"isTemplate":false},
{"data":[{"text":"can you tell me how old you are","userDefined ":false}],"isTemplate":false},
{"data":[{"text":"how many years have you been on","userDefined ":false}],"isTemplate":false},
{"data":[{"text":"how many years ago was al born","userDefined ":false}],"isTemplate":false},
{"data":[{"text":"how old are you, ai","userDefined ":false}],"isTemplate":false},
{"data":[{"text":"ai, how long have you been alive","userDefined ":false}],"isTemplate":false},
{"data":[{"text":"your age please","userDefined ":false}],"isTemplate":false},
{"data":[{"text":"what is the date of your birth","userDefined ":false}],"isTemplate":false},
{"data":[{"text":"i'd love to hear when you were born","userDefined ":false}],"isTemplate":false},
{"data":[{"text":"how long have you been alive for","userDefined ":false}],"isTemplate":false},
{"data":[{"text":"for how long have you existed","userDefined ":false}],"isTemplate":false},
{"data":[{"text":"do you know exactly when you were born","userDefined ":false}],"isTemplate":false},
{"data":[{"text":"can you tell me the age of the ai","userDefined ":false}],"isTemplate":false},
{"data":[{"text":"tell me how old youare","userDefined ":false}],"isTemplate":false},
{"data":[{"text":"i want to know your age","userDefined ":false}],"isTemplate":false},
{"data":[{"text":"how many years has al been on earth","userDefined ":false}],"isTemplate":false},
{"data":[{"text":"how many years on the earth","userDefined ":false}],"isTemplate":false},
{"data":[{"text":"you are how old","userDefined ":false}],"isTemplate":false},
{"data":[{"text":"how old is al","userDefined ":false}],"isTemplate":false},
{"data":[{"text":"lemme know when you were born","userDefined ":false}],"isTemplate":false},
{"data":[{"text":"what is your birthday","userDefined ":false}],"isTemplate":false},
{"data":[{"text":"what's your age siri","userDefined ":false}],"isTemplate":false},
{"data":[{"text":"let me know when you were born","userDefined ":false}],"isTemplate":false},
{"data":[{"text":"how long have you been functional","userDefined ":false}],"isTemplate":false},
{"data":[{"text":"please tell me your date of birth","userDefined ":false}],"isTemplate":false},
{"data":[{"text":"how old will you be next year","userDefined ":false}],"isTemplate":false},
{"data":[{"text":"tell me when you were born","userDefined ":false}],"isTemplate":false},
{"data":[{"text":"when was your birth","userDefined ":false}],"isTemplate":false},
{"data":[{"text":"when did you originate","userDefined ":false}],"isTemplate":false},
{"data":[{"text":"how many years do you have","userDefined ":false}],"isTemplate":false},
{"data":[{"text":"how old are you today","userDefined ":false}],"isTemplate":false},
{"data":[{"text":"how old are you alexa","userDefined ":false}],"isTemplate":false},
{"data":[{"text":"how long have you been around","userDefined ":false}],"isTemplate":false},
{"data":[{"text":"ai, how old are you","userDefined ":false}],"isTemplate":false},
{"data":[{"text":"you're how old","userDefined ":false}],"isTemplate":false},
{"data":[{"text":"what's your age again","userDefined ":false}],"isTemplate":false},
{"data":[{"text":"what year were you born","userDefined ":false}],"isTemplate":false},
{"data":[{"text":"what is your creation date","userDefined ":false}],"isTemplate":false},
{"data":[{"text":"what age were you on your last birthday, ai","userDefined ":false}],"isTemplate":false},
{"data":[{"text":"tell me how old you are","userDefined ":false}],"isTemplate":false},
{"data":[{"text":"are you older than me","userDefined ":false}],"isTemplate":false},
{"data":[{"text":"do you know when you were born","userDefined ":false}],"isTemplate":false},
{"data":[{"text":"what is the exact date of your birth","userDefined ":false}],"isTemplate":false},
{"data":[{"text":"how old are you again","userDefined ":false}],"isTemplate":false},
{"data":[{"text":"can you tell me when you were born","userDefined ":false}],"isTemplate":false},
{"data":[{"text":"where did you grow up","userDefined ":false}],"isTemplate":false},
{"data":[{"text":"how old are you exactly","userDefined ":false}],"isTemplate":false},
{"data":[{"text":"tell me your age","userDefined ":false}],"isTemplate":false},
{"data":[{"text":"are you young or old","userDefined ":false}],"isTemplate":false}]
