[{"data":[{"text":"what are ways to improve my credit","userDefined ":false}],"isTemplate":false},
{"data":[{"text":"how can i ensure my credit score doesn't drop","userDefined ":false}],"isTemplate":false},
{"data":[{"text":"give me a recommendation to improve my credit score","userDefined ":false}],"isTemplate":false},
{"data":[{"text":"what can i do to raise my credit score","userDefined ":false}],"isTemplate":false},
{"data":[{"text":"how do i keep my credit score from dropping","userDefined ":false}],"isTemplate":false},
{"data":[{"text":"is it true a hard pull hurts my credit score","userDefined ":false}],"isTemplate":false},
{"data":[{"text":"are there ways for me to make my credit score better","userDefined ":false}],"isTemplate":false},
{"data":[{"text":"i'm not sure if this will hurt my credit score","userDefined ":false}],"isTemplate":false},
{"data":[{"text":"what are the best ways to build my credit score","userDefined ":false}],"isTemplate":false},
{"data":[{"text":"is it true that opening a new account can decrease your credit score","userDefined ":false}],"isTemplate":false},
{"data":[{"text":"can i harm my credit if i miss a car payment","userDefined ":false}],"isTemplate":false},
{"data":[{"text":"tell me if the following thing can hurt my credit score","userDefined ":false}],"isTemplate":false},
{"data":[{"text":"how do i maintain my credit score","userDefined ":false}],"isTemplate":false},
{"data":[{"text":"what factors can ruin a credit score","userDefined ":false}],"isTemplate":false},
{"data":[{"text":"will checking your credit lower my score","userDefined ":false}],"isTemplate":false},
{"data":[{"text":"i'd like to make my credit score better","userDefined ":false}],"isTemplate":false},
{"data":[{"text":"do you know if bouncing one check on your checking account can hurt your credit score or not","userDefined ":false}],"isTemplate":false},
{"data":[{"text":"what steps can i take to make sure my credit score doesn't go down","userDefined ":false}],"isTemplate":false},
{"data":[{"text":"what lowers credit score","userDefined ":false}],"isTemplate":false},
{"data":[{"text":"give me tips on maintaining good credit","userDefined ":false}],"isTemplate":false},
{"data":[{"text":"i'd like to find ways to improve my credit score","userDefined ":false}],"isTemplate":false},
{"data":[{"text":"what are some of the ways that i can see an improvement in my credit score","userDefined ":false}],"isTemplate":false},
{"data":[{"text":"how to improve a credit score","userDefined ":false}],"isTemplate":false},
{"data":[{"text":"how do i prevent my credit score from lowering","userDefined ":false}],"isTemplate":false},
{"data":[{"text":"what lowers you credit score","userDefined ":false}],"isTemplate":false},
{"data":[{"text":"what are some way s i can do to improe my credit score","userDefined ":false}],"isTemplate":false},
{"data":[{"text":"how do i make my credit score better","userDefined ":false}],"isTemplate":false},
{"data":[{"text":"how can i protect my credit rating","userDefined ":false}],"isTemplate":false},
{"data":[{"text":"show me some ways to build my credit score","userDefined ":false}],"isTemplate":false},
{"data":[{"text":"what can i do to keep my credit in good standing","userDefined ":false}],"isTemplate":false},
{"data":[{"text":"help me build my credit score by showing me some ways on how to","userDefined ":false}],"isTemplate":false},
{"data":[{"text":"i heard that opening a new account will decrease my credit score, is it true","userDefined ":false}],"isTemplate":false},
{"data":[{"text":"how can i make my credit score better","userDefined ":false}],"isTemplate":false},
{"data":[{"text":"what are some ways to keep my credit score up","userDefined ":false}],"isTemplate":false},
{"data":[{"text":"would being late hurt my credit","userDefined ":false}],"isTemplate":false},
{"data":[{"text":"how do i keep good credit","userDefined ":false}],"isTemplate":false},
{"data":[{"text":"how to keep credit score high","userDefined ":false}],"isTemplate":false},
{"data":[{"text":"tell me if opening a new account will decrease my credit score","userDefined ":false}],"isTemplate":false},
{"data":[{"text":"is there a quick way to improve my credit score","userDefined ":false}],"isTemplate":false},
{"data":[{"text":"please confirm that opening a new account can decrease your credit score","userDefined ":false}],"isTemplate":false},
{"data":[{"text":"how to improve my credit score","userDefined ":false}],"isTemplate":false},
{"data":[{"text":"what can i do to maintain good credit","userDefined ":false}],"isTemplate":false},
{"data":[{"text":"tell me how to improve my credit score","userDefined ":false}],"isTemplate":false},
{"data":[{"text":"what can i do to improve my credit score","userDefined ":false}],"isTemplate":false},
{"data":[{"text":"tell me ways to improve my credit score","userDefined ":false}],"isTemplate":false},
{"data":[{"text":"how can i stop my credit score from dropping","userDefined ":false}],"isTemplate":false},
{"data":[{"text":"how can i go about improving my credit score","userDefined ":false}],"isTemplate":false},
{"data":[{"text":"will doing this hurt my credit score","userDefined ":false}],"isTemplate":false},
{"data":[{"text":"are there any new harmful things that could affect my credit score","userDefined ":false}],"isTemplate":false},
{"data":[{"text":"can i protect my credit score","userDefined ":false}],"isTemplate":false}]