[{"data":[{"text":"what is my income","userDefined ":false}],"isTemplate":false},
{"data":[{"text":"how much do you make","userDefined ":false}],"isTemplate":false},
{"data":[{"text":"look up how much i earn annually","userDefined ":false}],"isTemplate":false},
{"data":[{"text":"can you tell me what my total income is for the pay period","userDefined ":false}],"isTemplate":false},
{"data":[{"text":"how much did i earn in income only last year","userDefined ":false}],"isTemplate":false},
{"data":[{"text":"my income equals what amount","userDefined ":false}],"isTemplate":false},
{"data":[{"text":"what is my salary","userDefined ":false}],"isTemplate":false},
{"data":[{"text":"please give me my salary figure","userDefined ":false}],"isTemplate":false},
{"data":[{"text":"how much money was deposited to my bank account from my employer this month","userDefined ":false}],"isTemplate":false},
{"data":[{"text":"do you know anything about my income","userDefined ":false}],"isTemplate":false},
{"data":[{"text":"what do i earn from my job","userDefined ":false}],"isTemplate":false},
{"data":[{"text":"i need more information about my income","userDefined ":false}],"isTemplate":false},
{"data":[{"text":"can you provide information on my income","userDefined ":false}],"isTemplate":false},
{"data":[{"text":"how much money do i have coming in each month","userDefined ":false}],"isTemplate":false},
{"data":[{"text":"what's my income been for the last 6 months","userDefined ":false}],"isTemplate":false},
{"data":[{"text":"what amount of money do i earn at work","userDefined ":false}],"isTemplate":false},
{"data":[{"text":"what has my income been like","userDefined ":false}],"isTemplate":false},
{"data":[{"text":"can you tell me what my income will be this week","userDefined ":false}],"isTemplate":false},
{"data":[{"text":"what is my hourly rate","userDefined ":false}],"isTemplate":false},
{"data":[{"text":"what's my take home from work","userDefined ":false}],"isTemplate":false},
{"data":[{"text":"how much money did i make","userDefined ":false}],"isTemplate":false},
{"data":[{"text":"what do you make in a year","userDefined ":false}],"isTemplate":false},
{"data":[{"text":"calculate my total income from my job","userDefined ":false}],"isTemplate":false},
{"data":[{"text":"can you tell me what my currnet salary is","userDefined ":false}],"isTemplate":false},
{"data":[{"text":"tell me how much money i'm earning at my job","userDefined ":false}],"isTemplate":false},
{"data":[{"text":"tell me my salary","userDefined ":false}],"isTemplate":false},
{"data":[{"text":"how much am i getting paid","userDefined ":false}],"isTemplate":false},
{"data":[{"text":"what is my gross income per pay period","userDefined ":false}],"isTemplate":false},
{"data":[{"text":"how much am i getting paid today","userDefined ":false}],"isTemplate":false},
{"data":[{"text":"what is the total amount of my paychecks over the last year","userDefined ":false}],"isTemplate":false},
{"data":[{"text":"advise me of my income","userDefined ":false}],"isTemplate":false},
{"data":[{"text":"what does my income amount to","userDefined ":false}],"isTemplate":false},
{"data":[{"text":"tell me my salary please","userDefined ":false}],"isTemplate":false},
{"data":[{"text":"how much have i earned this week","userDefined ":false}],"isTemplate":false},
{"data":[{"text":"i need to know my earnings","userDefined ":false}],"isTemplate":false},
{"data":[{"text":"how much can i expect on my next check","userDefined ":false}],"isTemplate":false},
{"data":[{"text":"can you tell me my exact salary","userDefined ":false}],"isTemplate":false},
{"data":[{"text":"how much am i making at my job","userDefined ":false}],"isTemplate":false},
{"data":[{"text":"what is my current net salary","userDefined ":false}],"isTemplate":false},
{"data":[{"text":"how much did i get paid","userDefined ":false}],"isTemplate":false},
{"data":[{"text":"what's my monthly income","userDefined ":false}],"isTemplate":false},
{"data":[{"text":"how much am i getting back from work","userDefined ":false}],"isTemplate":false},
{"data":[{"text":"what is your current income","userDefined ":false}],"isTemplate":false},
{"data":[{"text":"how much is my income going to be this month","userDefined ":false}],"isTemplate":false},
{"data":[{"text":"i need to know how much i make at my job","userDefined ":false}],"isTemplate":false},
{"data":[{"text":"what's my paycheck going to be","userDefined ":false}],"isTemplate":false},
{"data":[{"text":"can you tell me what i earned","userDefined ":false}],"isTemplate":false},
{"data":[{"text":"give me the details on my income","userDefined ":false}],"isTemplate":false},
{"data":[{"text":"what is my yearly salary","userDefined ":false}],"isTemplate":false},
{"data":[{"text":"i need to know my salary","userDefined ":false}],"isTemplate":false}]
