[{"data":[{"text":"what stuff would i need to make tortellini","userDefined ":false}],"isTemplate":false},
{"data":[{"text":"what do you mix to make a chocolate cake","userDefined ":false}],"isTemplate":false},
{"data":[{"text":"what do i need to make a cajun chili","userDefined ":false}],"isTemplate":false},
{"data":[{"text":"what ingredients are present in marshmallows","userDefined ":false}],"isTemplate":false},
{"data":[{"text":"what ingredients go in a milky way","userDefined ":false}],"isTemplate":false},
{"data":[{"text":"what ingredients do i need for philly cheesesteaks","userDefined ":false}],"isTemplate":false},
{"data":[{"text":"in terms of making scrambled eggs, what ingredients do i need","userDefined ":false}],"isTemplate":false},
{"data":[{"text":"what do i need to make a cake","userDefined ":false}],"isTemplate":false},
{"data":[{"text":"what all is in gumbo","userDefined ":false}],"isTemplate":false},
{"data":[{"text":"i want to make a meat stew what ingredients do i need","userDefined ":false}],"isTemplate":false},
{"data":[{"text":"what ingredients do i need to make broccoli cheddar soup","userDefined ":false}],"isTemplate":false},
{"data":[{"text":"the ingredients in pizza are what","userDefined ":false}],"isTemplate":false},
{"data":[{"text":"what stuff do you dump in an omelette","userDefined ":false}],"isTemplate":false},
{"data":[{"text":"what ingredients are in sushi","userDefined ":false}],"isTemplate":false},
{"data":[{"text":"ingredients needed to make a mexican lasagna","userDefined ":false}],"isTemplate":false},
{"data":[{"text":"pizza has which ingredients","userDefined ":false}],"isTemplate":false},
{"data":[{"text":"what ingredients are in cheese cake","userDefined ":false}],"isTemplate":false},
{"data":[{"text":"what are the ingredients of spaghetti","userDefined ":false}],"isTemplate":false},
{"data":[{"text":"what should i buy to make burritos tonight","userDefined ":false}],"isTemplate":false},
{"data":[{"text":"what goes into chicken noodle casserole","userDefined ":false}],"isTemplate":false},
{"data":[{"text":"what foods do i buy to put into a korean dinner","userDefined ":false}],"isTemplate":false},
{"data":[{"text":"do you have a list of ingredients that i'll need for blondies","userDefined ":false}],"isTemplate":false},
{"data":[{"text":"what would i need if i wanted to make chicken marsala","userDefined ":false}],"isTemplate":false},
{"data":[{"text":"chicken noodle casserole is made from what","userDefined ":false}],"isTemplate":false},
{"data":[{"text":"what goes into a strawberry smoothie","userDefined ":false}],"isTemplate":false},
{"data":[{"text":"what is gumbo made of","userDefined ":false}],"isTemplate":false},
{"data":[{"text":"what do you need to make general tsao's chicken","userDefined ":false}],"isTemplate":false},
{"data":[{"text":"what kind of stuff is in potato salad","userDefined ":false}],"isTemplate":false},
{"data":[{"text":"what ingredients do i need to make spaghetti","userDefined ":false}],"isTemplate":false},
{"data":[{"text":"what ingredients go in mashed potato","userDefined ":false}],"isTemplate":false},
{"data":[{"text":"what do i need to make chicken salad","userDefined ":false}],"isTemplate":false},
{"data":[{"text":"what ingredients do i need to make salmon salad","userDefined ":false}],"isTemplate":false},
{"data":[{"text":"what ingredients go in potato skins","userDefined ":false}],"isTemplate":false},
{"data":[{"text":"show me the ingredients that i need for ceviche","userDefined ":false}],"isTemplate":false},
{"data":[{"text":"what are the ingredients in gumbo","userDefined ":false}],"isTemplate":false},
{"data":[{"text":"what ingredients do i need for gumbo","userDefined ":false}],"isTemplate":false},
{"data":[{"text":"show me the recipe for broccoli cheddar soup","userDefined ":false}],"isTemplate":false},
{"data":[{"text":"what do you put in chili","userDefined ":false}],"isTemplate":false},
{"data":[{"text":"what ingredients are needed for shrimp cocktail","userDefined ":false}],"isTemplate":false},
{"data":[{"text":"what ingredients are in sugar cookies","userDefined ":false}],"isTemplate":false},
{"data":[{"text":"what ingredients are found in hunan chicken","userDefined ":false}],"isTemplate":false},
{"data":[{"text":"what ingredients are in coffee cakes","userDefined ":false}],"isTemplate":false},
{"data":[{"text":"which ingredients are in pizza","userDefined ":false}],"isTemplate":false},
{"data":[{"text":"the ingredients in pizza are which ones","userDefined ":false}],"isTemplate":false},
{"data":[{"text":"what does subway use to make a cold cut combo","userDefined ":false}],"isTemplate":false},
{"data":[{"text":"what ingredients do i need for tacos","userDefined ":false}],"isTemplate":false},
{"data":[{"text":"what ingredients are in salsa","userDefined ":false}],"isTemplate":false},
{"data":[{"text":"tell me the ingredients in pizza","userDefined ":false}],"isTemplate":false},
{"data":[{"text":"what do you need to make pancakes","userDefined ":false}],"isTemplate":false},
{"data":[{"text":"what do you put in a tibetan omelette","userDefined ":false}],"isTemplate":false}]
