[{"data":[{"text":"can i substitute rice milk for milk","userDefined ":false}],"isTemplate":false},
{"data":[{"text":"can i use sour cream instead of milk","userDefined ":false}],"isTemplate":false},
{"data":[{"text":"is it okay to switch water for milk","userDefined ":false}],"isTemplate":false},
{"data":[{"text":"i don't have sour cream, can i use yogurt instead","userDefined ":false}],"isTemplate":false},
{"data":[{"text":"can i use baking soda instead of baking powder","userDefined ":false}],"isTemplate":false},
{"data":[{"text":"can i use yogurt in place of sour cream","userDefined ":false}],"isTemplate":false},
{"data":[{"text":"could i use olive oil instead of grape seed oil","userDefined ":false}],"isTemplate":false},
{"data":[{"text":"alternatives to white wine in food","userDefined ":false}],"isTemplate":false},
{"data":[{"text":"can i substitute apple juice for wine","userDefined ":false}],"isTemplate":false},
{"data":[{"text":"are you able to sub white sugar for brown sugar","userDefined ":false}],"isTemplate":false},
{"data":[{"text":"please allow me to swap salt for baking soda","userDefined ":false}],"isTemplate":false},
{"data":[{"text":"can i substitute bacon for sausage","userDefined ":false}],"isTemplate":false},
{"data":[{"text":"can i use milk instead of cream","userDefined ":false}],"isTemplate":false},
{"data":[{"text":"can i exchange milk for cream in recipes","userDefined ":false}],"isTemplate":false},
{"data":[{"text":"is it ok to substitute spinach for lettuce","userDefined ":false}],"isTemplate":false},
{"data":[{"text":"can i substitute yogurt for sour cream","userDefined ":false}],"isTemplate":false},
{"data":[{"text":"can i substitute honey for sugar","userDefined ":false}],"isTemplate":false},
{"data":[{"text":"can i use sour cream instead of yogurt","userDefined ":false}],"isTemplate":false},
{"data":[{"text":"if a recipe calls for sour cream, can i use yogurt","userDefined ":false}],"isTemplate":false},
{"data":[{"text":"is it acceptable to swap rice for quinoa","userDefined ":false}],"isTemplate":false},
{"data":[{"text":"can i use sour cream in place of creme fraiche","userDefined ":false}],"isTemplate":false},
{"data":[{"text":"is it acceptable to swap milk for water","userDefined ":false}],"isTemplate":false},
{"data":[{"text":"what can i use as a substitute for yeast","userDefined ":false}],"isTemplate":false},
{"data":[{"text":"can i substitute vinegar for apple cider vinegar","userDefined ":false}],"isTemplate":false},
{"data":[{"text":"can i use salt instead of baking soda","userDefined ":false}],"isTemplate":false},
{"data":[{"text":"can you sub half and half for heavy whipping cream","userDefined ":false}],"isTemplate":false},
{"data":[{"text":"is it acceptable to swap chicken for pork","userDefined ":false}],"isTemplate":false},
{"data":[{"text":"can i use dark brown sugar instead of brown sugar","userDefined ":false}],"isTemplate":false},
{"data":[{"text":"is it acceptable to swap salt for baking soda","userDefined ":false}],"isTemplate":false},
{"data":[{"text":"can i substitute oregano for basil","userDefined ":false}],"isTemplate":false},
{"data":[{"text":"is it possible to use sausage instead of hot dog","userDefined ":false}],"isTemplate":false},
{"data":[{"text":"i wanna swap salt for baking soda","userDefined ":false}],"isTemplate":false},
{"data":[{"text":"i need to sub sugar for salt","userDefined ":false}],"isTemplate":false},
{"data":[{"text":"cumin may be substituted for tumeric","userDefined ":false}],"isTemplate":false},
{"data":[{"text":"can i swap coconut milk for condensed milk","userDefined ":false}],"isTemplate":false},
{"data":[{"text":"is it acceptable to swap marinara for alfredo","userDefined ":false}],"isTemplate":false},
{"data":[{"text":"can i swap sugar for salt","userDefined ":false}],"isTemplate":false},
{"data":[{"text":"can i use olive oil instead of butter","userDefined ":false}],"isTemplate":false},
{"data":[{"text":"is it fine to sub bread flour with all-purpose flour","userDefined ":false}],"isTemplate":false},
{"data":[{"text":"is it ok to sub sugar for salt","userDefined ":false}],"isTemplate":false},
{"data":[{"text":"it is okay to replace water instead of milk","userDefined ":false}],"isTemplate":false},
{"data":[{"text":"can i use sharp cheddar instead of muenster","userDefined ":false}],"isTemplate":false},
{"data":[{"text":"is it ok to use brown sugar instead of powdered sugar","userDefined ":false}],"isTemplate":false},
{"data":[{"text":"can i use almond milk instead of rice milk","userDefined ":false}],"isTemplate":false},
{"data":[{"text":"can i substitute eggs for milk in a recipe","userDefined ":false}],"isTemplate":false},
{"data":[{"text":"would it be possible to replace the salt with baking soda","userDefined ":false}],"isTemplate":false},
{"data":[{"text":"can i substitute ginger for garlic","userDefined ":false}],"isTemplate":false},
{"data":[{"text":"will it be okay if i use water instead of milk","userDefined ":false}],"isTemplate":false},
{"data":[{"text":"can i swap yogurt for sour cream","userDefined ":false}],"isTemplate":false},
{"data":[{"text":"i wanna sub sugar for salt","userDefined ":false}],"isTemplate":false}]
