[{"data":[{"text":"how do i get new insurance, please","userDefined ":false}],"isTemplate":false},
{"data":[{"text":"i need to change my insurance to a plan with a lower deductible","userDefined ":false}],"isTemplate":false},
{"data":[{"text":"i shall switch to a new insurance plan","userDefined ":false}],"isTemplate":false},
{"data":[{"text":"what are my options for new insurance plans","userDefined ":false}],"isTemplate":false},
{"data":[{"text":"i need to get new insurance, how do i do it","userDefined ":false}],"isTemplate":false},
{"data":[{"text":"how can i find out about new insurance","userDefined ":false}],"isTemplate":false},
{"data":[{"text":"what rental insurance policy do you recommend","userDefined ":false}],"isTemplate":false},
{"data":[{"text":"help me find a new auto insurance policy","userDefined ":false}],"isTemplate":false},
{"data":[{"text":"i want to find a new united healthcare plan to get on","userDefined ":false}],"isTemplate":false},
{"data":[{"text":"how do i change my insurance policy","userDefined ":false}],"isTemplate":false},
{"data":[{"text":"i want help adjusting my insurance policy","userDefined ":false}],"isTemplate":false},
{"data":[{"text":"help me find new insurance providers","userDefined ":false}],"isTemplate":false},
{"data":[{"text":"my insurance plan needs to be changed","userDefined ":false}],"isTemplate":false},
{"data":[{"text":"how do i apply for new insurance","userDefined ":false}],"isTemplate":false},
{"data":[{"text":"can you help me get on a new united healthcare insurance plan","userDefined ":false}],"isTemplate":false},
{"data":[{"text":"i need a new house insurance plan","userDefined ":false}],"isTemplate":false},
{"data":[{"text":"i want to get a new car insurance plan","userDefined ":false}],"isTemplate":false},
{"data":[{"text":"what steps do i need to take to switch my insurance plan from an hmo to a high deductible ppo plan","userDefined ":false}],"isTemplate":false},
{"data":[{"text":"i gotta switch to a new insurance plan","userDefined ":false}],"isTemplate":false},
{"data":[{"text":"how do i make my insurance policy different","userDefined ":false}],"isTemplate":false},
{"data":[{"text":"how do i change my current insurance to a new plan with lower co-pay","userDefined ":false}],"isTemplate":false},
{"data":[{"text":"i'd like a new life insurance plan","userDefined ":false}],"isTemplate":false},
{"data":[{"text":"i am hoping to switch insurance plans","userDefined ":false}],"isTemplate":false},
{"data":[{"text":"i need new health insurance","userDefined ":false}],"isTemplate":false},
{"data":[{"text":"how can i get new insurance, please","userDefined ":false}],"isTemplate":false},
{"data":[{"text":"i would like to alter my insurance plan","userDefined ":false}],"isTemplate":false},
{"data":[{"text":"what do i do for new insurance","userDefined ":false}],"isTemplate":false},
{"data":[{"text":"help me modify my insurance policy","userDefined ":false}],"isTemplate":false},
{"data":[{"text":"walk me through making changes to my insurance policy","userDefined ":false}],"isTemplate":false},
{"data":[{"text":"website to start aaa new insurance plan","userDefined ":false}],"isTemplate":false},
{"data":[{"text":"i need to get on a new united healthcare insurance plan","userDefined ":false}],"isTemplate":false},
{"data":[{"text":"i need new health care coverage","userDefined ":false}],"isTemplate":false},
{"data":[{"text":"how to create a new aaa insurance plan","userDefined ":false}],"isTemplate":false},
{"data":[{"text":"i need to know how to change my insurance","userDefined ":false}],"isTemplate":false},
{"data":[{"text":"i am in need of a switch to my insurance plan","userDefined ":false}],"isTemplate":false},
{"data":[{"text":"i'd like to get on a new united healthcare plan","userDefined ":false}],"isTemplate":false},
{"data":[{"text":"i would like you to help me get on another united healthcare insurance plan","userDefined ":false}],"isTemplate":false},
{"data":[{"text":"how is new insurance gotten","userDefined ":false}],"isTemplate":false},
{"data":[{"text":"aaa insurance start new plan","userDefined ":false}],"isTemplate":false},
{"data":[{"text":"switch my insurance plan to a new one","userDefined ":false}],"isTemplate":false},
{"data":[{"text":"i need a newer insurance plan","userDefined ":false}],"isTemplate":false},
{"data":[{"text":"i am interested in acquiring new insurance","userDefined ":false}],"isTemplate":false},
{"data":[{"text":"help make changes to my insurance policy","userDefined ":false}],"isTemplate":false},
{"data":[{"text":"i need new insurance, how do i get it","userDefined ":false}],"isTemplate":false},
{"data":[{"text":"i need new insurance but dont know how to get it","userDefined ":false}],"isTemplate":false},
{"data":[{"text":"my insurance policy needs to be adjusted","userDefined ":false}],"isTemplate":false},
{"data":[{"text":"where do i go to get new insurance","userDefined ":false}],"isTemplate":false},
{"data":[{"text":"how do i alter my insurance policy","userDefined ":false}],"isTemplate":false},
{"data":[{"text":"what is the protocol for modifying my insurance policy","userDefined ":false}],"isTemplate":false},
{"data":[{"text":"i need help acquiring new insurance","userDefined ":false}],"isTemplate":false}]