[{"data":[{"text":"what are the health benefits i have","userDefined ":false}],"isTemplate":false},
{"data":[{"text":"what health benefits can i use","userDefined ":false}],"isTemplate":false},
{"data":[{"text":"what's my health plan","userDefined ":false}],"isTemplate":false},
{"data":[{"text":"can i obtain health benefits","userDefined ":false}],"isTemplate":false},
{"data":[{"text":"do you know the health plan i'm on","userDefined ":false}],"isTemplate":false},
{"data":[{"text":"what is the name of my health insurance","userDefined ":false}],"isTemplate":false},
{"data":[{"text":"do you know what my health benefits are","userDefined ":false}],"isTemplate":false},
{"data":[{"text":"what kind of insurance plan am i enrolled in","userDefined ":false}],"isTemplate":false},
{"data":[{"text":"may i know my insurance benefits","userDefined ":false}],"isTemplate":false},
{"data":[{"text":"my insurance benefits are what","userDefined ":false}],"isTemplate":false},
{"data":[{"text":"i need you to tell me what benefits are included in my insurance","userDefined ":false}],"isTemplate":false},
{"data":[{"text":"what's the healthcare plan i'm on","userDefined ":false}],"isTemplate":false},
{"data":[{"text":"please find the benefits provided by my insurance","userDefined ":false}],"isTemplate":false},
{"data":[{"text":"what are my insurance assets","userDefined ":false}],"isTemplate":false},
{"data":[{"text":"tell me about my insurance benefits","userDefined ":false}],"isTemplate":false},
{"data":[{"text":"i'm wondering what health plan i'm on","userDefined ":false}],"isTemplate":false},
{"data":[{"text":"remind me of which insurance plan i'm currently enrolled in","userDefined ":false}],"isTemplate":false},
{"data":[{"text":"i would like to know all of the covered benefits that are given by my health care plan","userDefined ":false}],"isTemplate":false},
{"data":[{"text":"list my insurance benefits","userDefined ":false}],"isTemplate":false},
{"data":[{"text":"what kind of insurance plan am i enrolled in, please","userDefined ":false}],"isTemplate":false},
{"data":[{"text":"tell me my health plan","userDefined ":false}],"isTemplate":false},
{"data":[{"text":"what are my insurance perks","userDefined ":false}],"isTemplate":false},
{"data":[{"text":"can you tell me the name of the insurance plan i'm a member of","userDefined ":false}],"isTemplate":false},
{"data":[{"text":"what are the benefits i get for my health","userDefined ":false}],"isTemplate":false},
{"data":[{"text":"can you tell me my insurance benefits","userDefined ":false}],"isTemplate":false},
{"data":[{"text":"please look up the name of my insurance plan","userDefined ":false}],"isTemplate":false},
{"data":[{"text":"any word on my healthcare plan","userDefined ":false}],"isTemplate":false},
{"data":[{"text":"whats included with my insurance","userDefined ":false}],"isTemplate":false},
{"data":[{"text":"insurance benefit details","userDefined ":false}],"isTemplate":false},
{"data":[{"text":"what is the aid i get from these health benefits","userDefined ":false}],"isTemplate":false},
{"data":[{"text":"can you explain my benefits","userDefined ":false}],"isTemplate":false},
{"data":[{"text":"what's my insurance benefits like","userDefined ":false}],"isTemplate":false},
{"data":[{"text":"what type of insurance plan am i enrolled in, please","userDefined ":false}],"isTemplate":false},
{"data":[{"text":"what insurance benefits am i getting","userDefined ":false}],"isTemplate":false},
{"data":[{"text":"what health plan do i have","userDefined ":false}],"isTemplate":false},
{"data":[{"text":"give me info on my health plan","userDefined ":false}],"isTemplate":false},
{"data":[{"text":"what benefits does my health coverage give me","userDefined ":false}],"isTemplate":false},
{"data":[{"text":"what benefits are included in my package","userDefined ":false}],"isTemplate":false},
{"data":[{"text":"can you tell me my health plan","userDefined ":false}],"isTemplate":false},
{"data":[{"text":"what's my current health care plan","userDefined ":false}],"isTemplate":false},
{"data":[{"text":"what are my insurance amenities","userDefined ":false}],"isTemplate":false},
{"data":[{"text":"what benefits are associated with my insurance","userDefined ":false}],"isTemplate":false},
{"data":[{"text":"what was my health plan again","userDefined ":false}],"isTemplate":false},
{"data":[{"text":"what are my insurance rewards","userDefined ":false}],"isTemplate":false},
{"data":[{"text":"is it possible for you to let me know what health plan i'm on","userDefined ":false}],"isTemplate":false},
{"data":[{"text":"can you tell me what is included in my health benefits","userDefined ":false}],"isTemplate":false},
{"data":[{"text":"where is the list of my insurance benefits","userDefined ":false}],"isTemplate":false},
{"data":[{"text":"give me information on my health plan","userDefined ":false}],"isTemplate":false},
{"data":[{"text":"what benefits are available with my insurance","userDefined ":false}],"isTemplate":false},
{"data":[{"text":"i'm curious what health plan i'm on","userDefined ":false}],"isTemplate":false}]