[{"data":[{"text":"what, if any, are the charges for using my card in mexico","userDefined ":false}],"isTemplate":false},
{"data":[{"text":"do i get charged more for using my card in canada","userDefined ":false}],"isTemplate":false},
{"data":[{"text":"what are the international transaction fees for my chase card","userDefined ":false}],"isTemplate":false},
{"data":[{"text":"how much is the charge of using my card in italy during my stay there","userDefined ":false}],"isTemplate":false},
{"data":[{"text":"is there a surcharge for using my card in mexico","userDefined ":false}],"isTemplate":false},
{"data":[{"text":"will i be charged for using my card in japan","userDefined ":false}],"isTemplate":false},
{"data":[{"text":"if i use my card in mexico do i get an extra fee","userDefined ":false}],"isTemplate":false},
{"data":[{"text":"are there any transaction fees associated with my amex card if i am in belgium","userDefined ":false}],"isTemplate":false},
{"data":[{"text":"does american express charge transaction fees for iceland","userDefined ":false}],"isTemplate":false},
{"data":[{"text":"are there many international transactions fees for the freedom card","userDefined ":false}],"isTemplate":false},
{"data":[{"text":"will i be charged if i use my card in canada","userDefined ":false}],"isTemplate":false},
{"data":[{"text":"are there any transaction fees associated with my navy federal card if i am in germany","userDefined ":false}],"isTemplate":false},
{"data":[{"text":"will my discover card ding me with transaction fees if i'm in aruba","userDefined ":false}],"isTemplate":false},
{"data":[{"text":"are there any transaction fees associated with my usaa card if i am in india","userDefined ":false}],"isTemplate":false},
{"data":[{"text":"will i receive a fee if i use my card in ireland","userDefined ":false}],"isTemplate":false},
{"data":[{"text":"what are the fees to use my card in nigeria","userDefined ":false}],"isTemplate":false},
{"data":[{"text":"i would like to know if there are any fees for using my capital one card in london, england","userDefined ":false}],"isTemplate":false},
{"data":[{"text":"for my card is there a extra card while i'm staying in italy","userDefined ":false}],"isTemplate":false},
{"data":[{"text":"how much are the international transaction fees for my chase card","userDefined ":false}],"isTemplate":false},
{"data":[{"text":"are there extra fees for using my card in mexico","userDefined ":false}],"isTemplate":false},
{"data":[{"text":"are there transaction fees for my visa if i'm in russia","userDefined ":false}],"isTemplate":false},
{"data":[{"text":"does my bank of america card have international transaction fees","userDefined ":false}],"isTemplate":false},
{"data":[{"text":"are there fees for using my card in tampa","userDefined ":false}],"isTemplate":false},
{"data":[{"text":"does visa charge transaction fees in the uk","userDefined ":false}],"isTemplate":false},
{"data":[{"text":"are there any transaction fees associated with my chase card if i am in tokyo","userDefined ":false}],"isTemplate":false},
{"data":[{"text":"are there any fees for using my amex in england","userDefined ":false}],"isTemplate":false},
{"data":[{"text":"will i be charged if i use the card in australia","userDefined ":false}],"isTemplate":false},
{"data":[{"text":"will i be charged if i use my card in france","userDefined ":false}],"isTemplate":false},
{"data":[{"text":"will i be charged if i use the card in france","userDefined ":false}],"isTemplate":false},
{"data":[{"text":"i want to know if there is any transaction fee using washington federal card when i am in canada","userDefined ":false}],"isTemplate":false},
{"data":[{"text":"do you charge me if i use my card in japan","userDefined ":false}],"isTemplate":false},
{"data":[{"text":"are there any transaction fees associated with my amex card if i am in france","userDefined ":false}],"isTemplate":false},
{"data":[{"text":"what are the foreign transaction fees for cuba","userDefined ":false}],"isTemplate":false},
{"data":[{"text":"will i be charged if i use the card in germany","userDefined ":false}],"isTemplate":false},
{"data":[{"text":"are there international transaction fees for using my chase card","userDefined ":false}],"isTemplate":false},
{"data":[{"text":"is there any transaction fees on my citibank card if used in spain","userDefined ":false}],"isTemplate":false},
{"data":[{"text":"will i pay extra if i use my card in juarez","userDefined ":false}],"isTemplate":false},
{"data":[{"text":"are there any transaction fees associated with my navy federal card if i am in japan","userDefined ":false}],"isTemplate":false},
{"data":[{"text":"is there a charge to use my card in japan","userDefined ":false}],"isTemplate":false},
{"data":[{"text":"how much are the foreign transaction fees in brisbane","userDefined ":false}],"isTemplate":false},
{"data":[{"text":"will i be charged if i use my card in mexico","userDefined ":false}],"isTemplate":false},
{"data":[{"text":"will i get a fee for international transactions with my visa card","userDefined ":false}],"isTemplate":false},
{"data":[{"text":"does my chase card have international transaction fees","userDefined ":false}],"isTemplate":false},
{"data":[{"text":"are there any international transaction fees associated with my visa card","userDefined ":false}],"isTemplate":false},
{"data":[{"text":"how much is the atm fee for my boa card in orlando, fl","userDefined ":false}],"isTemplate":false},
{"data":[{"text":"what are the international transaction fees on my amex","userDefined ":false}],"isTemplate":false},
{"data":[{"text":"are there transaction fees charged to my discover card in japan","userDefined ":false}],"isTemplate":false},
{"data":[{"text":"will i be charged if i use my card in detroit","userDefined ":false}],"isTemplate":false},
{"data":[{"text":"what are the fees for using my card in toronto","userDefined ":false}],"isTemplate":false},
{"data":[{"text":"what are my chase cards fees for international transactions","userDefined ":false}],"isTemplate":false}]
