[{"data":[{"text":"do i need a tourist visa for europe","userDefined ":false}],"isTemplate":false},
{"data":[{"text":"i want to go to korea, do i need an international visa","userDefined ":false}],"isTemplate":false},
{"data":[{"text":"do i need an international visa to go to spain","userDefined ":false}],"isTemplate":false},
{"data":[{"text":"does mexico require an international visa","userDefined ":false}],"isTemplate":false},
{"data":[{"text":"do i need a visa to leave the country","userDefined ":false}],"isTemplate":false},
{"data":[{"text":"do i need a visa to scotland","userDefined ":false}],"isTemplate":false},
{"data":[{"text":"does travelling to that place require a visa","userDefined ":false}],"isTemplate":false},
{"data":[{"text":"i need to know if i must have an international visa to go to france","userDefined ":false}],"isTemplate":false},
{"data":[{"text":"do i need to get a visa for russia","userDefined ":false}],"isTemplate":false},
{"data":[{"text":"i am going to germany soon do i need a visa","userDefined ":false}],"isTemplate":false},
{"data":[{"text":"do i need a visa to travel to canada","userDefined ":false}],"isTemplate":false},
{"data":[{"text":"do i need a travel visa to visit russia","userDefined ":false}],"isTemplate":false},
{"data":[{"text":"do i need a visa to russia","userDefined ":false}],"isTemplate":false},
{"data":[{"text":"do i need to obtain a travel visa to go on vacation to places in eastern europe","userDefined ":false}],"isTemplate":false},
{"data":[{"text":"let me know if i need an international visa to go to sudan","userDefined ":false}],"isTemplate":false},
{"data":[{"text":"do i need a visa to travel to jamaica","userDefined ":false}],"isTemplate":false},
{"data":[{"text":"will i need a visa to go to moldova","userDefined ":false}],"isTemplate":false},
{"data":[{"text":"i'm going to canada soon, do i need a visa","userDefined ":false}],"isTemplate":false},
{"data":[{"text":"should i get a travel visa for spain","userDefined ":false}],"isTemplate":false},
{"data":[{"text":"i want to see paris will i need an international visa","userDefined ":false}],"isTemplate":false},
{"data":[{"text":"do i need to apply for a visa to visit dnipro","userDefined ":false}],"isTemplate":false},
{"data":[{"text":"for travel to argentina, do i need to get a travel visa","userDefined ":false}],"isTemplate":false},
{"data":[{"text":"if i want to travel to mexico do i need to get a visa","userDefined ":false}],"isTemplate":false},
{"data":[{"text":"tell me whether i need an international visa to go to mexico","userDefined ":false}],"isTemplate":false},
{"data":[{"text":"do i have to get an international visa before they'll let me in melbourne","userDefined ":false}],"isTemplate":false},
{"data":[{"text":"does france have their own version of a visa","userDefined ":false}],"isTemplate":false},
{"data":[{"text":"what documents to i need to go to egypt","userDefined ":false}],"isTemplate":false},
{"data":[{"text":"might i need to get a visa to travel to venezuela","userDefined ":false}],"isTemplate":false},
{"data":[{"text":"israel has strict restrictions do i need a visa to travel there","userDefined ":false}],"isTemplate":false},
{"data":[{"text":"am i in need of an international visa to go to france","userDefined ":false}],"isTemplate":false},
{"data":[{"text":"do i need a visa to travel to mexico","userDefined ":false}],"isTemplate":false},
{"data":[{"text":"do i need a visa to travel to isreal","userDefined ":false}],"isTemplate":false},
{"data":[{"text":"do i need a visa to go to cuba","userDefined ":false}],"isTemplate":false},
{"data":[{"text":"would i need a tourist visa for brazil","userDefined ":false}],"isTemplate":false},
{"data":[{"text":"do i need a travel visa to visit canada","userDefined ":false}],"isTemplate":false},
{"data":[{"text":"to visit cambodia, do i need an international visa","userDefined ":false}],"isTemplate":false},
{"data":[{"text":"will i have to apply for a visa if i want to visit mexico","userDefined ":false}],"isTemplate":false},
{"data":[{"text":"does international travel always require a visa","userDefined ":false}],"isTemplate":false},
{"data":[{"text":"would i need a travel visa to go to the congo","userDefined ":false}],"isTemplate":false},
{"data":[{"text":"do i need a visa to go to greece","userDefined ":false}],"isTemplate":false},
{"data":[{"text":"i'm going to jamaica next week; am i needing a visa","userDefined ":false}],"isTemplate":false},
{"data":[{"text":"i'm vacationing in israel will i need a visa","userDefined ":false}],"isTemplate":false},
{"data":[{"text":"do i need to bring a visa when i go to canada next month","userDefined ":false}],"isTemplate":false},
{"data":[{"text":"if i'm planning to go to the uk, do i need a visa","userDefined ":false}],"isTemplate":false},
{"data":[{"text":"i'm going to be going to canada soon, do they require a visa for entry","userDefined ":false}],"isTemplate":false},
{"data":[{"text":"do i need a visa to go to somewhere internationally","userDefined ":false}],"isTemplate":false},
{"data":[{"text":"i am going to russia and am wondering if i need a visa","userDefined ":false}],"isTemplate":false},
{"data":[{"text":"do i need an international visa to enter canada","userDefined ":false}],"isTemplate":false},
{"data":[{"text":"do i need an international visa to go to malaysia","userDefined ":false}],"isTemplate":false},
{"data":[{"text":"to vacation to tel aviv do i need a travel visa","userDefined ":false}],"isTemplate":false}]