[{"data":[{"text":"i need to know the interest rate on my bank of america cd account","userDefined ":false}],"isTemplate":false},
{"data":[{"text":"please tell me my current interest rate for my home equity line of credit","userDefined ":false}],"isTemplate":false},
{"data":[{"text":"i need the interest rate on my capital one account","userDefined ":false}],"isTemplate":false},
{"data":[{"text":"could you help me find the interest on my chase account","userDefined ":false}],"isTemplate":false},
{"data":[{"text":"how do i know the interest rate for my signature account","userDefined ":false}],"isTemplate":false},
{"data":[{"text":"can i find out my checking interest rate online","userDefined ":false}],"isTemplate":false},
{"data":[{"text":"my interest rate please","userDefined ":false}],"isTemplate":false},
{"data":[{"text":"if i'm using citibank, what is the interest rate","userDefined ":false}],"isTemplate":false},
{"data":[{"text":"does my checking interest rate seem low","userDefined ":false}],"isTemplate":false},
{"data":[{"text":"i need to find the interest rate for my checking account","userDefined ":false}],"isTemplate":false},
{"data":[{"text":"what is the interest rate i am receiving from the start of the year","userDefined ":false}],"isTemplate":false},
{"data":[{"text":"how are the interest rates at chase bank","userDefined ":false}],"isTemplate":false},
{"data":[{"text":"is there any info on my savings interest rate online","userDefined ":false}],"isTemplate":false},
{"data":[{"text":"what do i need to do to look up my 1st republic account's interest rate","userDefined ":false}],"isTemplate":false},
{"data":[{"text":"let me know what my interest rate is","userDefined ":false}],"isTemplate":false},
{"data":[{"text":"i need to know my interest rate","userDefined ":false}],"isTemplate":false},
{"data":[{"text":"what's the interest rate for my checking account","userDefined ":false}],"isTemplate":false},
{"data":[{"text":"please tell me what i can expect my bank of america interest rate to be","userDefined ":false}],"isTemplate":false},
{"data":[{"text":"can you tell me the interest rate","userDefined ":false}],"isTemplate":false},
{"data":[{"text":"what interest rate am i paying","userDefined ":false}],"isTemplate":false},
{"data":[{"text":"what is the interest rate on my bank of america credit card","userDefined ":false}],"isTemplate":false},
{"data":[{"text":"let me know my ally interest rate","userDefined ":false}],"isTemplate":false},
{"data":[{"text":"what's the interest rate i have from illinois national","userDefined ":false}],"isTemplate":false},
{"data":[{"text":"i have to find the interest rate for my checking account","userDefined ":false}],"isTemplate":false},
{"data":[{"text":"is my savings interest rate too high","userDefined ":false}],"isTemplate":false},
{"data":[{"text":"what is my interest rate payment","userDefined ":false}],"isTemplate":false},
{"data":[{"text":"how percentage am i earning annually on my account","userDefined ":false}],"isTemplate":false},
{"data":[{"text":"i need to know my b of a interest rate","userDefined ":false}],"isTemplate":false},
{"data":[{"text":"will you tell me the interest rate","userDefined ":false}],"isTemplate":false},
{"data":[{"text":"i really need to find the interest rate for my checking account","userDefined ":false}],"isTemplate":false},
{"data":[{"text":"i wanna know the interest rate on my bank of america cd account","userDefined ":false}],"isTemplate":false},
{"data":[{"text":"can you help me find the interest rate for my sba account","userDefined ":false}],"isTemplate":false},
{"data":[{"text":"how do i know what interest rate chase has","userDefined ":false}],"isTemplate":false},
{"data":[{"text":"hi, can you tell me the interest on my ira","userDefined ":false}],"isTemplate":false},
{"data":[{"text":"what's my interest rate","userDefined ":false}],"isTemplate":false},
{"data":[{"text":"how to calculate my interest rate","userDefined ":false}],"isTemplate":false},
{"data":[{"text":"will you tell me my interest rate","userDefined ":false}],"isTemplate":false},
{"data":[{"text":"how can i figure out my interest rate for my umpqua account","userDefined ":false}],"isTemplate":false},
{"data":[{"text":"what is my interest rate","userDefined ":false}],"isTemplate":false},
{"data":[{"text":"what interest rate will regions give me","userDefined ":false}],"isTemplate":false},
{"data":[{"text":"what is my credit card interest rate","userDefined ":false}],"isTemplate":false},
{"data":[{"text":"tell me my interest rate","userDefined ":false}],"isTemplate":false},
{"data":[{"text":"what is my annual percentage rate","userDefined ":false}],"isTemplate":false},
{"data":[{"text":"what's the interest rate on my savings","userDefined ":false}],"isTemplate":false},
{"data":[{"text":"i would like to know my chase interest rate","userDefined ":false}],"isTemplate":false},
{"data":[{"text":"how much interest am i getting on my savings","userDefined ":false}],"isTemplate":false},
{"data":[{"text":"could you find my interest rate for me","userDefined ":false}],"isTemplate":false},
{"data":[{"text":"can you tell me my current interest rate","userDefined ":false}],"isTemplate":false},
{"data":[{"text":"what is the best interest rate i can get from now on","userDefined ":false}],"isTemplate":false},
{"data":[{"text":"where do i go to view the interest rate on my brighton account","userDefined ":false}],"isTemplate":false}]
