[{"data":[{"text":"my car battery is dead, what do i do now","userDefined ":false}],"isTemplate":false},
{"data":[{"text":"how do i start my car battery","userDefined ":false}],"isTemplate":false},
{"data":[{"text":"what should i do if my car battery is dead","userDefined ":false}],"isTemplate":false},
{"data":[{"text":"can you help me with the steps to jump start my car","userDefined ":false}],"isTemplate":false},
{"data":[{"text":"how do i jump start a battery","userDefined ":false}],"isTemplate":false},
{"data":[{"text":"please help me figure out how to jump start my car","userDefined ":false}],"isTemplate":false},
{"data":[{"text":"what do i do to jump start my car","userDefined ":false}],"isTemplate":false},
{"data":[{"text":"what should i do if my car battery dies","userDefined ":false}],"isTemplate":false},
{"data":[{"text":"tell me how to jump start my dead battery","userDefined ":false}],"isTemplate":false},
{"data":[{"text":"how do i fix a dead car battery","userDefined ":false}],"isTemplate":false},
{"data":[{"text":"what are my options for jump starting my battery","userDefined ":false}],"isTemplate":false},
{"data":[{"text":"how do i jump my car","userDefined ":false}],"isTemplate":false},
{"data":[{"text":"my battery is dead so how can i get it going again","userDefined ":false}],"isTemplate":false},
{"data":[{"text":"can you tell me how to jump a car","userDefined ":false}],"isTemplate":false},
{"data":[{"text":"what are the steps to jump start my car","userDefined ":false}],"isTemplate":false},
{"data":[{"text":"tell me how to jump start my own car battery","userDefined ":false}],"isTemplate":false},
{"data":[{"text":"can you tell me how to jump start the car","userDefined ":false}],"isTemplate":false},
{"data":[{"text":"what's the method of jumping my car","userDefined ":false}],"isTemplate":false},
{"data":[{"text":"what will i need to jump start a dead car","userDefined ":false}],"isTemplate":false},
{"data":[{"text":"closest auto parts store to find replace for dead car battery","userDefined ":false}],"isTemplate":false},
{"data":[{"text":"i need rules for jump starting","userDefined ":false}],"isTemplate":false},
{"data":[{"text":"guide me through jump starting a car","userDefined ":false}],"isTemplate":false},
{"data":[{"text":"my car is dead can you tell me how to jump start it","userDefined ":false}],"isTemplate":false},
{"data":[{"text":"i need to know how to jump start my car","userDefined ":false}],"isTemplate":false},
{"data":[{"text":"inform me on the directions to jump start my car","userDefined ":false}],"isTemplate":false},
{"data":[{"text":"what's next when it seems there's a dead car battery","userDefined ":false}],"isTemplate":false},
{"data":[{"text":"what do you need to jump a car","userDefined ":false}],"isTemplate":false},
{"data":[{"text":"i don't know how to jump start my car, help!","userDefined ":false}],"isTemplate":false},
{"data":[{"text":"how do i jump start my car battery","userDefined ":false}],"isTemplate":false},
{"data":[{"text":"find repair shop that will diagnosis dead car battery","userDefined ":false}],"isTemplate":false},
{"data":[{"text":"tell me how to jump start a battery","userDefined ":false}],"isTemplate":false},
{"data":[{"text":"how can i start my car using a jump start","userDefined ":false}],"isTemplate":false},
{"data":[{"text":"my car battery died, what should i do","userDefined ":false}],"isTemplate":false},
{"data":[{"text":"what are some ways to jump start a car","userDefined ":false}],"isTemplate":false},
{"data":[{"text":"what's the best way to jump start a kia","userDefined ":false}],"isTemplate":false},
{"data":[{"text":"what is the procedure to jump start a car","userDefined ":false}],"isTemplate":false},
{"data":[{"text":"how does one jump a car","userDefined ":false}],"isTemplate":false},
{"data":[{"text":"how do i jump start a fiat","userDefined ":false}],"isTemplate":false},
{"data":[{"text":"what do i do to jump start my battery","userDefined ":false}],"isTemplate":false},
{"data":[{"text":"my car needs to be jump started, guide me through it","userDefined ":false}],"isTemplate":false},
{"data":[{"text":"can you tell me how to jump my car","userDefined ":false}],"isTemplate":false},
{"data":[{"text":"how do you go about jump starting a car battery","userDefined ":false}],"isTemplate":false},
{"data":[{"text":"what do i do when my car battery is dead","userDefined ":false}],"isTemplate":false},
{"data":[{"text":"how do i jump start my vehicle","userDefined ":false}],"isTemplate":false},
{"data":[{"text":"help needed to jump start my car","userDefined ":false}],"isTemplate":false},
{"data":[{"text":"help me jump start my car","userDefined ":false}],"isTemplate":false},
{"data":[{"text":"do you have instructions on jump starting a chevy","userDefined ":false}],"isTemplate":false},
{"data":[{"text":"i need to jump start my car what do i do","userDefined ":false}],"isTemplate":false},
{"data":[{"text":"if my car battery is dead, what action do i need to do","userDefined ":false}],"isTemplate":false},
{"data":[{"text":"what do i do if my car battery is dead","userDefined ":false}],"isTemplate":false}]
