[{"data":[{"text":"last time car was in shop","userDefined ":false}],"isTemplate":false},
{"data":[{"text":"what date did i last take my car in","userDefined ":false}],"isTemplate":false},
{"data":[{"text":"when did i take to car to the auto shop","userDefined ":false}],"isTemplate":false},
{"data":[{"text":"tell me the last time i had my car checked out at sam's repair shop","userDefined ":false}],"isTemplate":false},
{"data":[{"text":"you need to tell me when was car in shop","userDefined ":false}],"isTemplate":false},
{"data":[{"text":"do you know when my car was last looked at","userDefined ":false}],"isTemplate":false},
{"data":[{"text":"check my calendar for the date that my care was last serviced","userDefined ":false}],"isTemplate":false},
{"data":[{"text":"when was the last time i got my oil changed","userDefined ":false}],"isTemplate":false},
{"data":[{"text":"i need to know when was the last time i had my car checked out for a tune up","userDefined ":false}],"isTemplate":false},
{"data":[{"text":"how long's it been since i had my car serviced","userDefined ":false}],"isTemplate":false},
{"data":[{"text":"how long ago was my car last in the shop","userDefined ":false}],"isTemplate":false},
{"data":[{"text":"when was my most recent oil change","userDefined ":false}],"isTemplate":false},
{"data":[{"text":"i need you to look up the date of my car's last visit to the shop","userDefined ":false}],"isTemplate":false},
{"data":[{"text":"when did i most recently have my car in the shop","userDefined ":false}],"isTemplate":false},
{"data":[{"text":"when was the last time my car was in the shop","userDefined ":false}],"isTemplate":false},
{"data":[{"text":"when did last go to the auto repair shop","userDefined ":false}],"isTemplate":false},
{"data":[{"text":"i need to know when i last took my car in for a check up","userDefined ":false}],"isTemplate":false},
{"data":[{"text":"dates for my car in the shop","userDefined ":false}],"isTemplate":false},
{"data":[{"text":"do you remember when i last changed my oil","userDefined ":false}],"isTemplate":false},
{"data":[{"text":"do you know how long its been since i had my oil changed and a tune up","userDefined ":false}],"isTemplate":false},
{"data":[{"text":"i can't remember when my car last went to the shop, can you find out for me","userDefined ":false}],"isTemplate":false},
{"data":[{"text":"check to see when my car was last in the shop","userDefined ":false}],"isTemplate":false},
{"data":[{"text":"what was the last time i had my car at the dealer for repairs","userDefined ":false}],"isTemplate":false},
{"data":[{"text":"when was the last time i changed my oil","userDefined ":false}],"isTemplate":false},
{"data":[{"text":"tell me when was car in shop","userDefined ":false}],"isTemplate":false},
{"data":[{"text":"tell me when someone looked at my car last","userDefined ":false}],"isTemplate":false},
{"data":[{"text":"when did my car get serviced last","userDefined ":false}],"isTemplate":false},
{"data":[{"text":"how long has it been since my last auto maintenance","userDefined ":false}],"isTemplate":false},
{"data":[{"text":"please find the date of my last oil change","userDefined ":false}],"isTemplate":false},
{"data":[{"text":"so when was car in shop","userDefined ":false}],"isTemplate":false},
{"data":[{"text":"how long ago did my car get looked at","userDefined ":false}],"isTemplate":false},
{"data":[{"text":"let me know when my car was last looked at","userDefined ":false}],"isTemplate":false},
{"data":[{"text":"when did i last have my vehicle checked on","userDefined ":false}],"isTemplate":false},
{"data":[{"text":"when did i take my car to paul's auto last","userDefined ":false}],"isTemplate":false},
{"data":[{"text":"what was the date of my last auto appointment","userDefined ":false}],"isTemplate":false},
{"data":[{"text":"what day did i change my oil","userDefined ":false}],"isTemplate":false},
{"data":[{"text":"find the date of the last oil swap for my car","userDefined ":false}],"isTemplate":false},
{"data":[{"text":"my car was looked at when","userDefined ":false}],"isTemplate":false},
{"data":[{"text":"when did i take my car to the mechanic","userDefined ":false}],"isTemplate":false},
{"data":[{"text":"when was my last car service date","userDefined ":false}],"isTemplate":false},
{"data":[{"text":"when did i last have my vehicle serviced","userDefined ":false}],"isTemplate":false},
{"data":[{"text":"when did i last take my car in for maintenance","userDefined ":false}],"isTemplate":false},
{"data":[{"text":"look up the date of my last oil change","userDefined ":false}],"isTemplate":false},
{"data":[{"text":"do you know when i last took my car in to the shop","userDefined ":false}],"isTemplate":false},
{"data":[{"text":"when did i last service my car with an oil change","userDefined ":false}],"isTemplate":false},
{"data":[{"text":"can you remind me of when i last had an oil change","userDefined ":false}],"isTemplate":false},
{"data":[{"text":"how long has it been since my car was last in the shop","userDefined ":false}],"isTemplate":false},
{"data":[{"text":"was my last oil change on wednesday","userDefined ":false}],"isTemplate":false},
{"data":[{"text":"please tell me the last time i took my car to the shop","userDefined ":false}],"isTemplate":false},
{"data":[{"text":"do you have a date for the last time the car was in the shop","userDefined ":false}],"isTemplate":false}]