[{"data":[{"text":"what if i lost my luggage","userDefined ":false}],"isTemplate":false},
{"data":[{"text":"my luggage has not arrived and i would like assistance locating it","userDefined ":false}],"isTemplate":false},
{"data":[{"text":"i arrived on delta flight ab123 from juno but my luggage doesn't appear to have come with me","userDefined ":false}],"isTemplate":false},
{"data":[{"text":"what's the procedure to deal with lost luggage","userDefined ":false}],"isTemplate":false},
{"data":[{"text":"i lost my luggage coming from chicago on delta flight ab123","userDefined ":false}],"isTemplate":false},
{"data":[{"text":"can you check where my luggage is off jetblue flight ab123 out of buffalo","userDefined ":false}],"isTemplate":false},
{"data":[{"text":"my bags didn't make it to the new orleans airport","userDefined ":false}],"isTemplate":false},
{"data":[{"text":"i need my luggage found, i was on delta flight ab123 out of san francisco","userDefined ":false}],"isTemplate":false},
{"data":[{"text":"my luggage was on delta flight abc123 out of houston and now i can\u00e2\u20ac\u2122t find it","userDefined ":false}],"isTemplate":false},
{"data":[{"text":"can you help me find my luggage it was lost on delta flight abc123 from houston","userDefined ":false}],"isTemplate":false},
{"data":[{"text":"i'm in baggage claim at the airport and my luggage didn't make it","userDefined ":false}],"isTemplate":false},
{"data":[{"text":"what is the next step if my luggage was lost","userDefined ":false}],"isTemplate":false},
{"data":[{"text":"is there someone i can talk to since i am in the airport waiting for my luggage which never came","userDefined ":false}],"isTemplate":false},
{"data":[{"text":"who do i complain to about my luggage not arriving at the airport","userDefined ":false}],"isTemplate":false},
{"data":[{"text":"can you tell me what to do as i am in the airport and have been for some time and there is still no sign of my suitcase","userDefined ":false}],"isTemplate":false},
{"data":[{"text":"i miss placed my luggage i was on delta flight ab123 out of new york","userDefined ":false}],"isTemplate":false},
{"data":[{"text":"i just flew in on american airlines flight ab123 from chicago and can't find my luggage","userDefined ":false}],"isTemplate":false},
{"data":[{"text":"can you please help me find my lost luggage","userDefined ":false}],"isTemplate":false},
{"data":[{"text":"i think my luggage was misplaced or has been lost","userDefined ":false}],"isTemplate":false},
{"data":[{"text":"who can i turn to if i lost my luggage","userDefined ":false}],"isTemplate":false},
{"data":[{"text":"im at lax and my bags aren't","userDefined ":false}],"isTemplate":false},
{"data":[{"text":"i lost my luggage coming from new york city on american flight ab123","userDefined ":false}],"isTemplate":false},
{"data":[{"text":"i can't find any of my luggage!","userDefined ":false}],"isTemplate":false},
{"data":[{"text":"i believe that my luggage was lost","userDefined ":false}],"isTemplate":false},
{"data":[{"text":"my luggage is missing, i think","userDefined ":false}],"isTemplate":false},
{"data":[{"text":"i need to find my luggage","userDefined ":false}],"isTemplate":false},
{"data":[{"text":"my luggage is missing i was on spirit flight ab123 from chicago","userDefined ":false}],"isTemplate":false},
{"data":[{"text":"it appears that my luggage has vanished","userDefined ":false}],"isTemplate":false},
{"data":[{"text":"i can't find my luggage anywhere and there's no more on the conveyor","userDefined ":false}],"isTemplate":false},
{"data":[{"text":"how do i find lost luggage","userDefined ":false}],"isTemplate":false},
{"data":[{"text":"i think my luggage got lost","userDefined ":false}],"isTemplate":false},
{"data":[{"text":"find me the number for jet blue's customer service so i can yell at someone about my missing luggage","userDefined ":false}],"isTemplate":false},
{"data":[{"text":"i'm not able to find my luggage and i was on southwest airlines flight ab123 out of houston","userDefined ":false}],"isTemplate":false},
{"data":[{"text":"it seems my luggage was lost","userDefined ":false}],"isTemplate":false},
{"data":[{"text":"locate lost luggage from flight america airlines in o'hare","userDefined ":false}],"isTemplate":false},
{"data":[{"text":"what step do i take if my bag got lost on the flight","userDefined ":false}],"isTemplate":false},
{"data":[{"text":"who do i go to to find lost luggage","userDefined ":false}],"isTemplate":false},
{"data":[{"text":"my luggage is lost and i would like help trying to locate it","userDefined ":false}],"isTemplate":false},
{"data":[{"text":"can you help me locate lost luggage","userDefined ":false}],"isTemplate":false},
{"data":[{"text":"i'm having trouble finding my luggage i was on delta flight ab123 out of new york","userDefined ":false}],"isTemplate":false},
{"data":[{"text":"how do i handle the situation if i lost my luggage","userDefined ":false}],"isTemplate":false},
{"data":[{"text":"where do i begin the process of reporting my luggage lost","userDefined ":false}],"isTemplate":false},
{"data":[{"text":"i got to vegas airport but my bags didn't","userDefined ":false}],"isTemplate":false},
{"data":[{"text":"my luggage did not arrive, please investigate","userDefined ":false}],"isTemplate":false},
{"data":[{"text":"who do i report lost luggage to","userDefined ":false}],"isTemplate":false},
{"data":[{"text":"i can't locate my luggage, i was on jetblue flight ab123 out of detroit","userDefined ":false}],"isTemplate":false},
{"data":[{"text":"do you know whom i should contact since my luggage did not arrive","userDefined ":false}],"isTemplate":false},
{"data":[{"text":"where are my bags, not here at the airport","userDefined ":false}],"isTemplate":false},
{"data":[{"text":"what to do if luggage lost","userDefined ":false}],"isTemplate":false},
{"data":[{"text":"if i lost my luggage, where can i get help","userDefined ":false}],"isTemplate":false}]