[{"data":[{"text":"can you call mom","userDefined ":false}],"isTemplate":false},
{"data":[{"text":"i must call dr smith","userDefined ":false}],"isTemplate":false},
{"data":[{"text":"bella needs to be called","userDefined ":false}],"isTemplate":false},
{"data":[{"text":"it's necessary to call michael","userDefined ":false}],"isTemplate":false},
{"data":[{"text":"can you call russell","userDefined ":false}],"isTemplate":false},
{"data":[{"text":"call sandra right now","userDefined ":false}],"isTemplate":false},
{"data":[{"text":"call work","userDefined ":false}],"isTemplate":false},
{"data":[{"text":"phone christie","userDefined ":false}],"isTemplate":false},
{"data":[{"text":"call friend","userDefined ":false}],"isTemplate":false},
{"data":[{"text":"i am going to call the landlord","userDefined ":false}],"isTemplate":false},
{"data":[{"text":"place a call to bill now","userDefined ":false}],"isTemplate":false},
{"data":[{"text":"call someone","userDefined ":false}],"isTemplate":false},
{"data":[{"text":"dial someone's phone number","userDefined ":false}],"isTemplate":false},
{"data":[{"text":"give liz a call","userDefined ":false}],"isTemplate":false},
{"data":[{"text":"call mark","userDefined ":false}],"isTemplate":false},
{"data":[{"text":"connect me to bob","userDefined ":false}],"isTemplate":false},
{"data":[{"text":"call mymother","userDefined ":false}],"isTemplate":false},
{"data":[{"text":"initiate a phone call with receptionist","userDefined ":false}],"isTemplate":false},
{"data":[{"text":"call erryn","userDefined ":false}],"isTemplate":false},
{"data":[{"text":"it's time for me to call drew","userDefined ":false}],"isTemplate":false},
{"data":[{"text":"x is waiting for me to call","userDefined ":false}],"isTemplate":false},
{"data":[{"text":"use my phone to dial work","userDefined ":false}],"isTemplate":false},
{"data":[{"text":"call my mother","userDefined ":false}],"isTemplate":false},
{"data":[{"text":"call robby for me","userDefined ":false}],"isTemplate":false},
{"data":[{"text":"call robby","userDefined ":false}],"isTemplate":false},
{"data":[{"text":"i want to talk to sarah","userDefined ":false}],"isTemplate":false},
{"data":[{"text":"dial x's phone please","userDefined ":false}],"isTemplate":false},
{"data":[{"text":"put me on a call to sally","userDefined ":false}],"isTemplate":false},
{"data":[{"text":"dial steven","userDefined ":false}],"isTemplate":false},
{"data":[{"text":"can you make a phone call to roger","userDefined ":false}],"isTemplate":false},
{"data":[{"text":"call jim","userDefined ":false}],"isTemplate":false},
{"data":[{"text":"can you call my mom","userDefined ":false}],"isTemplate":false},
{"data":[{"text":"i want you to call bella","userDefined ":false}],"isTemplate":false},
{"data":[{"text":"please phone lizzy","userDefined ":false}],"isTemplate":false},
{"data":[{"text":"dial lisa's cell phone number","userDefined ":false}],"isTemplate":false},
{"data":[{"text":"i must call roderick","userDefined ":false}],"isTemplate":false},
{"data":[{"text":"phone sarah","userDefined ":false}],"isTemplate":false},
{"data":[{"text":"please make a phone call to christopher","userDefined ":false}],"isTemplate":false},
{"data":[{"text":"phone lobby","userDefined ":false}],"isTemplate":false},
{"data":[{"text":"call someone for me","userDefined ":false}],"isTemplate":false},
{"data":[{"text":"can you call a taxi","userDefined ":false}],"isTemplate":false},
{"data":[{"text":"can i call a restaurant","userDefined ":false}],"isTemplate":false},
{"data":[{"text":"call home","userDefined ":false}],"isTemplate":false},
{"data":[{"text":"would you give jenny a call","userDefined ":false}],"isTemplate":false},
{"data":[{"text":"i have to call jane","userDefined ":false}],"isTemplate":false},
{"data":[{"text":"please dial david now","userDefined ":false}],"isTemplate":false},
{"data":[{"text":"i want to make a call to uncle","userDefined ":false}],"isTemplate":false},
{"data":[{"text":"please dial christie's number","userDefined ":false}],"isTemplate":false},
{"data":[{"text":"phone call secretary","userDefined ":false}],"isTemplate":false},
{"data":[{"text":"i will be calling hr","userDefined ":false}],"isTemplate":false}]