[{"data":[{"text":"i'm not sure what the answer is","userDefined ":false}],"isTemplate":false},
{"data":[{"text":"i dont know","userDefined ":false}],"isTemplate":false},
{"data":[{"text":"i'm unsure of the proper answer","userDefined ":false}],"isTemplate":false},
{"data":[{"text":"either one would work","userDefined ":false}],"isTemplate":false},
{"data":[{"text":"i'm unsure of the answer","userDefined ":false}],"isTemplate":false},
{"data":[{"text":"it could be either","userDefined ":false}],"isTemplate":false},
{"data":[{"text":"one or the other, or both","userDefined ":false}],"isTemplate":false},
{"data":[{"text":"i don't know how to answer to that","userDefined ":false}],"isTemplate":false},
{"data":[{"text":"might be true, might be false","userDefined ":false}],"isTemplate":false},
{"data":[{"text":"i have no earthly idea at all","userDefined ":false}],"isTemplate":false},
{"data":[{"text":"perhaps either of them","userDefined ":false}],"isTemplate":false},
{"data":[{"text":"no idea","userDefined ":false}],"isTemplate":false},
{"data":[{"text":"it could be either, i think","userDefined ":false}],"isTemplate":false},
{"data":[{"text":"possibly","userDefined ":false}],"isTemplate":false},
{"data":[{"text":"not a clue","userDefined ":false}],"isTemplate":false},
{"data":[{"text":"i don't have a clue","userDefined ":false}],"isTemplate":false},
{"data":[{"text":"i can't answer that","userDefined ":false}],"isTemplate":false},
{"data":[{"text":"who knows","userDefined ":false}],"isTemplate":false},
{"data":[{"text":"i dunno","userDefined ":false}],"isTemplate":false},
{"data":[{"text":"maybe either","userDefined ":false}],"isTemplate":false},
{"data":[{"text":"i'm not sure of that","userDefined ":false}],"isTemplate":false},
{"data":[{"text":"i have no clue","userDefined ":false}],"isTemplate":false},
{"data":[{"text":"i'm unsure","userDefined ":false}],"isTemplate":false},
{"data":[{"text":"cant say","userDefined ":false}],"isTemplate":false},
{"data":[{"text":"i haven't the foggiest","userDefined ":false}],"isTemplate":false},
{"data":[{"text":"i don't know the answer to that","userDefined ":false}],"isTemplate":false},
{"data":[{"text":"im not sure","userDefined ":false}],"isTemplate":false},
{"data":[{"text":"im not certain","userDefined ":false}],"isTemplate":false},
{"data":[{"text":"i don't really know","userDefined ":false}],"isTemplate":false},
{"data":[{"text":"i have no knowledge about it","userDefined ":false}],"isTemplate":false},
{"data":[{"text":"maybe is my answer","userDefined ":false}],"isTemplate":false},
{"data":[{"text":"i don't know for sure","userDefined ":false}],"isTemplate":false},
{"data":[{"text":"i am not to sure about that","userDefined ":false}],"isTemplate":false},
{"data":[{"text":"maybe","userDefined ":false}],"isTemplate":false},
{"data":[{"text":"sorry, i do not know","userDefined ":false}],"isTemplate":false},
{"data":[{"text":"hmmm, either could be a choice","userDefined ":false}],"isTemplate":false},
{"data":[{"text":"hell if i know","userDefined ":false}],"isTemplate":false},
{"data":[{"text":"i know it could be either one","userDefined ":false}],"isTemplate":false},
{"data":[{"text":"shit if i know","userDefined ":false}],"isTemplate":false},
{"data":[{"text":"i can't answer yes or no right now","userDefined ":false}],"isTemplate":false},
{"data":[{"text":"both maybe","userDefined ":false}],"isTemplate":false},
{"data":[{"text":"it depends","userDefined ":false}],"isTemplate":false},
{"data":[{"text":"i can't make up my mind","userDefined ":false}],"isTemplate":false},
{"data":[{"text":"not sure, maybe","userDefined ":false}],"isTemplate":false},
{"data":[{"text":"i'm sure it could be either","userDefined ":false}],"isTemplate":false},
{"data":[{"text":"either or should work","userDefined ":false}],"isTemplate":false},
{"data":[{"text":"no idea, sorry","userDefined ":false}],"isTemplate":false},
{"data":[{"text":"really dont know","userDefined ":false}],"isTemplate":false},
{"data":[{"text":"it may be either one","userDefined ":false}],"isTemplate":false},
{"data":[{"text":"that's a possibility","userDefined ":false}],"isTemplate":false}]
