[{"data":[{"text":"can you give me a burmese meal suggestion, please","userDefined ":false}],"isTemplate":false},
{"data":[{"text":"can you tell me a good indian dish to make","userDefined ":false}],"isTemplate":false},
{"data":[{"text":"i can't decide on dinner, what do you suggest","userDefined ":false}],"isTemplate":false},
{"data":[{"text":"i'd like an italian meal suggestion","userDefined ":false}],"isTemplate":false},
{"data":[{"text":"go ahead and give me a suggestion for what to make for dinner","userDefined ":false}],"isTemplate":false},
{"data":[{"text":"give me some options on what to cook for dinner","userDefined ":false}],"isTemplate":false},
{"data":[{"text":"i want you to give me a suggestion for what to make for dinner","userDefined ":false}],"isTemplate":false},
{"data":[{"text":"suggest an italian meal to me","userDefined ":false}],"isTemplate":false},
{"data":[{"text":"i want an italian meal suggestion","userDefined ":false}],"isTemplate":false},
{"data":[{"text":"i'm needing dinner suggestions for mexican food","userDefined ":false}],"isTemplate":false},
{"data":[{"text":"i'd like you to give me an idea for a meal from iceland","userDefined ":false}],"isTemplate":false},
{"data":[{"text":"what peruvian dish should i make","userDefined ":false}],"isTemplate":false},
{"data":[{"text":"what can i make for dinner using ground beef","userDefined ":false}],"isTemplate":false},
{"data":[{"text":"any suggestions for a peruvian meal","userDefined ":false}],"isTemplate":false},
{"data":[{"text":"got any good dinner ideas","userDefined ":false}],"isTemplate":false},
{"data":[{"text":"i need a mexican meal suggesstion","userDefined ":false}],"isTemplate":false},
{"data":[{"text":"what do you think i should make for dinner","userDefined ":false}],"isTemplate":false},
{"data":[{"text":"do you have any good recommendations for swiss cuisine","userDefined ":false}],"isTemplate":false},
{"data":[{"text":"please give me a suggestion for what to make for dinner","userDefined ":false}],"isTemplate":false},
{"data":[{"text":"i would like to hear what ideas you have about making dinner tonight","userDefined ":false}],"isTemplate":false},
{"data":[{"text":"suggest a meal from korea to me","userDefined ":false}],"isTemplate":false},
{"data":[{"text":"suggest a meal from thailand to me","userDefined ":false}],"isTemplate":false},
{"data":[{"text":"suggest a meal from germany to me","userDefined ":false}],"isTemplate":false},
{"data":[{"text":"suggest a meal from denmark to me","userDefined ":false}],"isTemplate":false},
{"data":[{"text":"i'd like to get dinner suggestions for thai food","userDefined ":false}],"isTemplate":false},
{"data":[{"text":"need some good dinner ideas","userDefined ":false}],"isTemplate":false},
{"data":[{"text":"what food from italy do you suggest","userDefined ":false}],"isTemplate":false},
{"data":[{"text":"what meal from italy do you suggest","userDefined ":false}],"isTemplate":false},
{"data":[{"text":"do you have any southern dishes to recommend","userDefined ":false}],"isTemplate":false},
{"data":[{"text":"suggest food from italy to me","userDefined ":false}],"isTemplate":false},
{"data":[{"text":"can you suggest to me any meals from nigeria","userDefined ":false}],"isTemplate":false},
{"data":[{"text":"what would be good for dinner","userDefined ":false}],"isTemplate":false},
{"data":[{"text":"please provide an option for dinner","userDefined ":false}],"isTemplate":false},
{"data":[{"text":"suggest a meal for me that comes from mexico","userDefined ":false}],"isTemplate":false},
{"data":[{"text":"can you give me a thai dinner suggestion","userDefined ":false}],"isTemplate":false},
{"data":[{"text":"can you suggest a meal from ireland for me","userDefined ":false}],"isTemplate":false},
{"data":[{"text":"what's the best pizza place around here","userDefined ":false}],"isTemplate":false},
{"data":[{"text":"can you give me a vietnamese dinner suggestion","userDefined ":false}],"isTemplate":false},
{"data":[{"text":"suggest a meal from italy to me","userDefined ":false}],"isTemplate":false},
{"data":[{"text":"please suggest a meal from italy to me","userDefined ":false}],"isTemplate":false},
{"data":[{"text":"i need a suggestion for a dinner recipe","userDefined ":false}],"isTemplate":false},
{"data":[{"text":"what's a simple chinese recipe for dinner","userDefined ":false}],"isTemplate":false},
{"data":[{"text":"can you give me a thai meal suggestion, please","userDefined ":false}],"isTemplate":false},
{"data":[{"text":"how tasty is the pizza here","userDefined ":false}],"isTemplate":false},
{"data":[{"text":"get me italian cuisine dinner suggestions","userDefined ":false}],"isTemplate":false},
{"data":[{"text":"what type of pizzas are available for dinner","userDefined ":false}],"isTemplate":false},
{"data":[{"text":"help me decide what mexican meal i want","userDefined ":false}],"isTemplate":false},
{"data":[{"text":"do you know an good pasta dishes","userDefined ":false}],"isTemplate":false},
{"data":[{"text":"give me italian meal ideas","userDefined ":false}],"isTemplate":false},
{"data":[{"text":"can you give me a meal suggestion for swedish cuisine","userDefined ":false}],"isTemplate":false}]
