[{"data":[{"text":"what is the underlying purpose to life","userDefined ":false}],"isTemplate":false},
{"data":[{"text":"what makes life have any meaning","userDefined ":false}],"isTemplate":false},
{"data":[{"text":"would you tell me the meaning of life, please","userDefined ":false}],"isTemplate":false},
{"data":[{"text":"what is your explanation for the meaning of life","userDefined ":false}],"isTemplate":false},
{"data":[{"text":"do you know what the meaning of life is","userDefined ":false}],"isTemplate":false},
{"data":[{"text":"what is the meaning of my life","userDefined ":false}],"isTemplate":false},
{"data":[{"text":"what do you think is the meaning of life","userDefined ":false}],"isTemplate":false},
{"data":[{"text":"tell the meaning of life","userDefined ":false}],"isTemplate":false},
{"data":[{"text":"is there really an answer to the meaning of life","userDefined ":false}],"isTemplate":false},
{"data":[{"text":"help me figure out the meaning of life","userDefined ":false}],"isTemplate":false},
{"data":[{"text":"research the meaning of life","userDefined ":false}],"isTemplate":false},
{"data":[{"text":"what is the meaning of this life","userDefined ":false}],"isTemplate":false},
{"data":[{"text":"what's the meaning of this life","userDefined ":false}],"isTemplate":false},
{"data":[{"text":"could you tell me the meaning of life","userDefined ":false}],"isTemplate":false},
{"data":[{"text":"what is the secret or meaning to life","userDefined ":false}],"isTemplate":false},
{"data":[{"text":"life has what meaning or what's the secret to it","userDefined ":false}],"isTemplate":false},
{"data":[{"text":"can you share the meaning of life","userDefined ":false}],"isTemplate":false},
{"data":[{"text":"can you explain the meaning of life to me","userDefined ":false}],"isTemplate":false},
{"data":[{"text":"i always wonder about the meaning of life, can you tell me","userDefined ":false}],"isTemplate":false},
{"data":[{"text":"what is your version on the meaning of life","userDefined ":false}],"isTemplate":false},
{"data":[{"text":"what's the purpose of life","userDefined ":false}],"isTemplate":false},
{"data":[{"text":"can you tell me life's meaning","userDefined ":false}],"isTemplate":false},
{"data":[{"text":"can you tell me the meaning of life","userDefined ":false}],"isTemplate":false},
{"data":[{"text":"does my life have meaning","userDefined ":false}],"isTemplate":false},
{"data":[{"text":"what's life's meaning","userDefined ":false}],"isTemplate":false},
{"data":[{"text":"could you tell me the meaning of life, please","userDefined ":false}],"isTemplate":false},
{"data":[{"text":"meaning of life is","userDefined ":false}],"isTemplate":false},
{"data":[{"text":"whats the meaning of life","userDefined ":false}],"isTemplate":false},
{"data":[{"text":"whats your take on the meaning of life","userDefined ":false}],"isTemplate":false},
{"data":[{"text":"the meaning of life please","userDefined ":false}],"isTemplate":false},
{"data":[{"text":"what's the point of this dumpster fire known as life","userDefined ":false}],"isTemplate":false},
{"data":[{"text":"why are we here in life","userDefined ":false}],"isTemplate":false},
{"data":[{"text":"why do you think we're here","userDefined ":false}],"isTemplate":false},
{"data":[{"text":"what is our purpose here on earth","userDefined ":false}],"isTemplate":false},
{"data":[{"text":"what is the point of life","userDefined ":false}],"isTemplate":false},
{"data":[{"text":"what meaning does life hold","userDefined ":false}],"isTemplate":false},
{"data":[{"text":"tell me what is the purpose of life","userDefined ":false}],"isTemplate":false},
{"data":[{"text":"define the meaning of life","userDefined ":false}],"isTemplate":false},
{"data":[{"text":"what is the meaning of life here","userDefined ":false}],"isTemplate":false},
{"data":[{"text":"what does life mean on a deeper level","userDefined ":false}],"isTemplate":false},
{"data":[{"text":"i wonder if you can explain the meaning of life","userDefined ":false}],"isTemplate":false},
{"data":[{"text":"what's my meaning in life","userDefined ":false}],"isTemplate":false},
{"data":[{"text":"what's the purpose of existence","userDefined ":false}],"isTemplate":false},
{"data":[{"text":"the meaning of life","userDefined ":false}],"isTemplate":false},
{"data":[{"text":"can you share with me your interpretation of the meaning of life","userDefined ":false}],"isTemplate":false},
{"data":[{"text":"how do i find the meaning of life","userDefined ":false}],"isTemplate":false},
{"data":[{"text":"can you tell me the meaning of life, please","userDefined ":false}],"isTemplate":false},
{"data":[{"text":"is being alive the meaning of life","userDefined ":false}],"isTemplate":false},
{"data":[{"text":"i gotta know the meaning of life","userDefined ":false}],"isTemplate":false},
{"data":[{"text":"is there a reason people exist","userDefined ":false}],"isTemplate":false}]
