[{"data":[{"text":"what is 10 ounces in grams","userDefined ":false}],"isTemplate":false},
{"data":[{"text":"how many centimeters are in 5 yards","userDefined ":false}],"isTemplate":false},
{"data":[{"text":"how many kilos are in 20 pounds","userDefined ":false}],"isTemplate":false},
{"data":[{"text":"convert 2 inches to meters","userDefined ":false}],"isTemplate":false},
{"data":[{"text":"whats 5 feet in inches","userDefined ":false}],"isTemplate":false},
{"data":[{"text":"how many centimeters are in an inch","userDefined ":false}],"isTemplate":false},
{"data":[{"text":"convert inches to centimeters","userDefined ":false}],"isTemplate":false},
{"data":[{"text":"how do you convert ounces to kilos","userDefined ":false}],"isTemplate":false},
{"data":[{"text":"how many tablespoons are in three cups","userDefined ":false}],"isTemplate":false},
{"data":[{"text":"how many centimeters are one inch","userDefined ":false}],"isTemplate":false},
{"data":[{"text":"how can i change inches into meters","userDefined ":false}],"isTemplate":false},
{"data":[{"text":"convert cm to inch","userDefined ":false}],"isTemplate":false},
{"data":[{"text":"how many tablespoons and teaspoons is one cup","userDefined ":false}],"isTemplate":false},
{"data":[{"text":"how do you convert pounds to kilos","userDefined ":false}],"isTemplate":false},
{"data":[{"text":"i need to know how to convert liters into pints","userDefined ":false}],"isTemplate":false},
{"data":[{"text":"how many quarts are in a gallon","userDefined ":false}],"isTemplate":false},
{"data":[{"text":"how many liters are in 500 gallons","userDefined ":false}],"isTemplate":false},
{"data":[{"text":"what's 12 feet in meters","userDefined ":false}],"isTemplate":false},
{"data":[{"text":"what is 10 ounces in grams, please","userDefined ":false}],"isTemplate":false},
{"data":[{"text":"is there an easy way to change feet into inches","userDefined ":false}],"isTemplate":false},
{"data":[{"text":"what's 8 ounces in cups","userDefined ":false}],"isTemplate":false},
{"data":[{"text":"help me convert feet into miles","userDefined ":false}],"isTemplate":false},
{"data":[{"text":"how many inches and centimeters would i need if i had 10 feet of something","userDefined ":false}],"isTemplate":false},
{"data":[{"text":"what is 15 ounces in grams","userDefined ":false}],"isTemplate":false},
{"data":[{"text":"how many teaspoons are in a half a cup","userDefined ":false}],"isTemplate":false},
{"data":[{"text":"how do you convert pounds to kilograms","userDefined ":false}],"isTemplate":false},
{"data":[{"text":"how many kilos are in 10 pounds","userDefined ":false}],"isTemplate":false},
{"data":[{"text":"what would be the conversion between tablespoons and teaspoons","userDefined ":false}],"isTemplate":false},
{"data":[{"text":"how many centimeters are in 4 inches","userDefined ":false}],"isTemplate":false},
{"data":[{"text":"what is 22 meters in inches","userDefined ":false}],"isTemplate":false},
{"data":[{"text":"how many crows are in 10 murders","userDefined ":false}],"isTemplate":false},
{"data":[{"text":"how do you convert ounces to pounds","userDefined ":false}],"isTemplate":false},
{"data":[{"text":"how do you convert ounces to grams","userDefined ":false}],"isTemplate":false},
{"data":[{"text":"how many teaspoons in a cup","userDefined ":false}],"isTemplate":false},
{"data":[{"text":"how many inches are in 5 feet","userDefined ":false}],"isTemplate":false},
{"data":[{"text":"how would i go about converting inches to yards","userDefined ":false}],"isTemplate":false},
{"data":[{"text":"tell me the conversion between tablespoons and cups","userDefined ":false}],"isTemplate":false},
{"data":[{"text":"how many feet are in 50 yards","userDefined ":false}],"isTemplate":false},
{"data":[{"text":"how many meters are in 10 millimeters","userDefined ":false}],"isTemplate":false},
{"data":[{"text":"tell me what ten pounds in kilos is","userDefined ":false}],"isTemplate":false},
{"data":[{"text":"convert inch to cm","userDefined ":false}],"isTemplate":false},
{"data":[{"text":"what is the conversion of inches to centimeters","userDefined ":false}],"isTemplate":false},
{"data":[{"text":"what is 15 ounces in grams, please","userDefined ":false}],"isTemplate":false},
{"data":[{"text":"how do you convert miles to kilometers","userDefined ":false}],"isTemplate":false},
{"data":[{"text":"how do i convert four inches into centimeters","userDefined ":false}],"isTemplate":false},
{"data":[{"text":"what amount of millimeters are in 50 kilometers","userDefined ":false}],"isTemplate":false},
{"data":[{"text":"how do i convert inches and centimeters","userDefined ":false}],"isTemplate":false},
{"data":[{"text":"how do you convert millimeters to decimeters","userDefined ":false}],"isTemplate":false},
{"data":[{"text":"how do i change pounds into kilograms","userDefined ":false}],"isTemplate":false},
{"data":[{"text":"how many miles is five kilometers","userDefined ":false}],"isTemplate":false}]
