[{"data":[{"text":"are there any meetings on the calendar for today","userDefined ":false}],"isTemplate":false},
{"data":[{"text":"when is my meeting with roger","userDefined ":false}],"isTemplate":false},
{"data":[{"text":"do i have any meetings planned for today","userDefined ":false}],"isTemplate":false},
{"data":[{"text":"tell me the meeting schedule for the day","userDefined ":false}],"isTemplate":false},
{"data":[{"text":"for today only, how many meetings are with jake","userDefined ":false}],"isTemplate":false},
{"data":[{"text":"tell me the meeting schdule please","userDefined ":false}],"isTemplate":false},
{"data":[{"text":"do i have any meetings with dave today","userDefined ":false}],"isTemplate":false},
{"data":[{"text":"what do i have going on between 9 and 10","userDefined ":false}],"isTemplate":false},
{"data":[{"text":"are any meetings scheduled for today","userDefined ":false}],"isTemplate":false},
{"data":[{"text":"do i have any meetings scheduled between 3 and 5 pm today","userDefined ":false}],"isTemplate":false},
{"data":[{"text":"let me hear all meetings for today","userDefined ":false}],"isTemplate":false},
{"data":[{"text":"do you see any meetings with john on my schedule today","userDefined ":false}],"isTemplate":false},
{"data":[{"text":"what meetings are on my calendar","userDefined ":false}],"isTemplate":false},
{"data":[{"text":"bring up any mettings for today","userDefined ":false}],"isTemplate":false},
{"data":[{"text":"please list my meetings for today","userDefined ":false}],"isTemplate":false},
{"data":[{"text":"tell me my scheduled meetings for today only, please","userDefined ":false}],"isTemplate":false},
{"data":[{"text":"when is my meeting with dan scheduled for","userDefined ":false}],"isTemplate":false},
{"data":[{"text":"do i have any meetings today between 5 and 6","userDefined ":false}],"isTemplate":false},
{"data":[{"text":"tell me when my meeting is scheduled with roger","userDefined ":false}],"isTemplate":false},
{"data":[{"text":"what meetings are scheduled for today","userDefined ":false}],"isTemplate":false},
{"data":[{"text":"are there meetings schedules today between noon and one","userDefined ":false}],"isTemplate":false},
{"data":[{"text":"when is the meeting with homer scheduled for","userDefined ":false}],"isTemplate":false},
{"data":[{"text":"do i have any meetings scheduled for today","userDefined ":false}],"isTemplate":false},
{"data":[{"text":"what times are my meetings","userDefined ":false}],"isTemplate":false},
{"data":[{"text":"is mr ceo waiting me now","userDefined ":false}],"isTemplate":false},
{"data":[{"text":"what meetings do i have today from 3 to 4","userDefined ":false}],"isTemplate":false},
{"data":[{"text":"am i scheduled to meet with heather today","userDefined ":false}],"isTemplate":false},
{"data":[{"text":"when is today's meeting with john","userDefined ":false}],"isTemplate":false},
{"data":[{"text":"is the gang getting together this afternoon","userDefined ":false}],"isTemplate":false},
{"data":[{"text":"share my meeting schedule with me","userDefined ":false}],"isTemplate":false},
{"data":[{"text":"what is on my schedule between 10:00 am and 11:00 am","userDefined ":false}],"isTemplate":false},
{"data":[{"text":"what meetings do i have scheduled today","userDefined ":false}],"isTemplate":false},
{"data":[{"text":"what meetings are on my schedule today between 1:00 pm and 4:00 pm","userDefined ":false}],"isTemplate":false},
{"data":[{"text":"on what day is my meeting with dr lee","userDefined ":false}],"isTemplate":false},
{"data":[{"text":"how many total meetings will i have between 2 and 5","userDefined ":false}],"isTemplate":false},
{"data":[{"text":"what's on my meeting schedule today","userDefined ":false}],"isTemplate":false},
{"data":[{"text":"what are my meetings today","userDefined ":false}],"isTemplate":false},
{"data":[{"text":"what meetings are on my schedule today","userDefined ":false}],"isTemplate":false},
{"data":[{"text":"do i have meetings scheduled today","userDefined ":false}],"isTemplate":false},
{"data":[{"text":"do i have many meetings today between 2 and 4","userDefined ":false}],"isTemplate":false},
{"data":[{"text":"when is my meeting with bob","userDefined ":false}],"isTemplate":false},
{"data":[{"text":"i need to know if i have any meetings scheduled for today","userDefined ":false}],"isTemplate":false},
{"data":[{"text":"what is the meeting schedule today","userDefined ":false}],"isTemplate":false},
{"data":[{"text":"what meetings do i have today between noon and one","userDefined ":false}],"isTemplate":false},
{"data":[{"text":"how many meetings do i have scheduled between 10 and 3","userDefined ":false}],"isTemplate":false},
{"data":[{"text":"do i have any meetings with stan today","userDefined ":false}],"isTemplate":false},
{"data":[{"text":"any meetings on the schedule today","userDefined ":false}],"isTemplate":false},
{"data":[{"text":"please list my meetings for today from 8:00 am to 2:00 pm","userDefined ":false}],"isTemplate":false},
{"data":[{"text":"did i schedule any meetings for today","userDefined ":false}],"isTemplate":false},
{"data":[{"text":"tell me how many meetings with pete i have for today","userDefined ":false}],"isTemplate":false}]
