[{"data":[{"text":"what is the smallest payment i can make toward my xfinity bill","userDefined ":false}],"isTemplate":false},
{"data":[{"text":"what is the minimum i need to pay for my cell phone bill","userDefined ":false}],"isTemplate":false},
{"data":[{"text":"i would like to know the minimum payment for my credit card","userDefined ":false}],"isTemplate":false},
{"data":[{"text":"what is the minimum amount of money required as payment for the bill","userDefined ":false}],"isTemplate":false},
{"data":[{"text":"what is the minimum payment for my power bill","userDefined ":false}],"isTemplate":false},
{"data":[{"text":"please tell me the minimum i can pay on my electric bill","userDefined ":false}],"isTemplate":false},
{"data":[{"text":"i want to know the bill's minimum payment","userDefined ":false}],"isTemplate":false},
{"data":[{"text":"what is the minimum payment for the bill","userDefined ":false}],"isTemplate":false},
{"data":[{"text":"minimum to pay on power bill","userDefined ":false}],"isTemplate":false},
{"data":[{"text":"what is the smallest i can pay on the water bill","userDefined ":false}],"isTemplate":false},
{"data":[{"text":"show my my minimum payment for youtube","userDefined ":false}],"isTemplate":false},
{"data":[{"text":"what is the minimum payment for my credit card bill","userDefined ":false}],"isTemplate":false},
{"data":[{"text":"i need to know what the minimum payment is on my electric bill","userDefined ":false}],"isTemplate":false},
{"data":[{"text":"what is the lowest amount i can pay for my cable bill","userDefined ":false}],"isTemplate":false},
{"data":[{"text":"show me the minimum payment for my boat bill","userDefined ":false}],"isTemplate":false},
{"data":[{"text":"what is my bill's minimum payment","userDefined ":false}],"isTemplate":false},
{"data":[{"text":"what is the minimum payment i can make on my electric bill","userDefined ":false}],"isTemplate":false},
{"data":[{"text":"tell me the minimum payment of my bill","userDefined ":false}],"isTemplate":false},
{"data":[{"text":"i would like to know my water bill minimum payment","userDefined ":false}],"isTemplate":false},
{"data":[{"text":"pay the minimum payment for m and t bill","userDefined ":false}],"isTemplate":false},
{"data":[{"text":"please give me the minimum payment total for my sprint phone bill","userDefined ":false}],"isTemplate":false},
{"data":[{"text":"how small of a payment can i make for my chase card bill","userDefined ":false}],"isTemplate":false},
{"data":[{"text":"please inform me of the minimum payment of the bill","userDefined ":false}],"isTemplate":false},
{"data":[{"text":"can you tell me the minimum amount due on my visa this month","userDefined ":false}],"isTemplate":false},
{"data":[{"text":"how tiny a payment can i make on electric bill","userDefined ":false}],"isTemplate":false},
{"data":[{"text":"what's the minimum required payment on my visa card","userDefined ":false}],"isTemplate":false},
{"data":[{"text":"what's the least amount i need to pay on the electric bill","userDefined ":false}],"isTemplate":false},
{"data":[{"text":"what's the smallest amount i can pay on the water bill","userDefined ":false}],"isTemplate":false},
{"data":[{"text":"what's the least i can pay on the medical payments for february","userDefined ":false}],"isTemplate":false},
{"data":[{"text":"how much is the minimum payment on my chase card","userDefined ":false}],"isTemplate":false},
{"data":[{"text":"what's the minimum payment for my internet bill","userDefined ":false}],"isTemplate":false},
{"data":[{"text":"how much is the least i can pay for power bill","userDefined ":false}],"isTemplate":false},
{"data":[{"text":"find the minimum due on my peco energy bill for february","userDefined ":false}],"isTemplate":false},
{"data":[{"text":"what is the smallest amount i can pay on my tmobile bill","userDefined ":false}],"isTemplate":false},
{"data":[{"text":"i would like to know the bill's minimum payment","userDefined ":false}],"isTemplate":false},
{"data":[{"text":"what is the lowest amount i can pay for my electric bill","userDefined ":false}],"isTemplate":false},
{"data":[{"text":"how little can i pay for my water bill","userDefined ":false}],"isTemplate":false},
{"data":[{"text":"i must know my water bill minimum payment","userDefined ":false}],"isTemplate":false},
{"data":[{"text":"please lookup the minimum i need to pay on my credit card","userDefined ":false}],"isTemplate":false},
{"data":[{"text":"the bill's minimum payment, what is it","userDefined ":false}],"isTemplate":false},
{"data":[{"text":"i want you to tell me the minimum i can pay on my rent bill","userDefined ":false}],"isTemplate":false},
{"data":[{"text":"let me know the minimum i can pay on my cable bill","userDefined ":false}],"isTemplate":false},
{"data":[{"text":"tell me the minimum i can pay on my cable bill","userDefined ":false}],"isTemplate":false},
{"data":[{"text":"inform me the lowest amount i can pay for my cable bill","userDefined ":false}],"isTemplate":false},
{"data":[{"text":"what is the minimum required payment for my cell phone bill","userDefined ":false}],"isTemplate":false},
{"data":[{"text":"what's the minimum payment for our cc bill","userDefined ":false}],"isTemplate":false},
{"data":[{"text":"i want to know my bill's minimum payment","userDefined ":false}],"isTemplate":false},
{"data":[{"text":"what is the minimum i can pay for my light bill","userDefined ":false}],"isTemplate":false},
{"data":[{"text":"what is the least amount i can pay for power bill","userDefined ":false}],"isTemplate":false},
{"data":[{"text":"what is the minimum i can pay for my electric bill","userDefined ":false}],"isTemplate":false}]
