[{"data":[{"text":"do you know the fuel economy of this car","userDefined ":false}],"isTemplate":false},
{"data":[{"text":"what's the miles per gallon on this car","userDefined ":false}],"isTemplate":false},
{"data":[{"text":"how does this cars mpg do on the highway","userDefined ":false}],"isTemplate":false},
{"data":[{"text":"how much gas does this use in the city","userDefined ":false}],"isTemplate":false},
{"data":[{"text":"how many miles per gallon does it get in the city","userDefined ":false}],"isTemplate":false},
{"data":[{"text":"for city driving, what's the car's mpg","userDefined ":false}],"isTemplate":false},
{"data":[{"text":"what's the fuel economy for this car downtown","userDefined ":false}],"isTemplate":false},
{"data":[{"text":"how many mpg does this rig get when i'm in the city","userDefined ":false}],"isTemplate":false},
{"data":[{"text":"what kind of mileage do i get out of gas","userDefined ":false}],"isTemplate":false},
{"data":[{"text":"what gas mileage does my car get","userDefined ":false}],"isTemplate":false},
{"data":[{"text":"how many miles per gallon does this car get in the city","userDefined ":false}],"isTemplate":false},
{"data":[{"text":"what is my average mpg in this car","userDefined ":false}],"isTemplate":false},
{"data":[{"text":"what kind of gas mileage do i get","userDefined ":false}],"isTemplate":false},
{"data":[{"text":"is the fuel economy of this car good or bad","userDefined ":false}],"isTemplate":false},
{"data":[{"text":"how many miles does my car get per gallon","userDefined ":false}],"isTemplate":false},
{"data":[{"text":"tell me what this cars highway mpg is","userDefined ":false}],"isTemplate":false},
{"data":[{"text":"what kind of mpg does this car get in the city","userDefined ":false}],"isTemplate":false},
{"data":[{"text":"how good is the fuel usage for this vehicle","userDefined ":false}],"isTemplate":false},
{"data":[{"text":"do you know what this car's mpg is","userDefined ":false}],"isTemplate":false},
{"data":[{"text":"what is the highway mpg on this car","userDefined ":false}],"isTemplate":false},
{"data":[{"text":"how much is my mpg","userDefined ":false}],"isTemplate":false},
{"data":[{"text":"my mpg is how much","userDefined ":false}],"isTemplate":false},
{"data":[{"text":"what is the city fuel efficiency for this car","userDefined ":false}],"isTemplate":false},
{"data":[{"text":"what are the estimates for the car's highway mpg","userDefined ":false}],"isTemplate":false},
{"data":[{"text":"what's the mileage on my car","userDefined ":false}],"isTemplate":false},
{"data":[{"text":"what is the mpg","userDefined ":false}],"isTemplate":false},
{"data":[{"text":"what is the mpg like for this car while driving in the city","userDefined ":false}],"isTemplate":false},
{"data":[{"text":"what's my car's gas mileage","userDefined ":false}],"isTemplate":false},
{"data":[{"text":"what is the mpg on this car","userDefined ":false}],"isTemplate":false},
{"data":[{"text":"what's the non-city mpg for this car","userDefined ":false}],"isTemplate":false},
{"data":[{"text":"how many mpg does this get on the highway","userDefined ":false}],"isTemplate":false},
{"data":[{"text":"how is this car rated for fuel economy","userDefined ":false}],"isTemplate":false},
{"data":[{"text":"retrieve my current mpg on my car","userDefined ":false}],"isTemplate":false},
{"data":[{"text":"what mpg does my car get","userDefined ":false}],"isTemplate":false},
{"data":[{"text":"whats the cars fuel mileage like","userDefined ":false}],"isTemplate":false},
{"data":[{"text":"how many mpgs does this car get on the highway","userDefined ":false}],"isTemplate":false},
{"data":[{"text":"how much mpg does this car get in the city","userDefined ":false}],"isTemplate":false},
{"data":[{"text":"can you tell me the mpg of this car","userDefined ":false}],"isTemplate":false},
{"data":[{"text":"how expensive is it to fuel this car","userDefined ":false}],"isTemplate":false},
{"data":[{"text":"what's this car do for fuel economy","userDefined ":false}],"isTemplate":false},
{"data":[{"text":"how many miles per gallon do i get","userDefined ":false}],"isTemplate":false},
{"data":[{"text":"how's the fuel efficiency for city driving for this car","userDefined ":false}],"isTemplate":false},
{"data":[{"text":"what's the fuel economy of my car","userDefined ":false}],"isTemplate":false},
{"data":[{"text":"how many miles per gallon does my car get","userDefined ":false}],"isTemplate":false},
{"data":[{"text":"how's the mpg for this on the freeway","userDefined ":false}],"isTemplate":false},
{"data":[{"text":"what mpg does this car get on the highway","userDefined ":false}],"isTemplate":false},
{"data":[{"text":"average mpg","userDefined ":false}],"isTemplate":false},
{"data":[{"text":"calculate car mpg","userDefined ":false}],"isTemplate":false},
{"data":[{"text":"what's this car guzzle in gas when driving in town","userDefined ":false}],"isTemplate":false},
{"data":[{"text":"what's my current mpg","userDefined ":false}],"isTemplate":false}]