[{"data":[{"text":"how do i go about applying for a new credit card","userDefined ":false}],"isTemplate":false},
{"data":[{"text":"show me how to apply for a visa card","userDefined ":false}],"isTemplate":false},
{"data":[{"text":"what if you need to obtain a new credit card","userDefined ":false}],"isTemplate":false},
{"data":[{"text":"could you please let me apply for a new credit card","userDefined ":false}],"isTemplate":false},
{"data":[{"text":"tell me how to apply for an american express card","userDefined ":false}],"isTemplate":false},
{"data":[{"text":"what if you want to obtain a new credit card","userDefined ":false}],"isTemplate":false},
{"data":[{"text":"hey what do i do to apply for a visa card","userDefined ":false}],"isTemplate":false},
{"data":[{"text":"i am hoping to apply for an amex card","userDefined ":false}],"isTemplate":false},
{"data":[{"text":"can you apply for idaho independent card for me","userDefined ":false}],"isTemplate":false},
{"data":[{"text":"i would like to apply for a credit card","userDefined ":false}],"isTemplate":false},
{"data":[{"text":"can you help me apply for a visa card","userDefined ":false}],"isTemplate":false},
{"data":[{"text":"i would like to apply for a discover card","userDefined ":false}],"isTemplate":false},
{"data":[{"text":"how to apply for platinum card","userDefined ":false}],"isTemplate":false},
{"data":[{"text":"i would like to apply for a bank of america travel rewards credit card","userDefined ":false}],"isTemplate":false},
{"data":[{"text":"how can i apply for a discover card","userDefined ":false}],"isTemplate":false},
{"data":[{"text":"walk me through the process of applying for an american express card","userDefined ":false}],"isTemplate":false},
{"data":[{"text":"show me the application for a visa card","userDefined ":false}],"isTemplate":false},
{"data":[{"text":"what do i need to do to get an american express card","userDefined ":false}],"isTemplate":false},
{"data":[{"text":"can i get a brand new card please","userDefined ":false}],"isTemplate":false},
{"data":[{"text":"how can i apply for a visa card","userDefined ":false}],"isTemplate":false},
{"data":[{"text":"show me how i can get a new credit card","userDefined ":false}],"isTemplate":false},
{"data":[{"text":"i would like to apply for a green card","userDefined ":false}],"isTemplate":false},
{"data":[{"text":"how do i apply for a barclay's card","userDefined ":false}],"isTemplate":false},
{"data":[{"text":"how do applications for discover cards work","userDefined ":false}],"isTemplate":false},
{"data":[{"text":"may i apply for a new credit card","userDefined ":false}],"isTemplate":false},
{"data":[{"text":"what's the procedure to apply for a new credit card","userDefined ":false}],"isTemplate":false},
{"data":[{"text":"might i be able to apply for a new credit card","userDefined ":false}],"isTemplate":false},
{"data":[{"text":"i would like to apply for a air canada card visa, can you help me","userDefined ":false}],"isTemplate":false},
{"data":[{"text":"can i get a new card","userDefined ":false}],"isTemplate":false},
{"data":[{"text":"can you help me get a new credit card","userDefined ":false}],"isTemplate":false},
{"data":[{"text":"can i apply for a discover card","userDefined ":false}],"isTemplate":false},
{"data":[{"text":"can i complete an application for a new credit card","userDefined ":false}],"isTemplate":false},
{"data":[{"text":"how do i get a new credit card sent to me","userDefined ":false}],"isTemplate":false},
{"data":[{"text":"is it possible to apply for a new credit card","userDefined ":false}],"isTemplate":false},
{"data":[{"text":"tell me the process of applying for a apollo card","userDefined ":false}],"isTemplate":false},
{"data":[{"text":"can you tell me how to apply for a western card","userDefined ":false}],"isTemplate":false},
{"data":[{"text":"apply for a kbc card for me","userDefined ":false}],"isTemplate":false},
{"data":[{"text":"can you tell me if i might be able to apply for a new credit card","userDefined ":false}],"isTemplate":false},
{"data":[{"text":"i need help figuring out a new credit card to get","userDefined ":false}],"isTemplate":false},
{"data":[{"text":"walk me through applying for a visa card","userDefined ":false}],"isTemplate":false},
{"data":[{"text":"is this how i apply for a discover card","userDefined ":false}],"isTemplate":false},
{"data":[{"text":"i intend to apply for an american express card","userDefined ":false}],"isTemplate":false},
{"data":[{"text":"how can i apply for a mastercard, please","userDefined ":false}],"isTemplate":false},
{"data":[{"text":"what if you want a new credit card","userDefined ":false}],"isTemplate":false},
{"data":[{"text":"help me apply for an american express card","userDefined ":false}],"isTemplate":false},
{"data":[{"text":"i am interested in applying for a visa card","userDefined ":false}],"isTemplate":false},
{"data":[{"text":"i think i'd like to apply for an amex","userDefined ":false}],"isTemplate":false},
{"data":[{"text":"i gotta apply for a new credit card","userDefined ":false}],"isTemplate":false},
{"data":[{"text":"i desire to apply for a bank of america travel rewards credit card","userDefined ":false}],"isTemplate":false},
{"data":[{"text":"i need to apply for a visa card","userDefined ":false}],"isTemplate":false}]