[{"data":[{"text":"what day is our next free day","userDefined ":false}],"isTemplate":false},
{"data":[{"text":"do you know the date of my next day off","userDefined ":false}],"isTemplate":false},
{"data":[{"text":"what is the next holiday","userDefined ":false}],"isTemplate":false},
{"data":[{"text":"do i have a day off coming up soon","userDefined ":false}],"isTemplate":false},
{"data":[{"text":"tell me what holiday is comming up next","userDefined ":false}],"isTemplate":false},
{"data":[{"text":"can you tell me what the next holiday is","userDefined ":false}],"isTemplate":false},
{"data":[{"text":"what's the next holiday","userDefined ":false}],"isTemplate":false},
{"data":[{"text":"how soon is my next day off","userDefined ":false}],"isTemplate":false},
{"data":[{"text":"when will we have another day off","userDefined ":false}],"isTemplate":false},
{"data":[{"text":"can you tell me the next holiday","userDefined ":false}],"isTemplate":false},
{"data":[{"text":"when does my current job have the next official paid holiday","userDefined ":false}],"isTemplate":false},
{"data":[{"text":"when is the next day off","userDefined ":false}],"isTemplate":false},
{"data":[{"text":"how much longer till the next day off","userDefined ":false}],"isTemplate":false},
{"data":[{"text":"when will the day off be","userDefined ":false}],"isTemplate":false},
{"data":[{"text":"when will we next get to stay home from work","userDefined ":false}],"isTemplate":false},
{"data":[{"text":"show me my next day off","userDefined ":false}],"isTemplate":false},
{"data":[{"text":"i need to know when i get my next day off","userDefined ":false}],"isTemplate":false},
{"data":[{"text":"how many more weeks until the next holiday","userDefined ":false}],"isTemplate":false},
{"data":[{"text":"when's the next day off coming up","userDefined ":false}],"isTemplate":false},
{"data":[{"text":"is there a holiday next week","userDefined ":false}],"isTemplate":false},
{"data":[{"text":"when is the next scheduled holiday","userDefined ":false}],"isTemplate":false},
{"data":[{"text":"tell me when the next day off will be","userDefined ":false}],"isTemplate":false},
{"data":[{"text":"tell me when the next holiday arrives","userDefined ":false}],"isTemplate":false},
{"data":[{"text":"i need to know when my next day off is","userDefined ":false}],"isTemplate":false},
{"data":[{"text":"i need to know when i will next have the day off","userDefined ":false}],"isTemplate":false},
{"data":[{"text":"how much time till the next day off","userDefined ":false}],"isTemplate":false},
{"data":[{"text":"how much time till the next time off","userDefined ":false}],"isTemplate":false},
{"data":[{"text":"check when the next day is i can go fishing will be","userDefined ":false}],"isTemplate":false},
{"data":[{"text":"to what extent until the following day away from work","userDefined ":false}],"isTemplate":false},
{"data":[{"text":"i need to know when the next holiday is","userDefined ":false}],"isTemplate":false},
{"data":[{"text":"how many days until my next day off","userDefined ":false}],"isTemplate":false},
{"data":[{"text":"are there any holiday's comming up","userDefined ":false}],"isTemplate":false},
{"data":[{"text":"i need to know when the next holiday will be","userDefined ":false}],"isTemplate":false},
{"data":[{"text":"when don't i have to work next","userDefined ":false}],"isTemplate":false},
{"data":[{"text":"please look up the next holiday for me","userDefined ":false}],"isTemplate":false},
{"data":[{"text":"what's the time period till our next day off","userDefined ":false}],"isTemplate":false},
{"data":[{"text":"when do i have some time off next","userDefined ":false}],"isTemplate":false},
{"data":[{"text":"which holiday is next","userDefined ":false}],"isTemplate":false},
{"data":[{"text":"how many more days until my next paid day off","userDefined ":false}],"isTemplate":false},
{"data":[{"text":"when is the next scheduled holiday, please","userDefined ":false}],"isTemplate":false},
{"data":[{"text":"what day am i off next","userDefined ":false}],"isTemplate":false},
{"data":[{"text":"when's the next holiday coming","userDefined ":false}],"isTemplate":false},
{"data":[{"text":"when's the next time my job'll give me a day to myself","userDefined ":false}],"isTemplate":false},
{"data":[{"text":"to what extent until the following free day","userDefined ":false}],"isTemplate":false},
{"data":[{"text":"let me know when my next day off is","userDefined ":false}],"isTemplate":false},
{"data":[{"text":"when's the next time i get a day off","userDefined ":false}],"isTemplate":false},
{"data":[{"text":"when does this place let us have a holiday next","userDefined ":false}],"isTemplate":false},
{"data":[{"text":"when's the next federally recognized holiday","userDefined ":false}],"isTemplate":false},
{"data":[{"text":"when can i expect my next day off","userDefined ":false}],"isTemplate":false},
{"data":[{"text":"whats the next day that i am off","userDefined ":false}],"isTemplate":false}]
