[{"data":[{"text":"please go to the song after this one","userDefined ":false}],"isTemplate":false},
{"data":[{"text":"go to the next tune","userDefined ":false}],"isTemplate":false},
{"data":[{"text":"go to my next song","userDefined ":false}],"isTemplate":false},
{"data":[{"text":"hop to the next one","userDefined ":false}],"isTemplate":false},
{"data":[{"text":"jump to the next song on this playlist","userDefined ":false}],"isTemplate":false},
{"data":[{"text":"lets pause this song and move onto the next","userDefined ":false}],"isTemplate":false},
{"data":[{"text":"change the song to the next one on this playlist","userDefined ":false}],"isTemplate":false},
{"data":[{"text":"find the next song on this playlist","userDefined ":false}],"isTemplate":false},
{"data":[{"text":"i want to listen to another song","userDefined ":false}],"isTemplate":false},
{"data":[{"text":"go forward one song","userDefined ":false}],"isTemplate":false},
{"data":[{"text":"go to next song, please","userDefined ":false}],"isTemplate":false},
{"data":[{"text":"go to the next song and skip","userDefined ":false}],"isTemplate":false},
{"data":[{"text":"play the next song on this list","userDefined ":false}],"isTemplate":false},
{"data":[{"text":"next song play","userDefined ":false}],"isTemplate":false},
{"data":[{"text":"go forward to the next track","userDefined ":false}],"isTemplate":false},
{"data":[{"text":"switch to the next song on this playlist please","userDefined ":false}],"isTemplate":false},
{"data":[{"text":"what is the next song to be played","userDefined ":false}],"isTemplate":false},
{"data":[{"text":"you must skip this song and play the next one","userDefined ":false}],"isTemplate":false},
{"data":[{"text":"play the next track","userDefined ":false}],"isTemplate":false},
{"data":[{"text":"please put on the next number on this playlist","userDefined ":false}],"isTemplate":false},
{"data":[{"text":"go past this song","userDefined ":false}],"isTemplate":false},
{"data":[{"text":"play the song coming on next","userDefined ":false}],"isTemplate":false},
{"data":[{"text":"proceed to the next song on this playlist","userDefined ":false}],"isTemplate":false},
{"data":[{"text":"i need you to play the next song on this playlist","userDefined ":false}],"isTemplate":false},
{"data":[{"text":"can you play the next song on this playlist, please","userDefined ":false}],"isTemplate":false},
{"data":[{"text":"stop this song and go to the next one","userDefined ":false}],"isTemplate":false},
{"data":[{"text":"start playing the next track","userDefined ":false}],"isTemplate":false},
{"data":[{"text":"remember to play the next number on this particular playlist","userDefined ":false}],"isTemplate":false},
{"data":[{"text":"play the song after this","userDefined ":false}],"isTemplate":false},
{"data":[{"text":"forget this song and go to the next","userDefined ":false}],"isTemplate":false},
{"data":[{"text":"skip and play next song","userDefined ":false}],"isTemplate":false},
{"data":[{"text":"i would like to hear the next tune on this particular playlist","userDefined ":false}],"isTemplate":false},
{"data":[{"text":"please play the next song on this playlist","userDefined ":false}],"isTemplate":false},
{"data":[{"text":"please play the next song","userDefined ":false}],"isTemplate":false},
{"data":[{"text":"continue to next song on the playlist","userDefined ":false}],"isTemplate":false},
{"data":[{"text":"play the next hit","userDefined ":false}],"isTemplate":false},
{"data":[{"text":"advance to the next song","userDefined ":false}],"isTemplate":false},
{"data":[{"text":"stop the current song and play the next one on this playlist","userDefined ":false}],"isTemplate":false},
{"data":[{"text":"go to next song","userDefined ":false}],"isTemplate":false},
{"data":[{"text":"play next on the playlist","userDefined ":false}],"isTemplate":false},
{"data":[{"text":"i want to listen to the next song on this playlist instead","userDefined ":false}],"isTemplate":false},
{"data":[{"text":"play the next tune","userDefined ":false}],"isTemplate":false},
{"data":[{"text":"can we play the next track","userDefined ":false}],"isTemplate":false},
{"data":[{"text":"can you skip this song","userDefined ":false}],"isTemplate":false},
{"data":[{"text":"i want you to play the next song on this playlist","userDefined ":false}],"isTemplate":false},
{"data":[{"text":"i don't want this song, move to the next","userDefined ":false}],"isTemplate":false},
{"data":[{"text":"can you move to the next song","userDefined ":false}],"isTemplate":false},
{"data":[{"text":"skip this song and play the next one","userDefined ":false}],"isTemplate":false},
{"data":[{"text":"can we skip this song","userDefined ":false}],"isTemplate":false},
{"data":[{"text":"can we stop this song and play the next one","userDefined ":false}],"isTemplate":false}]