[{"data":[{"text":"that's completely false","userDefined ":false}],"isTemplate":false},
{"data":[{"text":"that's not true","userDefined ":false}],"isTemplate":false},
{"data":[{"text":"that's not right, so no","userDefined ":false}],"isTemplate":false},
{"data":[{"text":"nope","userDefined ":false}],"isTemplate":false},
{"data":[{"text":"no way!","userDefined ":false}],"isTemplate":false},
{"data":[{"text":"no don't do that!","userDefined ":false}],"isTemplate":false},
{"data":[{"text":"i think not","userDefined ":false}],"isTemplate":false},
{"data":[{"text":"that's a negative","userDefined ":false}],"isTemplate":false},
{"data":[{"text":"i say negative","userDefined ":false}],"isTemplate":false},
{"data":[{"text":"that\u00e2\u20ac\u2122s actually wrong","userDefined ":false}],"isTemplate":false},
{"data":[{"text":"no, that can't be right","userDefined ":false}],"isTemplate":false},
{"data":[{"text":"definitely not","userDefined ":false}],"isTemplate":false},
{"data":[{"text":"that is not true","userDefined ":false}],"isTemplate":false},
{"data":[{"text":"no thanks","userDefined ":false}],"isTemplate":false},
{"data":[{"text":"not true","userDefined ":false}],"isTemplate":false},
{"data":[{"text":"not that one","userDefined ":false}],"isTemplate":false},
{"data":[{"text":"that's not right it's false","userDefined ":false}],"isTemplate":false},
{"data":[{"text":"no, don't do that","userDefined ":false}],"isTemplate":false},
{"data":[{"text":"no, that is my response","userDefined ":false}],"isTemplate":false},
{"data":[{"text":"nada","userDefined ":false}],"isTemplate":false},
{"data":[{"text":"that is not correct","userDefined ":false}],"isTemplate":false},
{"data":[{"text":"no thank you","userDefined ":false}],"isTemplate":false},
{"data":[{"text":"i don't like that, no","userDefined ":false}],"isTemplate":false},
{"data":[{"text":"that would be a no","userDefined ":false}],"isTemplate":false},
{"data":[{"text":"i think it is false","userDefined ":false}],"isTemplate":false},
{"data":[{"text":"i'll pass","userDefined ":false}],"isTemplate":false},
{"data":[{"text":"that\u00e2\u20ac\u2122s not correct","userDefined ":false}],"isTemplate":false},
{"data":[{"text":"what you just said is wrong","userDefined ":false}],"isTemplate":false},
{"data":[{"text":"no is the answer","userDefined ":false}],"isTemplate":false},
{"data":[{"text":"nay","userDefined ":false}],"isTemplate":false},
{"data":[{"text":"i must say no","userDefined ":false}],"isTemplate":false},
{"data":[{"text":"the answer is no","userDefined ":false}],"isTemplate":false},
{"data":[{"text":"the information is wrong","userDefined ":false}],"isTemplate":false},
{"data":[{"text":"i would have to say the answer to that is no","userDefined ":false}],"isTemplate":false},
{"data":[{"text":"no, that is inaccurate","userDefined ":false}],"isTemplate":false},
{"data":[{"text":"no!","userDefined ":false}],"isTemplate":false},
{"data":[{"text":"what you just said is false","userDefined ":false}],"isTemplate":false},
{"data":[{"text":"that is a completely false statement","userDefined ":false}],"isTemplate":false},
{"data":[{"text":"the answer is false","userDefined ":false}],"isTemplate":false},
{"data":[{"text":"i would say that the statement is definitely false","userDefined ":false}],"isTemplate":false},
{"data":[{"text":"i do not believe that that is correct","userDefined ":false}],"isTemplate":false},
{"data":[{"text":"i believe that to be false","userDefined ":false}],"isTemplate":false},
{"data":[{"text":"i don't believe that is possible, it is false","userDefined ":false}],"isTemplate":false},
{"data":[{"text":"no that isn't it","userDefined ":false}],"isTemplate":false},
{"data":[{"text":"that is not right","userDefined ":false}],"isTemplate":false},
{"data":[{"text":"no that isn't the case","userDefined ":false}],"isTemplate":false},
{"data":[{"text":"it's a no","userDefined ":false}],"isTemplate":false},
{"data":[{"text":"i gotta say no","userDefined ":false}],"isTemplate":false},
{"data":[{"text":"not that","userDefined ":false}],"isTemplate":false},
{"data":[{"text":"that is overwhelmingly false","userDefined ":false}],"isTemplate":false}]
