[{"data":[{"text":"give me the nutritional information for mashed potatoes","userDefined ":false}],"isTemplate":false},
{"data":[{"text":"please give me the nutrition facts for chicken parmesan","userDefined ":false}],"isTemplate":false},
{"data":[{"text":"tell me how healthy mac and cheese is","userDefined ":false}],"isTemplate":false},
{"data":[{"text":"what are the nutrition facts for a medium popcorn at the movies","userDefined ":false}],"isTemplate":false},
{"data":[{"text":"can you tell me the nutritional information for chicken nuggets","userDefined ":false}],"isTemplate":false},
{"data":[{"text":"how healthy are apples","userDefined ":false}],"isTemplate":false},
{"data":[{"text":"what's the nutritional info for chicken breast","userDefined ":false}],"isTemplate":false},
{"data":[{"text":"can you remember the nutritional info for macaroni and cheese","userDefined ":false}],"isTemplate":false},
{"data":[{"text":"where are the nutrition facts for cheerios","userDefined ":false}],"isTemplate":false},
{"data":[{"text":"can you give me information about the nutrition facts for celery","userDefined ":false}],"isTemplate":false},
{"data":[{"text":"do you know the nutritional info for macaroni and cheese","userDefined ":false}],"isTemplate":false},
{"data":[{"text":"can you give the nutritional information for the pasta","userDefined ":false}],"isTemplate":false},
{"data":[{"text":"could pizza be healthy","userDefined ":false}],"isTemplate":false},
{"data":[{"text":"i want to know the nutrition info for chicken nuggets","userDefined ":false}],"isTemplate":false},
{"data":[{"text":"nutrition information for chicken nuggets, please","userDefined ":false}],"isTemplate":false},
{"data":[{"text":"what's the nutritional information for steak","userDefined ":false}],"isTemplate":false},
{"data":[{"text":"i'd like to know the nutritional content of eggs, please","userDefined ":false}],"isTemplate":false},
{"data":[{"text":"how healthy is stax chips","userDefined ":false}],"isTemplate":false},
{"data":[{"text":"what's the nutrient info for a donut","userDefined ":false}],"isTemplate":false},
{"data":[{"text":"what's the nutritional value for a pizza lunchable","userDefined ":false}],"isTemplate":false},
{"data":[{"text":"what's the nutritional info for a loaf of bread","userDefined ":false}],"isTemplate":false},
{"data":[{"text":"do you know the nutrition facts for grapes","userDefined ":false}],"isTemplate":false},
{"data":[{"text":"share the nutrition info for brownies with me","userDefined ":false}],"isTemplate":false},
{"data":[{"text":"how nutritious are cheerios","userDefined ":false}],"isTemplate":false},
{"data":[{"text":"tell me the nutrition for grapes","userDefined ":false}],"isTemplate":false},
{"data":[{"text":"can you tell me how many calories are in an apple","userDefined ":false}],"isTemplate":false},
{"data":[{"text":"what's the nutritional information of iceberg lettuce","userDefined ":false}],"isTemplate":false},
{"data":[{"text":"can you tell me about the nutrients in jello","userDefined ":false}],"isTemplate":false},
{"data":[{"text":"is pizza considered healthy","userDefined ":false}],"isTemplate":false},
{"data":[{"text":"grapes have what kind of nutritional facts","userDefined ":false}],"isTemplate":false},
{"data":[{"text":"share the nutrition info for french fries with me","userDefined ":false}],"isTemplate":false},
{"data":[{"text":"tell me the nutritional information for chicken nuggets","userDefined ":false}],"isTemplate":false},
{"data":[{"text":"can you give me nutritional info on oranges","userDefined ":false}],"isTemplate":false},
{"data":[{"text":"give me the nutrition facts for chicken breast","userDefined ":false}],"isTemplate":false},
{"data":[{"text":"what's the nutritional info for french fries","userDefined ":false}],"isTemplate":false},
{"data":[{"text":"i would like you to share with me the nutrition info for chicken nuggets","userDefined ":false}],"isTemplate":false},
{"data":[{"text":"are pasta dishes healthy","userDefined ":false}],"isTemplate":false},
{"data":[{"text":"i need to know how healthy meatloaf is","userDefined ":false}],"isTemplate":false},
{"data":[{"text":"where on the cheerios box are the nutrition facts","userDefined ":false}],"isTemplate":false},
{"data":[{"text":"what's the nutritional info for spaghetti","userDefined ":false}],"isTemplate":false},
{"data":[{"text":"how healthy are potato skins","userDefined ":false}],"isTemplate":false},
{"data":[{"text":"what's the nutritional info for lasagna","userDefined ":false}],"isTemplate":false},
{"data":[{"text":"what's the nutritional info for a cheeseburger","userDefined ":false}],"isTemplate":false},
{"data":[{"text":"what's the nutritional info for a ganola bar","userDefined ":false}],"isTemplate":false},
{"data":[{"text":"can you tell me how healthy apples are","userDefined ":false}],"isTemplate":false},
{"data":[{"text":"let me see the nutrition content of the chicken tacos","userDefined ":false}],"isTemplate":false},
{"data":[{"text":"i need to know all about the nutrition of the beef taco","userDefined ":false}],"isTemplate":false},
{"data":[{"text":"nutrition information of mashed potatoes","userDefined ":false}],"isTemplate":false},
{"data":[{"text":"share the nutrition info for pizza with me","userDefined ":false}],"isTemplate":false},
{"data":[{"text":"can you read to me the nutritional info for macaroni and cheese","userDefined ":false}],"isTemplate":false}]
