[{"data":[{"text":"do i need to change my oil","userDefined ":false}],"isTemplate":false},
{"data":[{"text":"how long until i need to change my oil","userDefined ":false}],"isTemplate":false},
{"data":[{"text":"when should my oil get changed","userDefined ":false}],"isTemplate":false},
{"data":[{"text":"when do i need you change my oil","userDefined ":false}],"isTemplate":false},
{"data":[{"text":"how often do you have to change your oil","userDefined ":false}],"isTemplate":false},
{"data":[{"text":"my oil seems pretty black, does that mean i should change it","userDefined ":false}],"isTemplate":false},
{"data":[{"text":"when do i need to change the oil again","userDefined ":false}],"isTemplate":false},
{"data":[{"text":"how often should the oil get changed","userDefined ":false}],"isTemplate":false},
{"data":[{"text":"when is my next oil change due","userDefined ":false}],"isTemplate":false},
{"data":[{"text":"at what point should the oil be changed again","userDefined ":false}],"isTemplate":false},
{"data":[{"text":"how often should you get an oil change","userDefined ":false}],"isTemplate":false},
{"data":[{"text":"at which mileage, should i get my oil changed","userDefined ":false}],"isTemplate":false},
{"data":[{"text":"my next oil change is when","userDefined ":false}],"isTemplate":false},
{"data":[{"text":"when do i need my oil changed","userDefined ":false}],"isTemplate":false},
{"data":[{"text":"when should my oil be changed","userDefined ":false}],"isTemplate":false},
{"data":[{"text":"what duration of time should i wait before i change my oil","userDefined ":false}],"isTemplate":false},
{"data":[{"text":"how often should i change my oil","userDefined ":false}],"isTemplate":false},
{"data":[{"text":"when is my oil due to be changed","userDefined ":false}],"isTemplate":false},
{"data":[{"text":"when do you think i should change my oil","userDefined ":false}],"isTemplate":false},
{"data":[{"text":"how long does oil last in a car","userDefined ":false}],"isTemplate":false},
{"data":[{"text":"oil changes are typical done how often","userDefined ":false}],"isTemplate":false},
{"data":[{"text":"how much longer until i need to get my oil changed","userDefined ":false}],"isTemplate":false},
{"data":[{"text":"when is my car due for an oil change","userDefined ":false}],"isTemplate":false},
{"data":[{"text":"when am i due for an oil change","userDefined ":false}],"isTemplate":false},
{"data":[{"text":"what date should i next change my oil","userDefined ":false}],"isTemplate":false},
{"data":[{"text":"is it time for an oil change","userDefined ":false}],"isTemplate":false},
{"data":[{"text":"how long before i need an oil change","userDefined ":false}],"isTemplate":false},
{"data":[{"text":"in how many miles do i need to schedule my oil change","userDefined ":false}],"isTemplate":false},
{"data":[{"text":"do you change the oil in your car more than once a year","userDefined ":false}],"isTemplate":false},
{"data":[{"text":"what is the due date for my next oil change","userDefined ":false}],"isTemplate":false},
{"data":[{"text":"how long before i neet to get my oil changed","userDefined ":false}],"isTemplate":false},
{"data":[{"text":"when will my car need an oil change","userDefined ":false}],"isTemplate":false},
{"data":[{"text":"when is my next oil change","userDefined ":false}],"isTemplate":false},
{"data":[{"text":"when do i need an oil change","userDefined ":false}],"isTemplate":false},
{"data":[{"text":"i need to know when my oil should be changed","userDefined ":false}],"isTemplate":false},
{"data":[{"text":"when will i need another oil change","userDefined ":false}],"isTemplate":false},
{"data":[{"text":"when do i need to get an oil change","userDefined ":false}],"isTemplate":false},
{"data":[{"text":"it's been 3 years since i changed my oil, how long until i have to deal with it","userDefined ":false}],"isTemplate":false},
{"data":[{"text":"when to change my oil","userDefined ":false}],"isTemplate":false},
{"data":[{"text":"i really must know when should i get my oil changed next","userDefined ":false}],"isTemplate":false},
{"data":[{"text":"how many miles can i drive before changing my oil","userDefined ":false}],"isTemplate":false},
{"data":[{"text":"when is my oil change expected","userDefined ":false}],"isTemplate":false},
{"data":[{"text":"what is the time frame for changing oil","userDefined ":false}],"isTemplate":false},
{"data":[{"text":"how long can you go between oil changes","userDefined ":false}],"isTemplate":false},
{"data":[{"text":"when do cars need their oil changed","userDefined ":false}],"isTemplate":false},
{"data":[{"text":"i need to know when should i get my oil changed next","userDefined ":false}],"isTemplate":false},
{"data":[{"text":"when can i get oil changed","userDefined ":false}],"isTemplate":false},
{"data":[{"text":"when should i change the oil in my car","userDefined ":false}],"isTemplate":false},
{"data":[{"text":"at what point will i need another oil change","userDefined ":false}],"isTemplate":false},
{"data":[{"text":"when should i change my car oil","userDefined ":false}],"isTemplate":false}]