[{"data":[{"text":"give me instructions on how to change the oil in my car","userDefined ":false}],"isTemplate":false},
{"data":[{"text":"what way can i change oil at home","userDefined ":false}],"isTemplate":false},
{"data":[{"text":"i need step by step instructions on how to change the oil in my car","userDefined ":false}],"isTemplate":false},
{"data":[{"text":"what kind of oil do i need to change the oil in my car","userDefined ":false}],"isTemplate":false},
{"data":[{"text":"is it easy to change the oil in my car","userDefined ":false}],"isTemplate":false},
{"data":[{"text":"how do i choose the correct oil and how do i change it","userDefined ":false}],"isTemplate":false},
{"data":[{"text":"what do i need to change my oil","userDefined ":false}],"isTemplate":false},
{"data":[{"text":"do i need any tools to change the oil in my car","userDefined ":false}],"isTemplate":false},
{"data":[{"text":"how do i change the oil in a car","userDefined ":false}],"isTemplate":false},
{"data":[{"text":"how do i change my oil and choose the right oil","userDefined ":false}],"isTemplate":false},
{"data":[{"text":"i want to practive changing oil","userDefined ":false}],"isTemplate":false},
{"data":[{"text":"i need to know how to change my oil","userDefined ":false}],"isTemplate":false},
{"data":[{"text":"what kind of oil do i need to use for my car","userDefined ":false}],"isTemplate":false},
{"data":[{"text":"help me change my oil and what kind do i need","userDefined ":false}],"isTemplate":false},
{"data":[{"text":"how do i change a car's oil","userDefined ":false}],"isTemplate":false},
{"data":[{"text":"i want to learn how to change the oil in my car","userDefined ":false}],"isTemplate":false},
{"data":[{"text":"what is needed to change my oil","userDefined ":false}],"isTemplate":false},
{"data":[{"text":"what are the procedures for changing my oil","userDefined ":false}],"isTemplate":false},
{"data":[{"text":"show me how to change my oil","userDefined ":false}],"isTemplate":false},
{"data":[{"text":"what are the steps to change the oil in my car","userDefined ":false}],"isTemplate":false},
{"data":[{"text":"i need to change my oil and have no idea how to do it","userDefined ":false}],"isTemplate":false},
{"data":[{"text":"i can't change my oil and don't know what kind i need","userDefined ":false}],"isTemplate":false},
{"data":[{"text":"i want manual on how to change oil","userDefined ":false}],"isTemplate":false},
{"data":[{"text":"can you find instructions on how to change oil in a car","userDefined ":false}],"isTemplate":false},
{"data":[{"text":"i want to change my oil if you can tell me what to do, and what kind do i get","userDefined ":false}],"isTemplate":false},
{"data":[{"text":"can you tell me the steps to change the oil in my car","userDefined ":false}],"isTemplate":false},
{"data":[{"text":"give me instructions on how to change my oil","userDefined ":false}],"isTemplate":false},
{"data":[{"text":"i want to change the oil in my car","userDefined ":false}],"isTemplate":false},
{"data":[{"text":"can you assist with an oil change, and what type of oil do i get","userDefined ":false}],"isTemplate":false},
{"data":[{"text":"i want a lesson on changing my oil","userDefined ":false}],"isTemplate":false},
{"data":[{"text":"how do you change car oil","userDefined ":false}],"isTemplate":false},
{"data":[{"text":"what kind of oil should i use for my current car","userDefined ":false}],"isTemplate":false},
{"data":[{"text":"what do i need in order to change my oil","userDefined ":false}],"isTemplate":false},
{"data":[{"text":"how can my oil be changed in my car","userDefined ":false}],"isTemplate":false},
{"data":[{"text":"how do i change the oil for my car","userDefined ":false}],"isTemplate":false},
{"data":[{"text":"how do i change my oil with the correct type","userDefined ":false}],"isTemplate":false},
{"data":[{"text":"walk me through changing the oil on a tesla","userDefined ":false}],"isTemplate":false},
{"data":[{"text":"give me instructions for changing the oil in a 2015 passat","userDefined ":false}],"isTemplate":false},
{"data":[{"text":"give me instructions to change my oil","userDefined ":false}],"isTemplate":false},
{"data":[{"text":"what is the way i can change my oil","userDefined ":false}],"isTemplate":false},
{"data":[{"text":"i need to know how to change my car's oil","userDefined ":false}],"isTemplate":false},
{"data":[{"text":"give me manual on how to change oil","userDefined ":false}],"isTemplate":false},
{"data":[{"text":"tell me the procedure for changing oil in a car","userDefined ":false}],"isTemplate":false},
{"data":[{"text":"i intend to learn how to change oil in my car","userDefined ":false}],"isTemplate":false},
{"data":[{"text":"i want to learn the process of changing oil","userDefined ":false}],"isTemplate":false},
{"data":[{"text":"i should use what kind of oil and can you help me change it","userDefined ":false}],"isTemplate":false},
{"data":[{"text":"how do i change the oil in my passat","userDefined ":false}],"isTemplate":false},
{"data":[{"text":"tell me how to change the oil in 2014 odyssey","userDefined ":false}],"isTemplate":false},
{"data":[{"text":"find instructions on how to change my oil","userDefined ":false}],"isTemplate":false},
{"data":[{"text":"can you tell me how to change the oil in my car","userDefined ":false}],"isTemplate":false}]
