[{"data":[{"text":"how much is an overdraft fee for bank","userDefined ":false}],"isTemplate":false},
{"data":[{"text":"why are exponents preformed before multiplication in the order of operations","userDefined ":false}],"isTemplate":false},
{"data":[{"text":"what size wipers does this car take","userDefined ":false}],"isTemplate":false},
{"data":[{"text":"where is the dipstick","userDefined ":false}],"isTemplate":false},
{"data":[{"text":"how much is 1 share of aapl","userDefined ":false}],"isTemplate":false},
{"data":[{"text":"how is glue made","userDefined ":false}],"isTemplate":false},
{"data":[{"text":"any headlines from my area","userDefined ":false}],"isTemplate":false},
{"data":[{"text":"what is the largest state in the us","userDefined ":false}],"isTemplate":false},
{"data":[{"text":"what is the current market trend","userDefined ":false}],"isTemplate":false},
{"data":[{"text":"what is the most popular airline","userDefined ":false}],"isTemplate":false},
{"data":[{"text":"what is the formula for the circumference of a circle","userDefined ":false}],"isTemplate":false},
{"data":[{"text":"what are some ways to reduce spending","userDefined ":false}],"isTemplate":false},
{"data":[{"text":"what time does the louvre open","userDefined ":false}],"isTemplate":false},
{"data":[{"text":"are there any local stations covering the moral march in raleigh in februaryu","userDefined ":false}],"isTemplate":false},
{"data":[{"text":"how many planets have we discovered","userDefined ":false}],"isTemplate":false},
{"data":[{"text":"how do i change my billing address","userDefined ":false}],"isTemplate":false},
{"data":[{"text":"how do i open an online line of credit","userDefined ":false}],"isTemplate":false},
{"data":[{"text":"how do i remove a coffee blemish","userDefined ":false}],"isTemplate":false},
{"data":[{"text":"how expensive is an apple share","userDefined ":false}],"isTemplate":false},
{"data":[{"text":"where can i find the cruise control on my kia sportage 2010","userDefined ":false}],"isTemplate":false},
{"data":[{"text":"how many sides are in a hexagon","userDefined ":false}],"isTemplate":false},
{"data":[{"text":"how fast does an airplane travel","userDefined ":false}],"isTemplate":false},
{"data":[{"text":"is it worth investing in target","userDefined ":false}],"isTemplate":false},
{"data":[{"text":"i need to speak to customer service regarding my flight","userDefined ":false}],"isTemplate":false},
{"data":[{"text":"how long do wire transfers take","userDefined ":false}],"isTemplate":false},
{"data":[{"text":"what are some deals on amazon","userDefined ":false}],"isTemplate":false},
{"data":[{"text":"what city is the super bowl","userDefined ":false}],"isTemplate":false},
{"data":[{"text":"what trees change color in autumn","userDefined ":false}],"isTemplate":false},
{"data":[{"text":"do people prefer summer over fall","userDefined ":false}],"isTemplate":false},
{"data":[{"text":"how long is winter","userDefined ":false}],"isTemplate":false},
{"data":[{"text":"what were some of ben franklin's notable accomplishments","userDefined ":false}],"isTemplate":false},
{"data":[{"text":"where was john denver born","userDefined ":false}],"isTemplate":false},
{"data":[{"text":"where did abraham lincoln live","userDefined ":false}],"isTemplate":false},
{"data":[{"text":"when was kobe bryant born","userDefined ":false}],"isTemplate":false},
{"data":[{"text":"who's toledo's starting point guard for the next game","userDefined ":false}],"isTemplate":false},
{"data":[{"text":"how many players are on the chicago bulls","userDefined ":false}],"isTemplate":false},
{"data":[{"text":"who is the coach of the chicago bulls","userDefined ":false}],"isTemplate":false},
{"data":[{"text":"when do the utah jazz play next","userDefined ":false}],"isTemplate":false},
{"data":[{"text":"what other nations were involved in the chinese trade war","userDefined ":false}],"isTemplate":false},
{"data":[{"text":"what years has korea been at war","userDefined ":false}],"isTemplate":false},
{"data":[{"text":"when was the theory of evolution first considered","userDefined ":false}],"isTemplate":false},
{"data":[{"text":"who formulated the theory of relativity","userDefined ":false}],"isTemplate":false},
{"data":[{"text":"what stage of evolution am i","userDefined ":false}],"isTemplate":false},
{"data":[{"text":"what other personality type is most compatible with infjs","userDefined ":false}],"isTemplate":false},
{"data":[{"text":"what does my personality mean","userDefined ":false}],"isTemplate":false},
{"data":[{"text":"what's the most dominant scale in bluegrass","userDefined ":false}],"isTemplate":false},
{"data":[{"text":"what year was saxaphone first played","userDefined ":false}],"isTemplate":false},
{"data":[{"text":"which piano is best for classical","userDefined ":false}],"isTemplate":false},
{"data":[{"text":"is k-12 education required outside of the united states","userDefined ":false}],"isTemplate":false},
{"data":[{"text":"what are the benefits of completing college","userDefined ":false}],"isTemplate":false},
{"data":[{"text":"are you able to answer algebra equations","userDefined ":false}],"isTemplate":false},
{"data":[{"text":"can you help me study for a history exam","userDefined ":false}],"isTemplate":false},
{"data":[{"text":"how many points per game is lebron james averaging this season","userDefined ":false}],"isTemplate":false},
{"data":[{"text":"what team does eli mannign play for","userDefined ":false}],"isTemplate":false},
{"data":[{"text":"get me dwight howard shooting average","userDefined ":false}],"isTemplate":false},
{"data":[{"text":"can you list me tiger wood's stats","userDefined ":false}],"isTemplate":false},
{"data":[{"text":"what's the runtime of all the lord of the rings movies combined","userDefined ":false}],"isTemplate":false},
{"data":[{"text":"which character is the most famous from titanic","userDefined ":false}],"isTemplate":false},
{"data":[{"text":"how many oscars did star wars films win","userDefined ":false}],"isTemplate":false},
{"data":[{"text":"what year was shawshank redemption released","userDefined ":false}],"isTemplate":false},
{"data":[{"text":"which marvel character has appeared in the most movies","userDefined ":false}],"isTemplate":false},
{"data":[{"text":"when's the next movie starring thor set to come out","userDefined ":false}],"isTemplate":false},
{"data":[{"text":"who was the first capcom character","userDefined ":false}],"isTemplate":false},
{"data":[{"text":"are any justice league movies coming out","userDefined ":false}],"isTemplate":false},
{"data":[{"text":"can you tell me something about the nfl","userDefined ":false}],"isTemplate":false},
{"data":[{"text":"please explain the catch rule to me","userDefined ":false}],"isTemplate":false},
{"data":[{"text":"is there overtime in college football","userDefined ":false}],"isTemplate":false},
{"data":[{"text":"when did the mls start","userDefined ":false}],"isTemplate":false},
{"data":[{"text":"what's the best price on super smash bros ultimate right now","userDefined ":false}],"isTemplate":false},
{"data":[{"text":"what is the highest earning game on atari","userDefined ":false}],"isTemplate":false},
{"data":[{"text":"when is the next nintendo direct","userDefined ":false}],"isTemplate":false},
{"data":[{"text":"when was nintendo created","userDefined ":false}],"isTemplate":false},
{"data":[{"text":"please find the capital of pakistan and its population","userDefined ":false}],"isTemplate":false},
{"data":[{"text":"how many people live in taiwan","userDefined ":false}],"isTemplate":false},
{"data":[{"text":"what are some of picasso's most famous works","userDefined ":false}],"isTemplate":false},
{"data":[{"text":"what are van gogh's best pieces","userDefined ":false}],"isTemplate":false},
{"data":[{"text":"where can i see art","userDefined ":false}],"isTemplate":false},
{"data":[{"text":"when did camus die","userDefined ":false}],"isTemplate":false},
{"data":[{"text":"how much money does radiohead earn a year","userDefined ":false}],"isTemplate":false},
{"data":[{"text":"who is radiohead","userDefined ":false}],"isTemplate":false},
{"data":[{"text":"what's the biggest saas marketing company in the united states","userDefined ":false}],"isTemplate":false},
{"data":[{"text":"how do i start my own marketing firm","userDefined ":false}],"isTemplate":false},
{"data":[{"text":"how can i get involved in restaurant marketing","userDefined ":false}],"isTemplate":false},
{"data":[{"text":"what is saas marketing","userDefined ":false}],"isTemplate":false},
{"data":[{"text":"what do you call someone who was born in segovia","userDefined ":false}],"isTemplate":false},
{"data":[{"text":"what is rhineland","userDefined ":false}],"isTemplate":false},
{"data":[{"text":"who is the scariest character in start trek","userDefined ":false}],"isTemplate":false},
{"data":[{"text":"who is the current captain of this ship","userDefined ":false}],"isTemplate":false},
{"data":[{"text":"what year was star trek released","userDefined ":false}],"isTemplate":false},
{"data":[{"text":"when was toyota created","userDefined ":false}],"isTemplate":false},
{"data":[{"text":"who are some notable alumni of ucsd","userDefined ":false}],"isTemplate":false},
{"data":[{"text":"what is the next football game","userDefined ":false}],"isTemplate":false},
{"data":[{"text":"how many students attend ucsb","userDefined ":false}],"isTemplate":false},
{"data":[{"text":"when do classes start","userDefined ":false}],"isTemplate":false},
{"data":[{"text":"how can i become an aerospace engineer","userDefined ":false}],"isTemplate":false},
{"data":[{"text":"what percentage of species display cold blooded traits","userDefined ":false}],"isTemplate":false},
{"data":[{"text":"what does it mean to be an alpha male","userDefined ":false}],"isTemplate":false},
{"data":[{"text":"what animals have alpha males","userDefined ":false}],"isTemplate":false},
{"data":[{"text":"why do males want to be alpha","userDefined ":false}],"isTemplate":false},
{"data":[{"text":"what's the average battery life of an android phone","userDefined ":false}],"isTemplate":false}]
