[{"data":[{"text":"is it possible to make an order for more checkbooks for my chase bank account","userDefined ":false}],"isTemplate":false},
{"data":[{"text":"order more checkbooks for my community account","userDefined ":false}],"isTemplate":false},
{"data":[{"text":"can you order me more checks, please","userDefined ":false}],"isTemplate":false},
{"data":[{"text":"can i order for more checkbooks for my chase bank account","userDefined ":false}],"isTemplate":false},
{"data":[{"text":"can you get me more checkbooks for my southern account","userDefined ":false}],"isTemplate":false},
{"data":[{"text":"does my great western bank account allow me to order more checkbooks","userDefined ":false}],"isTemplate":false},
{"data":[{"text":"can i get more checkbooks for my bank of america checkings account","userDefined ":false}],"isTemplate":false},
{"data":[{"text":"can i get new checks to replace the ones we ran out of","userDefined ":false}],"isTemplate":false},
{"data":[{"text":"i need to order more checks for my savings account","userDefined ":false}],"isTemplate":false},
{"data":[{"text":"i would like to get some more checkbooks mailed to me","userDefined ":false}],"isTemplate":false},
{"data":[{"text":"is it possible to order more checkbooks for my chase bank account","userDefined ":false}],"isTemplate":false},
{"data":[{"text":"can you show me how to get more checkbooks by mail","userDefined ":false}],"isTemplate":false},
{"data":[{"text":"i would like to place an order for more checkbooks to me mailed to me","userDefined ":false}],"isTemplate":false},
{"data":[{"text":"ai,please order some checks for my usbank account","userDefined ":false}],"isTemplate":false},
{"data":[{"text":"would you please order me more checkbooks for my b of t account","userDefined ":false}],"isTemplate":false},
{"data":[{"text":"i need to order checks, so can i order some new ones","userDefined ":false}],"isTemplate":false},
{"data":[{"text":"help me get some new checks since i ran out of them","userDefined ":false}],"isTemplate":false},
{"data":[{"text":"i don't have checks so can i order some new ones","userDefined ":false}],"isTemplate":false},
{"data":[{"text":"make an order for new checbooks on my td checking please","userDefined ":false}],"isTemplate":false},
{"data":[{"text":"order more checks","userDefined ":false}],"isTemplate":false},
{"data":[{"text":"is it possible to get more checkbooks for my navy fed account","userDefined ":false}],"isTemplate":false},
{"data":[{"text":"i'd love to order some more checks for my checking account","userDefined ":false}],"isTemplate":false},
{"data":[{"text":"i'd like to get some more checkbooks mailed to me, if i can","userDefined ":false}],"isTemplate":false},
{"data":[{"text":"how can i order some more checks for my checking account","userDefined ":false}],"isTemplate":false},
{"data":[{"text":"order some new checks to replace the ones i ran out of","userDefined ":false}],"isTemplate":false},
{"data":[{"text":"i must order some more checks for my checking account","userDefined ":false}],"isTemplate":false},
{"data":[{"text":"is it possible to get more checkbooks for my wells fargo checkings","userDefined ":false}],"isTemplate":false},
{"data":[{"text":"i want to order some more checks for my savings account","userDefined ":false}],"isTemplate":false},
{"data":[{"text":"i wanna get some new checks cause i ran out of them","userDefined ":false}],"isTemplate":false},
{"data":[{"text":"ai, research usbank options to order more checks","userDefined ":false}],"isTemplate":false},
{"data":[{"text":"ai, where do i go to order checks for my usbank account","userDefined ":false}],"isTemplate":false},
{"data":[{"text":"please show me how to order more checks for my savings account","userDefined ":false}],"isTemplate":false},
{"data":[{"text":"i recently ran out of checks, so i wanna get some new ones","userDefined ":false}],"isTemplate":false},
{"data":[{"text":"how do i order new checks","userDefined ":false}],"isTemplate":false},
{"data":[{"text":"i do need to get some more checkbooks mailed to me","userDefined ":false}],"isTemplate":false},
{"data":[{"text":"how can i order more checks since i do not have any more","userDefined ":false}],"isTemplate":false},
{"data":[{"text":"i would like to order additional checkbooks to me mailed to my home address","userDefined ":false}],"isTemplate":false},
{"data":[{"text":"can you explain to me how to get some more checkbooks mailed to me","userDefined ":false}],"isTemplate":false},
{"data":[{"text":"how do i place an order for more checks for my bank of america account","userDefined ":false}],"isTemplate":false},
{"data":[{"text":"i need new checks","userDefined ":false}],"isTemplate":false},
{"data":[{"text":"ai, show me online options to order more checks for my usbank account","userDefined ":false}],"isTemplate":false},
{"data":[{"text":"i'm in need of checks for bank of america","userDefined ":false}],"isTemplate":false},
{"data":[{"text":"i need to order new checks","userDefined ":false}],"isTemplate":false},
{"data":[{"text":"i used the last check so i want you to help me order more","userDefined ":false}],"isTemplate":false},
{"data":[{"text":"how can i order more checkbooks by mail","userDefined ":false}],"isTemplate":false},
{"data":[{"text":"i wanna order some more checks for my checking account","userDefined ":false}],"isTemplate":false},
{"data":[{"text":"how can i get more checks for my commerce bank checking account","userDefined ":false}],"isTemplate":false},
{"data":[{"text":"can you order me more checks at wells fargo","userDefined ":false}],"isTemplate":false},
{"data":[{"text":"how do i order checks for my savings account","userDefined ":false}],"isTemplate":false},
{"data":[{"text":"will it be possible to order for more checkbooks for my chase bank account","userDefined ":false}],"isTemplate":false}]
