[{"data":[{"text":"could you check if my order has been delivered, please","userDefined ":false}],"isTemplate":false},
{"data":[{"text":"check on the status of my order","userDefined ":false}],"isTemplate":false},
{"data":[{"text":"can you check to see if my order has been delivered, please","userDefined ":false}],"isTemplate":false},
{"data":[{"text":"can you find my package in transit","userDefined ":false}],"isTemplate":false},
{"data":[{"text":"check up on the status of my online order","userDefined ":false}],"isTemplate":false},
{"data":[{"text":"has my order been shipped","userDefined ":false}],"isTemplate":false},
{"data":[{"text":"where is my order","userDefined ":false}],"isTemplate":false},
{"data":[{"text":"when can i expect to receive the order","userDefined ":false}],"isTemplate":false},
{"data":[{"text":"can you see if my order was delivered","userDefined ":false}],"isTemplate":false},
{"data":[{"text":"did my order ship","userDefined ":false}],"isTemplate":false},
{"data":[{"text":"could you check to see if my order has been delivered","userDefined ":false}],"isTemplate":false},
{"data":[{"text":"has my delivery order arrived yet","userDefined ":false}],"isTemplate":false},
{"data":[{"text":"has the order that i placed arrived","userDefined ":false}],"isTemplate":false},
{"data":[{"text":"help me find my package","userDefined ":false}],"isTemplate":false},
{"data":[{"text":"where's my package","userDefined ":false}],"isTemplate":false},
{"data":[{"text":"look up the status of the order i placed online","userDefined ":false}],"isTemplate":false},
{"data":[{"text":"show me where my order is","userDefined ":false}],"isTemplate":false},
{"data":[{"text":"where is my delivery order","userDefined ":false}],"isTemplate":false},
{"data":[{"text":"can you tell me if my last amazon order is coming today","userDefined ":false}],"isTemplate":false},
{"data":[{"text":"could you please track my package","userDefined ":false}],"isTemplate":false},
{"data":[{"text":"where's my package right now","userDefined ":false}],"isTemplate":false},
{"data":[{"text":"i ordered for delivery, has is arrived yet","userDefined ":false}],"isTemplate":false},
{"data":[{"text":"do you know where my package is","userDefined ":false}],"isTemplate":false},
{"data":[{"text":"when will my package arrive","userDefined ":false}],"isTemplate":false},
{"data":[{"text":"how soon will me package arrive","userDefined ":false}],"isTemplate":false},
{"data":[{"text":"track my package please","userDefined ":false}],"isTemplate":false},
{"data":[{"text":"when can i expect my order","userDefined ":false}],"isTemplate":false},
{"data":[{"text":"will my order be here by saturday","userDefined ":false}],"isTemplate":false},
{"data":[{"text":"i just placed my order today, what is the status of it","userDefined ":false}],"isTemplate":false},
{"data":[{"text":"hey, i just put in my order and i was wondering what the status of it","userDefined ":false}],"isTemplate":false},
{"data":[{"text":"can you check on the status of my orders at amazon","userDefined ":false}],"isTemplate":false},
{"data":[{"text":"track package, please","userDefined ":false}],"isTemplate":false},
{"data":[{"text":"can you help me find my package","userDefined ":false}],"isTemplate":false},
{"data":[{"text":"i ordered some curtains off amazon, can you tell me if it's been shipped yet","userDefined ":false}],"isTemplate":false},
{"data":[{"text":"what's going on with my order","userDefined ":false}],"isTemplate":false},
{"data":[{"text":"what is the tracking on my package","userDefined ":false}],"isTemplate":false},
{"data":[{"text":"has my online order shipped yet","userDefined ":false}],"isTemplate":false},
{"data":[{"text":"can you give me a status update on my online order from amazon","userDefined ":false}],"isTemplate":false},
{"data":[{"text":"what is the status of my recent order","userDefined ":false}],"isTemplate":false},
{"data":[{"text":"was my order dropped off","userDefined ":false}],"isTemplate":false},
{"data":[{"text":"is my order shown as delivered","userDefined ":false}],"isTemplate":false},
{"data":[{"text":"are you able to tack my package","userDefined ":false}],"isTemplate":false},
{"data":[{"text":"is my package able to be tracked by you","userDefined ":false}],"isTemplate":false},
{"data":[{"text":"i need an update on my online order from nespresso","userDefined ":false}],"isTemplate":false},
{"data":[{"text":"has my delivery order showed up","userDefined ":false}],"isTemplate":false},
{"data":[{"text":"order status","userDefined ":false}],"isTemplate":false},
{"data":[{"text":"check status on my deliver, has it been delivered","userDefined ":false}],"isTemplate":false},
{"data":[{"text":"what is the status of my order","userDefined ":false}],"isTemplate":false},
{"data":[{"text":"is the packaged delivered already","userDefined ":false}],"isTemplate":false},
{"data":[{"text":"are you able to track my package","userDefined ":false}],"isTemplate":false}]
