[{"data":[{"text":"can you order more printer paper","userDefined ":false}],"isTemplate":false},
{"data":[{"text":"i do not have pizza so will you order me some more","userDefined ":false}],"isTemplate":false},
{"data":[{"text":"i'm low on mouthwash so create an order for me","userDefined ":false}],"isTemplate":false},
{"data":[{"text":"i don't have ice cream so will you order me some more","userDefined ":false}],"isTemplate":false},
{"data":[{"text":"i need you to buy a laptop","userDefined ":false}],"isTemplate":false},
{"data":[{"text":"i'd like you to purchase me canned soup","userDefined ":false}],"isTemplate":false},
{"data":[{"text":"can you please order me more plastic bags","userDefined ":false}],"isTemplate":false},
{"data":[{"text":"i want all the things on the shopping list","userDefined ":false}],"isTemplate":false},
{"data":[{"text":"buy all the things on the shopping list","userDefined ":false}],"isTemplate":false},
{"data":[{"text":"i'm out of shampoo so will you order me some more","userDefined ":false}],"isTemplate":false},
{"data":[{"text":"i am needing you to buy me some shoes","userDefined ":false}],"isTemplate":false},
{"data":[{"text":"i want you to order everything on my shopping list","userDefined ":false}],"isTemplate":false},
{"data":[{"text":"order some cat for me, i ran out","userDefined ":false}],"isTemplate":false},
{"data":[{"text":"put in the order for everything on my shopping list","userDefined ":false}],"isTemplate":false},
{"data":[{"text":"please buy me flowers","userDefined ":false}],"isTemplate":false},
{"data":[{"text":"i need more candy so could you order me a pack","userDefined ":false}],"isTemplate":false},
{"data":[{"text":"i'm out of cat food, order more","userDefined ":false}],"isTemplate":false},
{"data":[{"text":"i need a replacement phone charger ordered online","userDefined ":false}],"isTemplate":false},
{"data":[{"text":"i do not have flour so will you order me some more","userDefined ":false}],"isTemplate":false},
{"data":[{"text":"will you buy me underpants","userDefined ":false}],"isTemplate":false},
{"data":[{"text":"can you go to amazon a repurchase my last purchase","userDefined ":false}],"isTemplate":false},
{"data":[{"text":"i would like everything on my shopping list ordered","userDefined ":false}],"isTemplate":false},
{"data":[{"text":"can you buy me a toy car","userDefined ":false}],"isTemplate":false},
{"data":[{"text":"i'd like to buy some cooking pans","userDefined ":false}],"isTemplate":false},
{"data":[{"text":"take my shopping list and order all","userDefined ":false}],"isTemplate":false},
{"data":[{"text":"i want you to buy me a shirt","userDefined ":false}],"isTemplate":false},
{"data":[{"text":"i require another filter so can you order me another one","userDefined ":false}],"isTemplate":false},
{"data":[{"text":"i wanna buy a pair of shoes online now","userDefined ":false}],"isTemplate":false},
{"data":[{"text":"add everything to my shopping cart","userDefined ":false}],"isTemplate":false},
{"data":[{"text":"can you have some new oakley's shipped to me","userDefined ":false}],"isTemplate":false},
{"data":[{"text":"ran out of tissues and need you to put an order in for more asap","userDefined ":false}],"isTemplate":false},
{"data":[{"text":"can you buy something from walmartcom for me","userDefined ":false}],"isTemplate":false},
{"data":[{"text":"grab me a new belt on amazon please","userDefined ":false}],"isTemplate":false},
{"data":[{"text":"i do not have cookies so will you order me some more","userDefined ":false}],"isTemplate":false},
{"data":[{"text":"can you order everything on my shopping list","userDefined ":false}],"isTemplate":false},
{"data":[{"text":"i am currently out of q tips and need more ordered right away","userDefined ":false}],"isTemplate":false},
{"data":[{"text":"i'm out of detergent so will you order me some more","userDefined ":false}],"isTemplate":false},
{"data":[{"text":"i want everything on my shopping list ordered","userDefined ":false}],"isTemplate":false},
{"data":[{"text":"i need more cat food, please order some","userDefined ":false}],"isTemplate":false},
{"data":[{"text":"i am out of ice cream so will you order me some more","userDefined ":false}],"isTemplate":false},
{"data":[{"text":"i'm out of paper plates so will you order me some more","userDefined ":false}],"isTemplate":false},
{"data":[{"text":"order more cat food, i'm out","userDefined ":false}],"isTemplate":false},
{"data":[{"text":"i need you to order some more lysol for me,please","userDefined ":false}],"isTemplate":false},
{"data":[{"text":"get everything on my shopping list","userDefined ":false}],"isTemplate":false},
{"data":[{"text":"i need to buy everything on the shopping list","userDefined ":false}],"isTemplate":false},
{"data":[{"text":"would you order everything on my shopping list","userDefined ":false}],"isTemplate":false},
{"data":[{"text":"submit the order for everything on my shopping list","userDefined ":false}],"isTemplate":false},
{"data":[{"text":"can you order underpants for me","userDefined ":false}],"isTemplate":false},
{"data":[{"text":"i would like all of these things on my shopping list ordered","userDefined ":false}],"isTemplate":false},
{"data":[{"text":"i need everything ordered on my shopping list","userDefined ":false}],"isTemplate":false}]
