[{"data":[{"text":"i want to pay that bill now","userDefined ":false}],"isTemplate":false},
{"data":[{"text":"i gotta pay my cable bill","userDefined ":false}],"isTemplate":false},
{"data":[{"text":"i need help to pay my electric bill","userDefined ":false}],"isTemplate":false},
{"data":[{"text":"please tell me how to pay my gas bill","userDefined ":false}],"isTemplate":false},
{"data":[{"text":"i need help paying my tuition bill","userDefined ":false}],"isTemplate":false},
{"data":[{"text":"i wish to pay my cable bill","userDefined ":false}],"isTemplate":false},
{"data":[{"text":"i would like to pay my cell phone bill","userDefined ":false}],"isTemplate":false},
{"data":[{"text":"i want to pay my water bill","userDefined ":false}],"isTemplate":false},
{"data":[{"text":"i'd like to pay my bill","userDefined ":false}],"isTemplate":false},
{"data":[{"text":"i need help paying my water bill","userDefined ":false}],"isTemplate":false},
{"data":[{"text":"use my savings account to the pay the rent","userDefined ":false}],"isTemplate":false},
{"data":[{"text":"can anyone help me pay my car bill","userDefined ":false}],"isTemplate":false},
{"data":[{"text":"pay my insurance bill","userDefined ":false}],"isTemplate":false},
{"data":[{"text":"i need to pay my water bill","userDefined ":false}],"isTemplate":false},
{"data":[{"text":"i need help paying my phone bill","userDefined ":false}],"isTemplate":false},
{"data":[{"text":"i want to pay my rent bill","userDefined ":false}],"isTemplate":false},
{"data":[{"text":"pay my internet bill with my discover account","userDefined ":false}],"isTemplate":false},
{"data":[{"text":"pay my electric bill from my paypal account","userDefined ":false}],"isTemplate":false},
{"data":[{"text":"are you able to help me pay my mortgage","userDefined ":false}],"isTemplate":false},
{"data":[{"text":"i need help paying my electric bill","userDefined ":false}],"isTemplate":false},
{"data":[{"text":"pay my gas bill from my saving account","userDefined ":false}],"isTemplate":false},
{"data":[{"text":"i want to pay my tax bill","userDefined ":false}],"isTemplate":false},
{"data":[{"text":"pay a bribe using my money market account","userDefined ":false}],"isTemplate":false},
{"data":[{"text":"i need help paying my hoa bill","userDefined ":false}],"isTemplate":false},
{"data":[{"text":"please pay electric bill","userDefined ":false}],"isTemplate":false},
{"data":[{"text":"pay the red cross the monthly donation","userDefined ":false}],"isTemplate":false},
{"data":[{"text":"i got to pay my cable bill","userDefined ":false}],"isTemplate":false},
{"data":[{"text":"do a car payment from my savings account","userDefined ":false}],"isTemplate":false},
{"data":[{"text":"is there anyone available to help pay an internet bill","userDefined ":false}],"isTemplate":false},
{"data":[{"text":"i'd really like to pay this bill","userDefined ":false}],"isTemplate":false},
{"data":[{"text":"pay the electric bill","userDefined ":false}],"isTemplate":false},
{"data":[{"text":"please pay my bill","userDefined ":false}],"isTemplate":false},
{"data":[{"text":"pay the cable bill with my visa card","userDefined ":false}],"isTemplate":false},
{"data":[{"text":"my water bill is due, pay it immediately","userDefined ":false}],"isTemplate":false},
{"data":[{"text":"pay my water bill with my charles schwab account","userDefined ":false}],"isTemplate":false},
{"data":[{"text":"i want to do a payment on my water bill","userDefined ":false}],"isTemplate":false},
{"data":[{"text":"i need help paying my cable bill","userDefined ":false}],"isTemplate":false},
{"data":[{"text":"i need to pay this month's tv subscription fee","userDefined ":false}],"isTemplate":false},
{"data":[{"text":"can i pay my bill","userDefined ":false}],"isTemplate":false},
{"data":[{"text":"pay my electric bill from my amex account","userDefined ":false}],"isTemplate":false},
{"data":[{"text":"i need your help to pay my gas bill","userDefined ":false}],"isTemplate":false},
{"data":[{"text":"go ahead and pay my american express bill now","userDefined ":false}],"isTemplate":false},
{"data":[{"text":"i'd like to pay my coned bill","userDefined ":false}],"isTemplate":false},
{"data":[{"text":"can you pay the bill now","userDefined ":false}],"isTemplate":false},
{"data":[{"text":"use my checkings account to pay the electric bill","userDefined ":false}],"isTemplate":false},
{"data":[{"text":"i want to pay my electric bill","userDefined ":false}],"isTemplate":false},
{"data":[{"text":"i want to pay my insurance bill","userDefined ":false}],"isTemplate":false},
{"data":[{"text":"pay my mortgage from my checkings accounts","userDefined ":false}],"isTemplate":false},
{"data":[{"text":"pay my cable bill from my facebook account","userDefined ":false}],"isTemplate":false},
{"data":[{"text":"can you give me a hand paying my water bill","userDefined ":false}],"isTemplate":false}]
