[{"data":[{"text":"when should i expect my next paycheck","userDefined ":false}],"isTemplate":false},
{"data":[{"text":"remind me of the date of my last paycheck","userDefined ":false}],"isTemplate":false},
{"data":[{"text":"tell me my next paycheck","userDefined ":false}],"isTemplate":false},
{"data":[{"text":"can you confirm the date my last paycheck was received","userDefined ":false}],"isTemplate":false},
{"data":[{"text":"when will my paycheck be available","userDefined ":false}],"isTemplate":false},
{"data":[{"text":"when should another paycheck arrive","userDefined ":false}],"isTemplate":false},
{"data":[{"text":"when will i recieve my next paycheck","userDefined ":false}],"isTemplate":false},
{"data":[{"text":"i need to know when i was paid last","userDefined ":false}],"isTemplate":false},
{"data":[{"text":"what date did i receive my last paycheck","userDefined ":false}],"isTemplate":false},
{"data":[{"text":"when do i get my next check","userDefined ":false}],"isTemplate":false},
{"data":[{"text":"what day do i get paid next","userDefined ":false}],"isTemplate":false},
{"data":[{"text":"tell me when i last got paid","userDefined ":false}],"isTemplate":false},
{"data":[{"text":"when am i paid","userDefined ":false}],"isTemplate":false},
{"data":[{"text":"when will my next paycheck come","userDefined ":false}],"isTemplate":false},
{"data":[{"text":"what day do i get paid","userDefined ":false}],"isTemplate":false},
{"data":[{"text":"when will i be paid again","userDefined ":false}],"isTemplate":false},
{"data":[{"text":"i wanna know when i was paid last","userDefined ":false}],"isTemplate":false},
{"data":[{"text":"how much longer until the next payday","userDefined ":false}],"isTemplate":false},
{"data":[{"text":"how many days until my next payday","userDefined ":false}],"isTemplate":false},
{"data":[{"text":"when did i get paid the last time","userDefined ":false}],"isTemplate":false},
{"data":[{"text":"when was the last time i got paid","userDefined ":false}],"isTemplate":false},
{"data":[{"text":"what date will my next paycheck be here","userDefined ":false}],"isTemplate":false},
{"data":[{"text":"do you know when i can expect my next paycheck","userDefined ":false}],"isTemplate":false},
{"data":[{"text":"on what date did i get paid last","userDefined ":false}],"isTemplate":false},
{"data":[{"text":"when will i be getting my next paycheck","userDefined ":false}],"isTemplate":false},
{"data":[{"text":"when will i get paid next","userDefined ":false}],"isTemplate":false},
{"data":[{"text":"did i receive my paycheck this week","userDefined ":false}],"isTemplate":false},
{"data":[{"text":"i need to know when to expect my next paycheck","userDefined ":false}],"isTemplate":false},
{"data":[{"text":"what is the date of my last paycheck","userDefined ":false}],"isTemplate":false},
{"data":[{"text":"please give me the expected arrival date for my next paycheck","userDefined ":false}],"isTemplate":false},
{"data":[{"text":"how long is it until payday","userDefined ":false}],"isTemplate":false},
{"data":[{"text":"when's my next payday","userDefined ":false}],"isTemplate":false},
{"data":[{"text":"when was my last payment","userDefined ":false}],"isTemplate":false},
{"data":[{"text":"my next paycheck is available when","userDefined ":false}],"isTemplate":false},
{"data":[{"text":"when is my next paycheck due","userDefined ":false}],"isTemplate":false},
{"data":[{"text":"i need to know the date my next paycheck will be here","userDefined ":false}],"isTemplate":false},
{"data":[{"text":"when was the last date that i was paid","userDefined ":false}],"isTemplate":false},
{"data":[{"text":"tell me when my next paycheck will be here","userDefined ":false}],"isTemplate":false},
{"data":[{"text":"day that i get paid","userDefined ":false}],"isTemplate":false},
{"data":[{"text":"let me know when i'm going to be paid","userDefined ":false}],"isTemplate":false},
{"data":[{"text":"when am i due for my next paycheck","userDefined ":false}],"isTemplate":false},
{"data":[{"text":"how much longer until i have a direct deposit","userDefined ":false}],"isTemplate":false},
{"data":[{"text":"tell me when i received my last paycheck","userDefined ":false}],"isTemplate":false},
{"data":[{"text":"what day is my next payday","userDefined ":false}],"isTemplate":false},
{"data":[{"text":"my next payday","userDefined ":false}],"isTemplate":false},
{"data":[{"text":"tell me when my next paycheck is set to arrive","userDefined ":false}],"isTemplate":false},
{"data":[{"text":"what is my next payday","userDefined ":false}],"isTemplate":false},
{"data":[{"text":"tell me when i received my most recent paycheck","userDefined ":false}],"isTemplate":false},
{"data":[{"text":"what time is my next paycheck coming","userDefined ":false}],"isTemplate":false},
{"data":[{"text":"when will i get my next paycheck","userDefined ":false}],"isTemplate":false}]
