[{"data":[{"text":"how do i update my pin number for my account, please","userDefined ":false}],"isTemplate":false},
{"data":[{"text":"how do i change my pin for number for my abc bank account","userDefined ":false}],"isTemplate":false},
{"data":[{"text":"i cannot remember what my pin is for my bank of america checking account","userDefined ":false}],"isTemplate":false},
{"data":[{"text":"i want to change my pin number for my checking account","userDefined ":false}],"isTemplate":false},
{"data":[{"text":"i forgot my pin number for my northfield account","userDefined ":false}],"isTemplate":false},
{"data":[{"text":"switch my amex pin to 1234","userDefined ":false}],"isTemplate":false},
{"data":[{"text":"i seem to have lost the pin for my retirement account","userDefined ":false}],"isTemplate":false},
{"data":[{"text":"i would like to change the pin on my savings account","userDefined ":false}],"isTemplate":false},
{"data":[{"text":"help me change my pin number for my money market account","userDefined ":false}],"isTemplate":false},
{"data":[{"text":"i need you to change the pin on my bank of america account to be 1234","userDefined ":false}],"isTemplate":false},
{"data":[{"text":"i need to change my pin number for my savings account","userDefined ":false}],"isTemplate":false},
{"data":[{"text":"change the pin on my bank account first republic to 1234","userDefined ":false}],"isTemplate":false},
{"data":[{"text":"i cannot recall the pin for my savings account","userDefined ":false}],"isTemplate":false},
{"data":[{"text":"i need to reset my pin number","userDefined ":false}],"isTemplate":false},
{"data":[{"text":"i would like to change my pin number for my chase account","userDefined ":false}],"isTemplate":false},
{"data":[{"text":"i'm afraid i've forgotten the pin for my 401k account","userDefined ":false}],"isTemplate":false},
{"data":[{"text":"i must change my pin number for my account","userDefined ":false}],"isTemplate":false},
{"data":[{"text":"i gotta change my pin number for my debit account","userDefined ":false}],"isTemplate":false},
{"data":[{"text":"i would like to replace the pin number for my retirement account","userDefined ":false}],"isTemplate":false},
{"data":[{"text":"i need help changing my pin","userDefined ":false}],"isTemplate":false},
{"data":[{"text":"i really cannot remember what my pin is for my bank of america checking account","userDefined ":false}],"isTemplate":false},
{"data":[{"text":"i forgot the pin number for my college fund account","userDefined ":false}],"isTemplate":false},
{"data":[{"text":"change the pin on my chase account to be 1234","userDefined ":false}],"isTemplate":false},
{"data":[{"text":"tell me how to retrieve my pin number","userDefined ":false}],"isTemplate":false},
{"data":[{"text":"is there a way to get my pin number","userDefined ":false}],"isTemplate":false},
{"data":[{"text":"change my amex pin to 1234","userDefined ":false}],"isTemplate":false},
{"data":[{"text":"please change my retirement account pin number to 1234","userDefined ":false}],"isTemplate":false},
{"data":[{"text":"change the pin on my bofa account to 3892","userDefined ":false}],"isTemplate":false},
{"data":[{"text":"help me change my pin number","userDefined ":false}],"isTemplate":false},
{"data":[{"text":"i got to change my pin number for my account","userDefined ":false}],"isTemplate":false},
{"data":[{"text":"i'd like to change the pin on my savings account, please","userDefined ":false}],"isTemplate":false},
{"data":[{"text":"change my amex account pin to 1234","userDefined ":false}],"isTemplate":false},
{"data":[{"text":"is there a way to change my pin number for my savings account","userDefined ":false}],"isTemplate":false},
{"data":[{"text":"swap my amex pin to 1234","userDefined ":false}],"isTemplate":false},
{"data":[{"text":"can you change my 1st national account pin to 4892","userDefined ":false}],"isTemplate":false},
{"data":[{"text":"i want a new pin for my savings account","userDefined ":false}],"isTemplate":false},
{"data":[{"text":"change the pin on my capital one account to be 1234","userDefined ":false}],"isTemplate":false},
{"data":[{"text":"i wanna change my pin number for my credit acount","userDefined ":false}],"isTemplate":false},
{"data":[{"text":"can you tell me my password checking account","userDefined ":false}],"isTemplate":false},
{"data":[{"text":"i cannot remember what my pin is for my bank of america checking account this moment","userDefined ":false}],"isTemplate":false},
{"data":[{"text":"please tell me my pin number for my synovus account","userDefined ":false}],"isTemplate":false},
{"data":[{"text":"i need to change my pin number for my checking account","userDefined ":false}],"isTemplate":false},
{"data":[{"text":"i'd like to change my pin number for my savings account","userDefined ":false}],"isTemplate":false},
{"data":[{"text":"can you reset my pin number","userDefined ":false}],"isTemplate":false},
{"data":[{"text":"i would like to change the pin on my savings account, please","userDefined ":false}],"isTemplate":false},
{"data":[{"text":"please change my checking account pin to 1234","userDefined ":false}],"isTemplate":false},
{"data":[{"text":"set up a new pin number on my college fund account and make it be 1234","userDefined ":false}],"isTemplate":false},
{"data":[{"text":"help me, i forgot my pin number","userDefined ":false}],"isTemplate":false},
{"data":[{"text":"change the pin on my bank of america account to be 1234","userDefined ":false}],"isTemplate":false},
{"data":[{"text":"i am unable to remember what my pin is for my bank of america checking account","userDefined ":false}],"isTemplate":false}]
