[{"data":[{"text":"can you play music","userDefined ":false}],"isTemplate":false},
{"data":[{"text":"can you play everlong by foo fighters","userDefined ":false}],"isTemplate":false},
{"data":[{"text":"please play even flow by pearl jam","userDefined ":false}],"isTemplate":false},
{"data":[{"text":"may i hear some music by fleet foxes","userDefined ":false}],"isTemplate":false},
{"data":[{"text":"resume my death metal playlist","userDefined ":false}],"isTemplate":false},
{"data":[{"text":"play that song called bring the noise","userDefined ":false}],"isTemplate":false},
{"data":[{"text":"play the song that goes like hey jude don't make it bad","userDefined ":false}],"isTemplate":false},
{"data":[{"text":"i want to listen to my maroon 5 playlist, play it for me","userDefined ":false}],"isTemplate":false},
{"data":[{"text":"play heart shaped box","userDefined ":false}],"isTemplate":false},
{"data":[{"text":"i'd like to hear my workout playlist","userDefined ":false}],"isTemplate":false},
{"data":[{"text":"can u play the song that sound like bells going off","userDefined ":false}],"isTemplate":false},
{"data":[{"text":"go ahead and play the song that goes like hey jude don't make it bad","userDefined ":false}],"isTemplate":false},
{"data":[{"text":"i want to hear pop music","userDefined ":false}],"isTemplate":false},
{"data":[{"text":"pull up my shower playlist","userDefined ":false}],"isTemplate":false},
{"data":[{"text":"please play the song that goes like hey jude don't make it bad","userDefined ":false}],"isTemplate":false},
{"data":[{"text":"let's hear my workout playlist","userDefined ":false}],"isTemplate":false},
{"data":[{"text":"can i hear my smooth jazz playlist","userDefined ":false}],"isTemplate":false},
{"data":[{"text":"play the song called blood brothers","userDefined ":false}],"isTemplate":false},
{"data":[{"text":"turn on the rap playlist","userDefined ":false}],"isTemplate":false},
{"data":[{"text":"that \"baby shark, doo doo,\" song, i want to hear it","userDefined ":false}],"isTemplate":false},
{"data":[{"text":"play that song called colony of birchman","userDefined ":false}],"isTemplate":false},
{"data":[{"text":"can you play your guitar right now","userDefined ":false}],"isTemplate":false},
{"data":[{"text":"play hey jude","userDefined ":false}],"isTemplate":false},
{"data":[{"text":"put my workout playlist on","userDefined ":false}],"isTemplate":false},
{"data":[{"text":"can i get some music by three six mafia in here","userDefined ":false}],"isTemplate":false},
{"data":[{"text":"can you find music by slow magic to put on","userDefined ":false}],"isTemplate":false},
{"data":[{"text":"put my music on, please","userDefined ":false}],"isTemplate":false},
{"data":[{"text":"can you put on music by beach house","userDefined ":false}],"isTemplate":false},
{"data":[{"text":"can i hear some music by cloud control","userDefined ":false}],"isTemplate":false},
{"data":[{"text":"play my post-rock playlist","userDefined ":false}],"isTemplate":false},
{"data":[{"text":"do you have music by elvis","userDefined ":false}],"isTemplate":false},
{"data":[{"text":"i need for you to play my maroon 5 playlist","userDefined ":false}],"isTemplate":false},
{"data":[{"text":"play the song with the lyrics, \"baby shark, doo doo","userDefined ":false}],"isTemplate":false},
{"data":[{"text":"i want to hear my shower playlist","userDefined ":false}],"isTemplate":false},
{"data":[{"text":"can you play me that, \"baby shark, doo doo,\" song","userDefined ":false}],"isTemplate":false},
{"data":[{"text":"i want to hear my rock playlist","userDefined ":false}],"isTemplate":false},
{"data":[{"text":"play me some music","userDefined ":false}],"isTemplate":false},
{"data":[{"text":"what does x\u00e2\u20ac\u2122s music sound like","userDefined ":false}],"isTemplate":false},
{"data":[{"text":"please play come as you are by nirvana","userDefined ":false}],"isTemplate":false},
{"data":[{"text":"start up some music","userDefined ":false}],"isTemplate":false},
{"data":[{"text":"turn my drake playlist on","userDefined ":false}],"isTemplate":false},
{"data":[{"text":"is it okay to listen to elvis' music","userDefined ":false}],"isTemplate":false},
{"data":[{"text":"play some rock","userDefined ":false}],"isTemplate":false},
{"data":[{"text":"i want to hear the song that has, \"baby shark, doo doo","userDefined ":false}],"isTemplate":false},
{"data":[{"text":"can you play music by the rolling stones","userDefined ":false}],"isTemplate":false},
{"data":[{"text":"can you play right above it","userDefined ":false}],"isTemplate":false},
{"data":[{"text":"play a song for me","userDefined ":false}],"isTemplate":false},
{"data":[{"text":"i need to play the song that goes like hey jude don't make it bad","userDefined ":false}],"isTemplate":false},
{"data":[{"text":"yo play that song that go like she take my money","userDefined ":false}],"isTemplate":false},
{"data":[{"text":"i want to hear my hip hop playlist","userDefined ":false}],"isTemplate":false}]