[{"data":[{"text":"do i need a socket converter if i'm going to be in russia","userDefined ":false}],"isTemplate":false},
{"data":[{"text":"are barcelona plugs compatible","userDefined ":false}],"isTemplate":false},
{"data":[{"text":"what are those european plugs called","userDefined ":false}],"isTemplate":false},
{"data":[{"text":"do they use weird plugs in australia where i'd need some kind of socket converter","userDefined ":false}],"isTemplate":false},
{"data":[{"text":"should i bring my socket converter while traveling to england","userDefined ":false}],"isTemplate":false},
{"data":[{"text":"do i really need a plug converter when in london","userDefined ":false}],"isTemplate":false},
{"data":[{"text":"what kind of electrical plugs do they uze in z","userDefined ":false}],"isTemplate":false},
{"data":[{"text":"what kind of plug converter is needed in c","userDefined ":false}],"isTemplate":false},
{"data":[{"text":"what kind of plug does my hair dryer use in south korea","userDefined ":false}],"isTemplate":false},
{"data":[{"text":"what plug type is used in spain","userDefined ":false}],"isTemplate":false},
{"data":[{"text":"do visitors to japan need to use a socket converter","userDefined ":false}],"isTemplate":false},
{"data":[{"text":"what kind of plugs will i need when i'm in ecuador","userDefined ":false}],"isTemplate":false},
{"data":[{"text":"what type of plug do i need to bring if i visit japan","userDefined ":false}],"isTemplate":false},
{"data":[{"text":"give me the plug type for the country","userDefined ":false}],"isTemplate":false},
{"data":[{"text":"do i need a plug converter in doha","userDefined ":false}],"isTemplate":false},
{"data":[{"text":"what kind of electrical outlets do they use in z","userDefined ":false}],"isTemplate":false},
{"data":[{"text":"what plug type should i use in england","userDefined ":false}],"isTemplate":false},
{"data":[{"text":"do i need a socket converter if i'm going to be in ohio","userDefined ":false}],"isTemplate":false},
{"data":[{"text":"what kind of hertz outlets do they use in z","userDefined ":false}],"isTemplate":false},
{"data":[{"text":"when you go to germany, do you need a special converter for your plugs","userDefined ":false}],"isTemplate":false},
{"data":[{"text":"do i need a socket converter if i'm going to be in hong kong","userDefined ":false}],"isTemplate":false},
{"data":[{"text":"do i need a socket converter if i'm going to be in china","userDefined ":false}],"isTemplate":false},
{"data":[{"text":"does england require socket converters","userDefined ":false}],"isTemplate":false},
{"data":[{"text":"will i need a socket converter when i go to france","userDefined ":false}],"isTemplate":false},
{"data":[{"text":"are the plugs different in barcelona","userDefined ":false}],"isTemplate":false},
{"data":[{"text":"does australia have different plug sizes","userDefined ":false}],"isTemplate":false},
{"data":[{"text":"what plug types are there in cuba","userDefined ":false}],"isTemplate":false},
{"data":[{"text":"do i need a socket converter if i'm going to be in germany","userDefined ":false}],"isTemplate":false},
{"data":[{"text":"will i need a plug converter for my electronics in amman","userDefined ":false}],"isTemplate":false},
{"data":[{"text":"which type of plugs do they use in scotland","userDefined ":false}],"isTemplate":false},
{"data":[{"text":"should i buy a plug converter if i am traveling to egypt","userDefined ":false}],"isTemplate":false},
{"data":[{"text":"what kind of outlets does havana have","userDefined ":false}],"isTemplate":false},
{"data":[{"text":"are socket converters needed in lisbon","userDefined ":false}],"isTemplate":false},
{"data":[{"text":"do they use special outlets in australia","userDefined ":false}],"isTemplate":false},
{"data":[{"text":"in osaka, do i need a plug converter for my electronics","userDefined ":false}],"isTemplate":false},
{"data":[{"text":"do i need to have a socket converter in canada","userDefined ":false}],"isTemplate":false},
{"data":[{"text":"when in europe would i be able to use a regular plug","userDefined ":false}],"isTemplate":false},
{"data":[{"text":"do i need a socket converter if i'm going to be in eithiopia","userDefined ":false}],"isTemplate":false},
{"data":[{"text":"is a socket converter required in india","userDefined ":false}],"isTemplate":false},
{"data":[{"text":"what plug type does greece use","userDefined ":false}],"isTemplate":false},
{"data":[{"text":"tell me the plug type that is used in scotland","userDefined ":false}],"isTemplate":false},
{"data":[{"text":"what kind of outlets do they use in z","userDefined ":false}],"isTemplate":false},
{"data":[{"text":"what kind of plug does the country use","userDefined ":false}],"isTemplate":false},
{"data":[{"text":"i have to know what plug that country uses","userDefined ":false}],"isTemplate":false},
{"data":[{"text":"do i need a power adapter in mexico","userDefined ":false}],"isTemplate":false},
{"data":[{"text":"i'm going out of country, what type of outlet plug do i need","userDefined ":false}],"isTemplate":false},
{"data":[{"text":"will my plugs work in barcelona","userDefined ":false}],"isTemplate":false},
{"data":[{"text":"if i visit cairo will i need a plug converter","userDefined ":false}],"isTemplate":false},
{"data":[{"text":"what plugs are used in spain","userDefined ":false}],"isTemplate":false},
{"data":[{"text":"how do i know what the outlets are like","userDefined ":false}],"isTemplate":false}]
