[{"data":[{"text":"what is the amount of vacation days i have left","userDefined ":false}],"isTemplate":false},
{"data":[{"text":"i need to know how many vacation days i have","userDefined ":false}],"isTemplate":false},
{"data":[{"text":"i want to know how much vacation time i can use","userDefined ":false}],"isTemplate":false},
{"data":[{"text":"how many days of vacation do i have","userDefined ":false}],"isTemplate":false},
{"data":[{"text":"how many days of vacation time do i have saved","userDefined ":false}],"isTemplate":false},
{"data":[{"text":"i've saved what number of days of vacation","userDefined ":false}],"isTemplate":false},
{"data":[{"text":"what is the saved vacation time i have left","userDefined ":false}],"isTemplate":false},
{"data":[{"text":"how many vacation days do i have saved up","userDefined ":false}],"isTemplate":false},
{"data":[{"text":"how much paid time off have i earned to date","userDefined ":false}],"isTemplate":false},
{"data":[{"text":"how many vacation days do i have to spend","userDefined ":false}],"isTemplate":false},
{"data":[{"text":"do i have any vacation days left","userDefined ":false}],"isTemplate":false},
{"data":[{"text":"how many vacation days do i still get","userDefined ":false}],"isTemplate":false},
{"data":[{"text":"do i have any remaining pto days","userDefined ":false}],"isTemplate":false},
{"data":[{"text":"how much vacation am i currently entitled to","userDefined ":false}],"isTemplate":false},
{"data":[{"text":"let me know the number of vacation days i have","userDefined ":false}],"isTemplate":false},
{"data":[{"text":"how many vacation days have i accrued","userDefined ":false}],"isTemplate":false},
{"data":[{"text":"please tell me how many vacation days i currently have","userDefined ":false}],"isTemplate":false},
{"data":[{"text":"i want to know how many vacation days i have","userDefined ":false}],"isTemplate":false},
{"data":[{"text":"how many of my vacation days do i have remaining","userDefined ":false}],"isTemplate":false},
{"data":[{"text":"tell me how many vacation days i have left","userDefined ":false}],"isTemplate":false},
{"data":[{"text":"how many more vacation days do i have for the year","userDefined ":false}],"isTemplate":false},
{"data":[{"text":"provide me the number of vacation days i have","userDefined ":false}],"isTemplate":false},
{"data":[{"text":"check how much pto i have left","userDefined ":false}],"isTemplate":false},
{"data":[{"text":"how many days do i have left of pto","userDefined ":false}],"isTemplate":false},
{"data":[{"text":"can you figure out how many vacation days i have left","userDefined ":false}],"isTemplate":false},
{"data":[{"text":"can you tell me the number of pto days i have left","userDefined ":false}],"isTemplate":false},
{"data":[{"text":"how many days off for vacation do i have left","userDefined ":false}],"isTemplate":false},
{"data":[{"text":"what's the number of remaining vacation days i have","userDefined ":false}],"isTemplate":false},
{"data":[{"text":"how many vacation days do i have left this year","userDefined ":false}],"isTemplate":false},
{"data":[{"text":"do i still have any pto days left, and if so, how many","userDefined ":false}],"isTemplate":false},
{"data":[{"text":"how much time do i have for vacation saved","userDefined ":false}],"isTemplate":false},
{"data":[{"text":"would you please tell me how many vacation days i have","userDefined ":false}],"isTemplate":false},
{"data":[{"text":"how many vacation days do i still have","userDefined ":false}],"isTemplate":false},
{"data":[{"text":"how many days for vacation do i have left","userDefined ":false}],"isTemplate":false},
{"data":[{"text":"i'd like to know how many vacation days i have","userDefined ":false}],"isTemplate":false},
{"data":[{"text":"how many vacation hours have i accrued","userDefined ":false}],"isTemplate":false},
{"data":[{"text":"what's the current count of my pto days","userDefined ":false}],"isTemplate":false},
{"data":[{"text":"do i have any vacation time left","userDefined ":false}],"isTemplate":false},
{"data":[{"text":"do you know ho many vacation days i currently have","userDefined ":false}],"isTemplate":false},
{"data":[{"text":"how many vacation days do i have for the year","userDefined ":false}],"isTemplate":false},
{"data":[{"text":"i have how many vacation days left","userDefined ":false}],"isTemplate":false},
{"data":[{"text":"do i have any vacation days to use","userDefined ":false}],"isTemplate":false},
{"data":[{"text":"what number of vacation days remain for me","userDefined ":false}],"isTemplate":false},
{"data":[{"text":"what is my remaining pto days","userDefined ":false}],"isTemplate":false},
{"data":[{"text":"do i have enough pto to take time off","userDefined ":false}],"isTemplate":false},
{"data":[{"text":"how much pto do i have","userDefined ":false}],"isTemplate":false},
{"data":[{"text":"can you explain to me what type of vacation days i have still","userDefined ":false}],"isTemplate":false},
{"data":[{"text":"check days of pto","userDefined ":false}],"isTemplate":false},
{"data":[{"text":"would you provide the number of vacation days i have","userDefined ":false}],"isTemplate":false},
{"data":[{"text":"can you tell me the remaining time i have for pto","userDefined ":false}],"isTemplate":false}]
