[{"data":[{"text":"am i approved for vacation yet","userDefined ":false}],"isTemplate":false},
{"data":[{"text":"i'm i okayed for vacation time","userDefined ":false}],"isTemplate":false},
{"data":[{"text":"have i been approved for vacation yet","userDefined ":false}],"isTemplate":false},
{"data":[{"text":"update on vacation request","userDefined ":false}],"isTemplate":false},
{"data":[{"text":"i requested some vacation time; has it been approved","userDefined ":false}],"isTemplate":false},
{"data":[{"text":"tell me the status of my day off request","userDefined ":false}],"isTemplate":false},
{"data":[{"text":"has my request for the day off been approved yet","userDefined ":false}],"isTemplate":false},
{"data":[{"text":"on my vacation request, what is the latest information","userDefined ":false}],"isTemplate":false},
{"data":[{"text":"check on the status of my vacation request please","userDefined ":false}],"isTemplate":false},
{"data":[{"text":"whats going on with my day off request","userDefined ":false}],"isTemplate":false},
{"data":[{"text":"any news for me regarding my day off request","userDefined ":false}],"isTemplate":false},
{"data":[{"text":"how is my vacation request looking","userDefined ":false}],"isTemplate":false},
{"data":[{"text":"has my vacation request been approved","userDefined ":false}],"isTemplate":false},
{"data":[{"text":"do you know if my vacation was approved yet or not","userDefined ":false}],"isTemplate":false},
{"data":[{"text":"could you tell me what the status of my day off request is","userDefined ":false}],"isTemplate":false},
{"data":[{"text":"is the request for vacation i filed with my manager at intel approved yet","userDefined ":false}],"isTemplate":false},
{"data":[{"text":"has my time off request been approved yet","userDefined ":false}],"isTemplate":false},
{"data":[{"text":"has my vacation time been signed off on","userDefined ":false}],"isTemplate":false},
{"data":[{"text":"i want to check on my vacation request","userDefined ":false}],"isTemplate":false},
{"data":[{"text":"tell me about my vacation request","userDefined ":false}],"isTemplate":false},
{"data":[{"text":"has anyone looked over my request for a day off","userDefined ":false}],"isTemplate":false},
{"data":[{"text":"what's my day off request's status","userDefined ":false}],"isTemplate":false},
{"data":[{"text":"has my day off request been approved or denied yet","userDefined ":false}],"isTemplate":false},
{"data":[{"text":"is walmart going to let me take the vacation time i asked for","userDefined ":false}],"isTemplate":false},
{"data":[{"text":"would you tell me what the status of my day of request is","userDefined ":false}],"isTemplate":false},
{"data":[{"text":"please inform me on my current vacation request status","userDefined ":false}],"isTemplate":false},
{"data":[{"text":"what is the update on my vacation request","userDefined ":false}],"isTemplate":false},
{"data":[{"text":"is my vacation approved yet","userDefined ":false}],"isTemplate":false},
{"data":[{"text":"i need to know if my vacation was approved","userDefined ":false}],"isTemplate":false},
{"data":[{"text":"give me the status of my vacation request","userDefined ":false}],"isTemplate":false},
{"data":[{"text":"can you share the status of my day off request","userDefined ":false}],"isTemplate":false},
{"data":[{"text":"i haven't heard if my request for time off for vacation has been approved , can you get an update for me","userDefined ":false}],"isTemplate":false},
{"data":[{"text":"has my manager at mcdonald's confirmed i can take vacation","userDefined ":false}],"isTemplate":false},
{"data":[{"text":"what about my vacation request","userDefined ":false}],"isTemplate":false},
{"data":[{"text":"what is the status of my vacation request","userDefined ":false}],"isTemplate":false},
{"data":[{"text":"did i get my day off","userDefined ":false}],"isTemplate":false},
{"data":[{"text":"the status of my day off request, please","userDefined ":false}],"isTemplate":false},
{"data":[{"text":"i need you to let me know what the status of my day off request is","userDefined ":false}],"isTemplate":false},
{"data":[{"text":"did they approve my day off request","userDefined ":false}],"isTemplate":false},
{"data":[{"text":"has my vacation been approved yet","userDefined ":false}],"isTemplate":false},
{"data":[{"text":"what is the current status of my vacation request","userDefined ":false}],"isTemplate":false},
{"data":[{"text":"do you know if my vacation request has been approved","userDefined ":false}],"isTemplate":false},
{"data":[{"text":"has my vacation request been approved yet","userDefined ":false}],"isTemplate":false},
{"data":[{"text":"did you get confirmation my vacation is a go","userDefined ":false}],"isTemplate":false},
{"data":[{"text":"tell me the status of my vacation request","userDefined ":false}],"isTemplate":false},
{"data":[{"text":"has the status of my vacation request changed","userDefined ":false}],"isTemplate":false},
{"data":[{"text":"status of my request for vacation","userDefined ":false}],"isTemplate":false},
{"data":[{"text":"have they recieved my vacation request and approved it","userDefined ":false}],"isTemplate":false},
{"data":[{"text":"have they authorized my vacation","userDefined ":false}],"isTemplate":false},
{"data":[{"text":"did you hear back about my day off request","userDefined ":false}],"isTemplate":false}]
