[{"data":[{"text":"can i put in a vacation request with you","userDefined ":false}],"isTemplate":false},
{"data":[{"text":"can you set up a pto request for me for march 20th to april 12th","userDefined ":false}],"isTemplate":false},
{"data":[{"text":"can you put in a pto request for me from march 1-7","userDefined ":false}],"isTemplate":false},
{"data":[{"text":"i need help making a pto request for march 3-10","userDefined ":false}],"isTemplate":false},
{"data":[{"text":"i need a pto request on march 1 to 2","userDefined ":false}],"isTemplate":false},
{"data":[{"text":"how do i book a vacation","userDefined ":false}],"isTemplate":false},
{"data":[{"text":"i'd like to take a vacation day from 2/24 to 2/25","userDefined ":false}],"isTemplate":false},
{"data":[{"text":"create for me a pto request for march 16-21","userDefined ":false}],"isTemplate":false},
{"data":[{"text":"schedule a pto request for me on march 1-2","userDefined ":false}],"isTemplate":false},
{"data":[{"text":"i need a pto request put in for the weekend of june 1st to june 2nd","userDefined ":false}],"isTemplate":false},
{"data":[{"text":"can you put in a pto request for the 5th of june to june 8th","userDefined ":false}],"isTemplate":false},
{"data":[{"text":"can you put in a pto request for march 4 to march 6 for me","userDefined ":false}],"isTemplate":false},
{"data":[{"text":"what steps should i take if i want to request vacation","userDefined ":false}],"isTemplate":false},
{"data":[{"text":"let's do a personal pto request for the dates may 12th to may 15th","userDefined ":false}],"isTemplate":false},
{"data":[{"text":"i need a pto request for the dates jan 15th to jan 20th","userDefined ":false}],"isTemplate":false},
{"data":[{"text":"please tell me how to submit a vacation request","userDefined ":false}],"isTemplate":false},
{"data":[{"text":"please make a pto request from dates september 1 to 15","userDefined ":false}],"isTemplate":false},
{"data":[{"text":"how can i request a vacation from work","userDefined ":false}],"isTemplate":false},
{"data":[{"text":"i would like you put in a pto request for the dates july 4th to the 8th","userDefined ":false}],"isTemplate":false},
{"data":[{"text":"when can i put a pto request in for feb 22 to march 1","userDefined ":false}],"isTemplate":false},
{"data":[{"text":"can you tell me how to make a vacation request","userDefined ":false}],"isTemplate":false},
{"data":[{"text":"please place a pto request for february 18th to the february 25th","userDefined ":false}],"isTemplate":false},
{"data":[{"text":"submit a request for pto for the dates may 5th to the 12th","userDefined ":false}],"isTemplate":false},
{"data":[{"text":"please make a pto request for me from dates jan 21 to begininning of february","userDefined ":false}],"isTemplate":false},
{"data":[{"text":"i need to put in a pto request for march 4 to march 6","userDefined ":false}],"isTemplate":false},
{"data":[{"text":"what do i need to do if i want to ask for vacation time","userDefined ":false}],"isTemplate":false},
{"data":[{"text":"i want to put in a request for pto from may 5 to may 12","userDefined ":false}],"isTemplate":false},
{"data":[{"text":"am i able to place a pto request for february 20-25","userDefined ":false}],"isTemplate":false},
{"data":[{"text":"what do i need to do to request vacation time off","userDefined ":false}],"isTemplate":false},
{"data":[{"text":"put in a pto request for me i want it for the ninth and the tenth of august","userDefined ":false}],"isTemplate":false},
{"data":[{"text":"i'd like for their to be a pto request for me made for the dates june 4th to june 8th","userDefined ":false}],"isTemplate":false},
{"data":[{"text":"please assist me by making a pto request for march 11-18","userDefined ":false}],"isTemplate":false},
{"data":[{"text":"make a pto request from april 2 to april 4","userDefined ":false}],"isTemplate":false},
{"data":[{"text":"could you submit a pto request for me from dates mar 3 to 9, please","userDefined ":false}],"isTemplate":false},
{"data":[{"text":"is there a time i can put in a pto request for dec 2 to new years","userDefined ":false}],"isTemplate":false},
{"data":[{"text":"tell me how to request vacation","userDefined ":false}],"isTemplate":false},
{"data":[{"text":"i need a pto request for march 3rd and 4th","userDefined ":false}],"isTemplate":false},
{"data":[{"text":"i need to submit a request for pto for june 12th to june 14th","userDefined ":false}],"isTemplate":false},
{"data":[{"text":"between october 7th and october 10th, i'd like for there to be a pto request for me","userDefined ":false}],"isTemplate":false},
{"data":[{"text":"i need to take some time off, can i have the next week off","userDefined ":false}],"isTemplate":false},
{"data":[{"text":"what is the process for requesting a vacation","userDefined ":false}],"isTemplate":false},
{"data":[{"text":"from december 22nd to the 25th, make me a pto request","userDefined ":false}],"isTemplate":false},
{"data":[{"text":"what is the protocol for requesting a vacation","userDefined ":false}],"isTemplate":false},
{"data":[{"text":"i want to request pto from november 7 to 11","userDefined ":false}],"isTemplate":false},
{"data":[{"text":"how can i schedule a vacation request","userDefined ":false}],"isTemplate":false},
{"data":[{"text":"would you be able to tell me how to make a vacation request","userDefined ":false}],"isTemplate":false},
{"data":[{"text":"may i take a pto on february 7 and 8","userDefined ":false}],"isTemplate":false},
{"data":[{"text":"how do i ask to have a vacation","userDefined ":false}],"isTemplate":false},
{"data":[{"text":"can you put in a pto request for march 7th to the 9th","userDefined ":false}],"isTemplate":false},
{"data":[{"text":"can you submit a pto request for me from dates nov 2 to 10, please","userDefined ":false}],"isTemplate":false}]
