[{"data":[{"text":"tell me my usage of vacation days","userDefined ":false}],"isTemplate":false},
{"data":[{"text":"how much vacation have i already used this year","userDefined ":false}],"isTemplate":false},
{"data":[{"text":"do you know the total number of vacation days i have used","userDefined ":false}],"isTemplate":false},
{"data":[{"text":"including the day i missed because of snow, how much time have i take off work so far","userDefined ":false}],"isTemplate":false},
{"data":[{"text":"how many sick, personal, and vacation days have i billed so far this year","userDefined ":false}],"isTemplate":false},
{"data":[{"text":"how many times have i taken off from work this year","userDefined ":false}],"isTemplate":false},
{"data":[{"text":"what's the amount of time off i've had","userDefined ":false}],"isTemplate":false},
{"data":[{"text":"how many days have i taken off so far","userDefined ":false}],"isTemplate":false},
{"data":[{"text":"how many times have i used my annual leave","userDefined ":false}],"isTemplate":false},
{"data":[{"text":"look up the amount of vacation days i have used please","userDefined ":false}],"isTemplate":false},
{"data":[{"text":"please find out how many of my vacation days i have spent","userDefined ":false}],"isTemplate":false},
{"data":[{"text":"have i used any vacation days this year","userDefined ":false}],"isTemplate":false},
{"data":[{"text":"get the details on the pto i have used","userDefined ":false}],"isTemplate":false},
{"data":[{"text":"how many vacation days have i taken","userDefined ":false}],"isTemplate":false},
{"data":[{"text":"check to see how many days off i have used","userDefined ":false}],"isTemplate":false},
{"data":[{"text":"check to see how many days off i have used in total so far","userDefined ":false}],"isTemplate":false},
{"data":[{"text":"tell me the exact amount of pto i have used","userDefined ":false}],"isTemplate":false},
{"data":[{"text":"i need to know how many days so far i've taken off","userDefined ":false}],"isTemplate":false},
{"data":[{"text":"what kind of vacation days have i used so far","userDefined ":false}],"isTemplate":false},
{"data":[{"text":"how much paid time off have i used","userDefined ":false}],"isTemplate":false},
{"data":[{"text":"how many days did i skip work","userDefined ":false}],"isTemplate":false},
{"data":[{"text":"i need to know how much of my pto has been used at this point","userDefined ":false}],"isTemplate":false},
{"data":[{"text":"tell me the number of days off i took this year","userDefined ":false}],"isTemplate":false},
{"data":[{"text":"how many personal days have i taken","userDefined ":false}],"isTemplate":false},
{"data":[{"text":"what kind of pto do i have left","userDefined ":false}],"isTemplate":false},
{"data":[{"text":"how much paid time off do i have left","userDefined ":false}],"isTemplate":false},
{"data":[{"text":"tell me the amount of pto i have used at this point","userDefined ":false}],"isTemplate":false},
{"data":[{"text":"my pto used so far is what right now","userDefined ":false}],"isTemplate":false},
{"data":[{"text":"how much pto do i have used up","userDefined ":false}],"isTemplate":false},
{"data":[{"text":"how many times did i take a day off","userDefined ":false}],"isTemplate":false},
{"data":[{"text":"how many vacation days have i spent in total","userDefined ":false}],"isTemplate":false},
{"data":[{"text":"how many of my sick days have i gone through","userDefined ":false}],"isTemplate":false},
{"data":[{"text":"how many vacation days did i use","userDefined ":false}],"isTemplate":false},
{"data":[{"text":"how many vacation days have i used up","userDefined ":false}],"isTemplate":false},
{"data":[{"text":"what's the amount of time i've taken off work this year","userDefined ":false}],"isTemplate":false},
{"data":[{"text":"i need to know how many vacation days i have used up please","userDefined ":false}],"isTemplate":false},
{"data":[{"text":"can you check how much pto i have already used","userDefined ":false}],"isTemplate":false},
{"data":[{"text":"how much time did i take off so far","userDefined ":false}],"isTemplate":false},
{"data":[{"text":"how many days have i taken off this year","userDefined ":false}],"isTemplate":false},
{"data":[{"text":"how much paid time off have i taken","userDefined ":false}],"isTemplate":false},
{"data":[{"text":"how much pto has been used on my behalf","userDefined ":false}],"isTemplate":false},
{"data":[{"text":"how much pto have i depleted","userDefined ":false}],"isTemplate":false},
{"data":[{"text":"please find out how many days off i have used by this point","userDefined ":false}],"isTemplate":false},
{"data":[{"text":"look up my total number of days off so far","userDefined ":false}],"isTemplate":false},
{"data":[{"text":"i need to know the number of days off i have taken at this point","userDefined ":false}],"isTemplate":false},
{"data":[{"text":"up to this point, how much of my pto have i used","userDefined ":false}],"isTemplate":false},
{"data":[{"text":"how many vacation days have i used","userDefined ":false}],"isTemplate":false},
{"data":[{"text":"what's the number of day's i've taken off","userDefined ":false}],"isTemplate":false},
{"data":[{"text":"can you tell me how many vacation days i've taken","userDefined ":false}],"isTemplate":false},
{"data":[{"text":"what's my vacation day usage so far","userDefined ":false}],"isTemplate":false}]
