[{"data":[{"text":"can you text elizabeth and tell them i forgot to bring drinks","userDefined ":false}],"isTemplate":false},
{"data":[{"text":"i need a blackberry pie recipe","userDefined ":false}],"isTemplate":false},
{"data":[{"text":"find a recipe for german chocolate cake","userDefined ":false}],"isTemplate":false},
{"data":[{"text":"please find me a recipe for spaghetti now","userDefined ":false}],"isTemplate":false},
{"data":[{"text":"can you find me a recipe for sugar cookies","userDefined ":false}],"isTemplate":false},
{"data":[{"text":"i need a recipe on how to make beef stew","userDefined ":false}],"isTemplate":false},
{"data":[{"text":"i need you to find me a recipe for fried shrimp","userDefined ":false}],"isTemplate":false},
{"data":[{"text":"what's the best way to make chicken stir fry","userDefined ":false}],"isTemplate":false},
{"data":[{"text":"can you instruct me on how to make german chocolate cake","userDefined ":false}],"isTemplate":false},
{"data":[{"text":"please help me with instructions on making chicken curry","userDefined ":false}],"isTemplate":false},
{"data":[{"text":"how do i make the perfect omelette","userDefined ":false}],"isTemplate":false},
{"data":[{"text":"how do you make blackberry pie","userDefined ":false}],"isTemplate":false},
{"data":[{"text":"i need the best recipe for mashed potatoes","userDefined ":false}],"isTemplate":false},
{"data":[{"text":"can you find me a recipe for pie","userDefined ":false}],"isTemplate":false},
{"data":[{"text":"search for a macaroni and cheese recipe","userDefined ":false}],"isTemplate":false},
{"data":[{"text":"i need to know how to make philly cheesesteaks","userDefined ":false}],"isTemplate":false},
{"data":[{"text":"can you give me a recipe for german chocolate cake","userDefined ":false}],"isTemplate":false},
{"data":[{"text":"what is a good chili recipe","userDefined ":false}],"isTemplate":false},
{"data":[{"text":"i need help finding a recipe for enchiladas","userDefined ":false}],"isTemplate":false},
{"data":[{"text":"how do you create pork chili","userDefined ":false}],"isTemplate":false},
{"data":[{"text":"please give me instructions on making blueberry pie","userDefined ":false}],"isTemplate":false},
{"data":[{"text":"is there a good website to teach me how to make sushi","userDefined ":false}],"isTemplate":false},
{"data":[{"text":"how do i make pumpkin pie","userDefined ":false}],"isTemplate":false},
{"data":[{"text":"is there a recipe for chili i can use","userDefined ":false}],"isTemplate":false},
{"data":[{"text":"can you find me a recipe for quiche","userDefined ":false}],"isTemplate":false},
{"data":[{"text":"how do i make lassagna","userDefined ":false}],"isTemplate":false},
{"data":[{"text":"what do i need to do to make blackberry pie","userDefined ":false}],"isTemplate":false},
{"data":[{"text":"can you get me a recipe for mashed potatoes","userDefined ":false}],"isTemplate":false},
{"data":[{"text":"i need a recipe for chicken pot pie","userDefined ":false}],"isTemplate":false},
{"data":[{"text":"what is needed you to cook apple pie","userDefined ":false}],"isTemplate":false},
{"data":[{"text":"can you find me a recipe for honey ham","userDefined ":false}],"isTemplate":false},
{"data":[{"text":"where can i look to learn to make sushi","userDefined ":false}],"isTemplate":false},
{"data":[{"text":"i am looking for a vegan friendly italian pasta recipe","userDefined ":false}],"isTemplate":false},
{"data":[{"text":"what do you need to do to make sushi","userDefined ":false}],"isTemplate":false},
{"data":[{"text":"how do i make beef stroganoff","userDefined ":false}],"isTemplate":false},
{"data":[{"text":"i need a quick recipe for spiral ham","userDefined ":false}],"isTemplate":false},
{"data":[{"text":"can you search for the best new york style cheesecake recipes please","userDefined ":false}],"isTemplate":false},
{"data":[{"text":"can you find me a recipe for ribs","userDefined ":false}],"isTemplate":false},
{"data":[{"text":"please show me a recipe for chili","userDefined ":false}],"isTemplate":false},
{"data":[{"text":"how do you cook apple pie","userDefined ":false}],"isTemplate":false},
{"data":[{"text":"can you find me a recipe for coffee cakes","userDefined ":false}],"isTemplate":false},
{"data":[{"text":"tell me how to make chow mein","userDefined ":false}],"isTemplate":false},
{"data":[{"text":"find a good recipe for meatloaf","userDefined ":false}],"isTemplate":false},
{"data":[{"text":"how do i make lemon merengue pie","userDefined ":false}],"isTemplate":false},
{"data":[{"text":"how can i make chicken pot pie","userDefined ":false}],"isTemplate":false},
{"data":[{"text":"i need a recipe for beef","userDefined ":false}],"isTemplate":false},
{"data":[{"text":"can you find me a recipe for pasta","userDefined ":false}],"isTemplate":false},
{"data":[{"text":"can you find me a recipe for salsa","userDefined ":false}],"isTemplate":false},
{"data":[{"text":"blackberry pie instructions","userDefined ":false}],"isTemplate":false},
{"data":[{"text":"how do you cook meatloaf","userDefined ":false}],"isTemplate":false},
{"data":[{"text":"look up easy to follow recipes for beef ribs","userDefined ":false}],"isTemplate":false}]