[{"data":[{"text":"can you help me begin the process of redeeming credit card points","userDefined ":false}],"isTemplate":false},
{"data":[{"text":"could i redeem my credit card points on a new tv","userDefined ":false}],"isTemplate":false},
{"data":[{"text":"i want to use my credit card points","userDefined ":false}],"isTemplate":false},
{"data":[{"text":"use my credit card points","userDefined ":false}],"isTemplate":false},
{"data":[{"text":"how do i use the reward for my bank of hawaii","userDefined ":false}],"isTemplate":false},
{"data":[{"text":"cash in rewards for my visa card","userDefined ":false}],"isTemplate":false},
{"data":[{"text":"walk me through reward redemption from my barclay's card","userDefined ":false}],"isTemplate":false},
{"data":[{"text":"can you tell me how to redeem my credit card points","userDefined ":false}],"isTemplate":false},
{"data":[{"text":"how many points do i need before i can redeem them","userDefined ":false}],"isTemplate":false},
{"data":[{"text":"help me figure out redemption of my credit card points","userDefined ":false}],"isTemplate":false},
{"data":[{"text":"let's use my credit card points","userDefined ":false}],"isTemplate":false},
{"data":[{"text":"transfer my cash reward balance to my bank","userDefined ":false}],"isTemplate":false},
{"data":[{"text":"i want to cash my credit card points","userDefined ":false}],"isTemplate":false},
{"data":[{"text":"i want to redeem my card points for cash","userDefined ":false}],"isTemplate":false},
{"data":[{"text":"how do i use reward for my first hawaiian bank","userDefined ":false}],"isTemplate":false},
{"data":[{"text":"how do i redeem my credit card points","userDefined ":false}],"isTemplate":false},
{"data":[{"text":"how can i cash in rewards on my discover card","userDefined ":false}],"isTemplate":false},
{"data":[{"text":"do i need a certain amount of points before i can redeem them","userDefined ":false}],"isTemplate":false},
{"data":[{"text":"i'd like to redeem my credit card points","userDefined ":false}],"isTemplate":false},
{"data":[{"text":"how can i cash in the rewards i have earned on my amex","userDefined ":false}],"isTemplate":false},
{"data":[{"text":"do i have to contact someone to use my credit card points","userDefined ":false}],"isTemplate":false},
{"data":[{"text":"if i want to cash in my american express rewards, how do i do that","userDefined ":false}],"isTemplate":false},
{"data":[{"text":"what's the way to cash in my rewards for my citibank card","userDefined ":false}],"isTemplate":false},
{"data":[{"text":"can i use my credit card point on amazon","userDefined ":false}],"isTemplate":false},
{"data":[{"text":"what do i do to get cach back for points on my discover card","userDefined ":false}],"isTemplate":false},
{"data":[{"text":"how do i cash in my reward for chase","userDefined ":false}],"isTemplate":false},
{"data":[{"text":"i want to redeem points on my chase card, but how","userDefined ":false}],"isTemplate":false},
{"data":[{"text":"i have a lot of credit card points saved up and would like to start redeeming them","userDefined ":false}],"isTemplate":false},
{"data":[{"text":"tell me how to utilize my card points","userDefined ":false}],"isTemplate":false},
{"data":[{"text":"i would like to use my credit card points to acquire a new laptop","userDefined ":false}],"isTemplate":false},
{"data":[{"text":"what do i do if i want to use my credit card points","userDefined ":false}],"isTemplate":false},
{"data":[{"text":"am i able to redeem my credit card points for an amazon gift card","userDefined ":false}],"isTemplate":false},
{"data":[{"text":"tell me how to redeem my credit card points","userDefined ":false}],"isTemplate":false},
{"data":[{"text":"how do i get cash back for the rewards on my amex card","userDefined ":false}],"isTemplate":false},
{"data":[{"text":"i want to utilize my credit card points","userDefined ":false}],"isTemplate":false},
{"data":[{"text":"walk me through the process of cashing in on credit card points","userDefined ":false}],"isTemplate":false},
{"data":[{"text":"can i convert my credit card points to milage","userDefined ":false}],"isTemplate":false},
{"data":[{"text":"how do i redeem my card points","userDefined ":false}],"isTemplate":false},
{"data":[{"text":"i have a lot of points saved up from my credit card rewards but don't know how to redeem them","userDefined ":false}],"isTemplate":false},
{"data":[{"text":"walk me through the best ways to use my credit card points","userDefined ":false}],"isTemplate":false},
{"data":[{"text":"if i want to redeem miles from my delta skymiles card, how do i do that","userDefined ":false}],"isTemplate":false},
{"data":[{"text":"do you think i could get a target gift card with my credit card points","userDefined ":false}],"isTemplate":false},
{"data":[{"text":"at what point balance can i redeem my points","userDefined ":false}],"isTemplate":false},
{"data":[{"text":"can you check with my credit card company and see if i can redeem my points","userDefined ":false}],"isTemplate":false},
{"data":[{"text":"i would like to use my credit card points","userDefined ":false}],"isTemplate":false},
{"data":[{"text":"how can i cash in my credit card points","userDefined ":false}],"isTemplate":false},
{"data":[{"text":"how can i redeem my credit card points","userDefined ":false}],"isTemplate":false},
{"data":[{"text":"how can i redeem the points i've earned with my credit card","userDefined ":false}],"isTemplate":false},
{"data":[{"text":"do i have enough points to for a redemption","userDefined ":false}],"isTemplate":false},
{"data":[{"text":"what are ways to utilize my credit card points","userDefined ":false}],"isTemplate":false}]
