[{"data":[{"text":"what do i have on my list of reminders","userDefined ":false}],"isTemplate":false},
{"data":[{"text":"what's on my reminder list today","userDefined ":false}],"isTemplate":false},
{"data":[{"text":"my list of reminders is what","userDefined ":false}],"isTemplate":false},
{"data":[{"text":"please tell me everything on my list of reminders","userDefined ":false}],"isTemplate":false},
{"data":[{"text":"what were the reminders that i made","userDefined ":false}],"isTemplate":false},
{"data":[{"text":"will you repeat my reminder list","userDefined ":false}],"isTemplate":false},
{"data":[{"text":"please read my reminders","userDefined ":false}],"isTemplate":false},
{"data":[{"text":"i want to see my reminder list","userDefined ":false}],"isTemplate":false},
{"data":[{"text":"please look to see if paying bills is on my reminders list currently","userDefined ":false}],"isTemplate":false},
{"data":[{"text":"check my reminders for mop the floor","userDefined ":false}],"isTemplate":false},
{"data":[{"text":"what's on the reminder list","userDefined ":false}],"isTemplate":false},
{"data":[{"text":"what did i want to remember again","userDefined ":false}],"isTemplate":false},
{"data":[{"text":"what are in my reminders list","userDefined ":false}],"isTemplate":false},
{"data":[{"text":"what is now on my reminder list","userDefined ":false}],"isTemplate":false},
{"data":[{"text":"what reminders did i have","userDefined ":false}],"isTemplate":false},
{"data":[{"text":"what is on my reminder list","userDefined ":false}],"isTemplate":false},
{"data":[{"text":"read my reminders to me","userDefined ":false}],"isTemplate":false},
{"data":[{"text":"let me know what's on my list of reminders","userDefined ":false}],"isTemplate":false},
{"data":[{"text":"is mop the floor already in my reminders","userDefined ":false}],"isTemplate":false},
{"data":[{"text":"please read all the items on my reminder list","userDefined ":false}],"isTemplate":false},
{"data":[{"text":"read what i added to the reminder list","userDefined ":false}],"isTemplate":false},
{"data":[{"text":"tell me my current reminders list","userDefined ":false}],"isTemplate":false},
{"data":[{"text":"i want to hear everything on my reminder list","userDefined ":false}],"isTemplate":false},
{"data":[{"text":"can you please repeat my list back to me","userDefined ":false}],"isTemplate":false},
{"data":[{"text":"confirm that buy a light bulb is on my list of reminders","userDefined ":false}],"isTemplate":false},
{"data":[{"text":"walk me through the items on my reminder list","userDefined ":false}],"isTemplate":false},
{"data":[{"text":"did i include cleaning the hamster cage on my list of reminders","userDefined ":false}],"isTemplate":false},
{"data":[{"text":"tell me my reminders","userDefined ":false}],"isTemplate":false},
{"data":[{"text":"tell my all my reminders","userDefined ":false}],"isTemplate":false},
{"data":[{"text":"what did i put on my list of reminders","userDefined ":false}],"isTemplate":false},
{"data":[{"text":"i wanted to remember what again","userDefined ":false}],"isTemplate":false},
{"data":[{"text":"is buying a light bulb on my reminders list","userDefined ":false}],"isTemplate":false},
{"data":[{"text":"can you read me my list of reminders","userDefined ":false}],"isTemplate":false},
{"data":[{"text":"what are the items on my reminder list","userDefined ":false}],"isTemplate":false},
{"data":[{"text":"read my reminder list to me","userDefined ":false}],"isTemplate":false},
{"data":[{"text":"can you read my list back to me","userDefined ":false}],"isTemplate":false},
{"data":[{"text":"did i set up a reminder to clean the bathroom","userDefined ":false}],"isTemplate":false},
{"data":[{"text":"can you remind me what i was trying to remember","userDefined ":false}],"isTemplate":false},
{"data":[{"text":"is there a reminder for my aa meeting on my list","userDefined ":false}],"isTemplate":false},
{"data":[{"text":"do you know what things i wanted to remember","userDefined ":false}],"isTemplate":false},
{"data":[{"text":"what did i list in my reminders","userDefined ":false}],"isTemplate":false},
{"data":[{"text":"what reminders do i have","userDefined ":false}],"isTemplate":false},
{"data":[{"text":"tell me everything i included on my list of things to remember for later","userDefined ":false}],"isTemplate":false},
{"data":[{"text":"can you tell me what things i was trying to remember","userDefined ":false}],"isTemplate":false},
{"data":[{"text":"tell me what is on my reminder list","userDefined ":false}],"isTemplate":false},
{"data":[{"text":"go through my reminder list with me please","userDefined ":false}],"isTemplate":false},
{"data":[{"text":"can you read my reminder list, please","userDefined ":false}],"isTemplate":false},
{"data":[{"text":"iterate the items on my reminder list","userDefined ":false}],"isTemplate":false},
{"data":[{"text":"what are the thing i told you to help me remember","userDefined ":false}],"isTemplate":false},
{"data":[{"text":"please give me a rundown of my reminder list","userDefined ":false}],"isTemplate":false}]
