[{"data":[{"text":"set up a reminder to give the cat her flea medicine","userDefined ":false}],"isTemplate":false},
{"data":[{"text":"tell me to take out the trash in an hour","userDefined ":false}],"isTemplate":false},
{"data":[{"text":"make me a reminder that tommorow is trash day","userDefined ":false}],"isTemplate":false},
{"data":[{"text":"set a reminder for me to call my brother at 8 pm","userDefined ":false}],"isTemplate":false},
{"data":[{"text":"could you make me a reminder to do the floors","userDefined ":false}],"isTemplate":false},
{"data":[{"text":"can i set a reminder","userDefined ":false}],"isTemplate":false},
{"data":[{"text":"make a reminder to work out at the gym","userDefined ":false}],"isTemplate":false},
{"data":[{"text":"set a reminder to go grocery shopping","userDefined ":false}],"isTemplate":false},
{"data":[{"text":"remind me to take the chicken out in a hour","userDefined ":false}],"isTemplate":false},
{"data":[{"text":"remind me","userDefined ":false}],"isTemplate":false},
{"data":[{"text":"create a reminder for me to exercise this week","userDefined ":false}],"isTemplate":false},
{"data":[{"text":"please remind me of something","userDefined ":false}],"isTemplate":false},
{"data":[{"text":"please give me a reminder","userDefined ":false}],"isTemplate":false},
{"data":[{"text":"set a reminder to go check the mail","userDefined ":false}],"isTemplate":false},
{"data":[{"text":"i need a reminder to remind me to do something","userDefined ":false}],"isTemplate":false},
{"data":[{"text":"how about a reminder","userDefined ":false}],"isTemplate":false},
{"data":[{"text":"dont forget to set a reminder to pay the bills","userDefined ":false}],"isTemplate":false},
{"data":[{"text":"set a reminder to feed the dogs","userDefined ":false}],"isTemplate":false},
{"data":[{"text":"new reminder, please","userDefined ":false}],"isTemplate":false},
{"data":[{"text":"set up a reminder that i need to pay my car ins the 23rd","userDefined ":false}],"isTemplate":false},
{"data":[{"text":"i need to make a reminder please","userDefined ":false}],"isTemplate":false},
{"data":[{"text":"remind me again please","userDefined ":false}],"isTemplate":false},
{"data":[{"text":"remind me to bring a jacket in tomorrow","userDefined ":false}],"isTemplate":false},
{"data":[{"text":"the next time it rains, remind me to close the windows","userDefined ":false}],"isTemplate":false},
{"data":[{"text":"make a reminder for me to do my resume","userDefined ":false}],"isTemplate":false},
{"data":[{"text":"make a reminder to do my taxes","userDefined ":false}],"isTemplate":false},
{"data":[{"text":"set a reminder for me to do this in a bit","userDefined ":false}],"isTemplate":false},
{"data":[{"text":"make reminder to pay rent on the 30th of every month","userDefined ":false}],"isTemplate":false},
{"data":[{"text":"make a reminder to change the cat litter","userDefined ":false}],"isTemplate":false},
{"data":[{"text":"i want you to remind me of something","userDefined ":false}],"isTemplate":false},
{"data":[{"text":"make a reminder to give the cat her flea medicine","userDefined ":false}],"isTemplate":false},
{"data":[{"text":"remind me to call bob","userDefined ":false}],"isTemplate":false},
{"data":[{"text":"can you set me a reminder","userDefined ":false}],"isTemplate":false},
{"data":[{"text":"set a reminder for my doctors appointment","userDefined ":false}],"isTemplate":false},
{"data":[{"text":"create a reminder for me to send flowers to my mom for mother's day","userDefined ":false}],"isTemplate":false},
{"data":[{"text":"set a reminder for monday pay taxes","userDefined ":false}],"isTemplate":false},
{"data":[{"text":"set reminder to prepare for my meeting at 10 am","userDefined ":false}],"isTemplate":false},
{"data":[{"text":"please remind me later","userDefined ":false}],"isTemplate":false},
{"data":[{"text":"make me a reminder about booking it","userDefined ":false}],"isTemplate":false},
{"data":[{"text":"remember to remind me of this later","userDefined ":false}],"isTemplate":false},
{"data":[{"text":"please remind me to take out the trash","userDefined ":false}],"isTemplate":false},
{"data":[{"text":"remind me tommorow at 3pm i have a doctors appointment","userDefined ":false}],"isTemplate":false},
{"data":[{"text":"set a new reminder for tomorrow at 4am","userDefined ":false}],"isTemplate":false},
{"data":[{"text":"create a reminder to pay taxes on monday","userDefined ":false}],"isTemplate":false},
{"data":[{"text":"please reminder for car meet","userDefined ":false}],"isTemplate":false},
{"data":[{"text":"i need to set a reminder to go to the post office","userDefined ":false}],"isTemplate":false},
{"data":[{"text":"set reminder pay taxes on monday","userDefined ":false}],"isTemplate":false},
{"data":[{"text":"dont let me forget to do that thing later","userDefined ":false}],"isTemplate":false},
{"data":[{"text":"set a reminder for later","userDefined ":false}],"isTemplate":false},
{"data":[{"text":"remind me to take out the trash","userDefined ":false}],"isTemplate":false}]
