[{"data":[{"text":"repeat the question","userDefined ":false}],"isTemplate":false},
{"data":[{"text":"i didn't catch that say it again","userDefined ":false}],"isTemplate":false},
{"data":[{"text":"i didn't hear you, can you repeat that louder","userDefined ":false}],"isTemplate":false},
{"data":[{"text":"i didn't hear say it again please","userDefined ":false}],"isTemplate":false},
{"data":[{"text":"could you repeat that, please","userDefined ":false}],"isTemplate":false},
{"data":[{"text":"i didn't hear, please say it again","userDefined ":false}],"isTemplate":false},
{"data":[{"text":"just another time please","userDefined ":false}],"isTemplate":false},
{"data":[{"text":"come again with that","userDefined ":false}],"isTemplate":false},
{"data":[{"text":"please run that by me again","userDefined ":false}],"isTemplate":false},
{"data":[{"text":"ai could you say that again","userDefined ":false}],"isTemplate":false},
{"data":[{"text":"one more time please","userDefined ":false}],"isTemplate":false},
{"data":[{"text":"will you please repeat what you said","userDefined ":false}],"isTemplate":false},
{"data":[{"text":"repeat that please","userDefined ":false}],"isTemplate":false},
{"data":[{"text":"please say it again","userDefined ":false}],"isTemplate":false},
{"data":[{"text":"i did not quite hear you, can you say it again","userDefined ":false}],"isTemplate":false},
{"data":[{"text":"would you repeat what you just said","userDefined ":false}],"isTemplate":false},
{"data":[{"text":"i didnt understand what you just said, can you say it again","userDefined ":false}],"isTemplate":false},
{"data":[{"text":"can you repeat yourself","userDefined ":false}],"isTemplate":false},
{"data":[{"text":"what was that","userDefined ":false}],"isTemplate":false},
{"data":[{"text":"can you say what you just said again","userDefined ":false}],"isTemplate":false},
{"data":[{"text":"can you please repeat that response","userDefined ":false}],"isTemplate":false},
{"data":[{"text":"i didn't hear what you said","userDefined ":false}],"isTemplate":false},
{"data":[{"text":"i would like you to repeat yourself","userDefined ":false}],"isTemplate":false},
{"data":[{"text":"ai i didn't hear you","userDefined ":false}],"isTemplate":false},
{"data":[{"text":"say it again please","userDefined ":false}],"isTemplate":false},
{"data":[{"text":"what did you just mention","userDefined ":false}],"isTemplate":false},
{"data":[{"text":"ai what was the question","userDefined ":false}],"isTemplate":false},
{"data":[{"text":"ai please repeat","userDefined ":false}],"isTemplate":false},
{"data":[{"text":"i missed that last one, please repeat","userDefined ":false}],"isTemplate":false},
{"data":[{"text":"please repeat over what you said","userDefined ":false}],"isTemplate":false},
{"data":[{"text":"sorry, i didn't hear you, can you say that gain","userDefined ":false}],"isTemplate":false},
{"data":[{"text":"i didn't get that, please repeat","userDefined ":false}],"isTemplate":false},
{"data":[{"text":"i didn't catch that so please repeat it","userDefined ":false}],"isTemplate":false},
{"data":[{"text":"replay what you just said","userDefined ":false}],"isTemplate":false},
{"data":[{"text":"i didn't understand what you just said, can you repeat it","userDefined ":false}],"isTemplate":false},
{"data":[{"text":"say it one more time","userDefined ":false}],"isTemplate":false},
{"data":[{"text":"i didn't hear what you just said, can you repeat it","userDefined ":false}],"isTemplate":false},
{"data":[{"text":"i didn't hear you can you repeat that","userDefined ":false}],"isTemplate":false},
{"data":[{"text":"i must have you repeat that","userDefined ":false}],"isTemplate":false},
{"data":[{"text":"please repeat yourself","userDefined ":false}],"isTemplate":false},
{"data":[{"text":"repeat that again","userDefined ":false}],"isTemplate":false},
{"data":[{"text":"i need you to please repeat that","userDefined ":false}],"isTemplate":false},
{"data":[{"text":"i did not understand say it again","userDefined ":false}],"isTemplate":false},
{"data":[{"text":"i didn't hear you","userDefined ":false}],"isTemplate":false},
{"data":[{"text":"restate the last thing you told me","userDefined ":false}],"isTemplate":false},
{"data":[{"text":"i did not hear you","userDefined ":false}],"isTemplate":false},
{"data":[{"text":"i missed what you said, please say it again","userDefined ":false}],"isTemplate":false},
{"data":[{"text":"i want to have that repeated for me","userDefined ":false}],"isTemplate":false},
{"data":[{"text":"i need to know again","userDefined ":false}],"isTemplate":false},
{"data":[{"text":"i couldn't hear you, can you repeat it","userDefined ":false}],"isTemplate":false}]