[{"data":[{"text":"when will me new card arrive","userDefined ":false}],"isTemplate":false},
{"data":[{"text":"how long until you send me a replacement card","userDefined ":false}],"isTemplate":false},
{"data":[{"text":"my credit card got stolen and i need to know how long it will be before a new on arrives","userDefined ":false}],"isTemplate":false},
{"data":[{"text":"what is the quickest way to get a new card","userDefined ":false}],"isTemplate":false},
{"data":[{"text":"my credit card has been stolen and i want to know how long it will be before i can get a new one","userDefined ":false}],"isTemplate":false},
{"data":[{"text":"how long until the credit card company replaces my lost card","userDefined ":false}],"isTemplate":false},
{"data":[{"text":"how long should i wait to get my new card when my old one was stolen","userDefined ":false}],"isTemplate":false},
{"data":[{"text":"when will you mail me a replacement card","userDefined ":false}],"isTemplate":false},
{"data":[{"text":"how long will a new card take to come in the mail","userDefined ":false}],"isTemplate":false},
{"data":[{"text":"do when you when my replacement card will get mailed","userDefined ":false}],"isTemplate":false},
{"data":[{"text":"how long does visa take to get me a new card","userDefined ":false}],"isTemplate":false},
{"data":[{"text":"when can i expect my new card","userDefined ":false}],"isTemplate":false},
{"data":[{"text":"my new card will get here in the mail when","userDefined ":false}],"isTemplate":false},
{"data":[{"text":"if i need a new card mailed how long will it take","userDefined ":false}],"isTemplate":false},
{"data":[{"text":"mailing a new card to me takes how long","userDefined ":false}],"isTemplate":false},
{"data":[{"text":"when can i expect my replacement card","userDefined ":false}],"isTemplate":false},
{"data":[{"text":"if my credit card was stolen, how long will it take to replace","userDefined ":false}],"isTemplate":false},
{"data":[{"text":"what is the turn around for a new card","userDefined ":false}],"isTemplate":false},
{"data":[{"text":"how long will i have to wait until they replace a stolen credit card","userDefined ":false}],"isTemplate":false},
{"data":[{"text":"what's the expected time to have a stolen credit card replaced","userDefined ":false}],"isTemplate":false},
{"data":[{"text":"how many days before my credit card arrives","userDefined ":false}],"isTemplate":false},
{"data":[{"text":"what's the typical time it takes for a new card to arrive","userDefined ":false}],"isTemplate":false},
{"data":[{"text":"how long does it take to get a replacement credit card when your last one was stolen","userDefined ":false}],"isTemplate":false},
{"data":[{"text":"what date will my replacement card arrive on","userDefined ":false}],"isTemplate":false},
{"data":[{"text":"how many days till i get a new card to replace the stolen one","userDefined ":false}],"isTemplate":false},
{"data":[{"text":"how long will it take a new card to come in the mail","userDefined ":false}],"isTemplate":false},
{"data":[{"text":"my last card was stolen and i want to know how long until i get my new one","userDefined ":false}],"isTemplate":false},
{"data":[{"text":"how long will a new card take to reach me","userDefined ":false}],"isTemplate":false},
{"data":[{"text":"how long does it take to replace a lost card","userDefined ":false}],"isTemplate":false},
{"data":[{"text":"when will you send me a replacement card","userDefined ":false}],"isTemplate":false},
{"data":[{"text":"what date will my card be here","userDefined ":false}],"isTemplate":false},
{"data":[{"text":"how many days does it take to receive a new card","userDefined ":false}],"isTemplate":false},
{"data":[{"text":"how long to replace a credit card","userDefined ":false}],"isTemplate":false},
{"data":[{"text":"average time to receive new card","userDefined ":false}],"isTemplate":false},
{"data":[{"text":"what's the transit time on a new card","userDefined ":false}],"isTemplate":false},
{"data":[{"text":"when should i expect my replacement card","userDefined ":false}],"isTemplate":false},
{"data":[{"text":"when will my card replacement arrive","userDefined ":false}],"isTemplate":false},
{"data":[{"text":"if i order a new card how long would it take","userDefined ":false}],"isTemplate":false},
{"data":[{"text":"what is the time frame to get a new card mailed to me","userDefined ":false}],"isTemplate":false},
{"data":[{"text":"will my credit card be mailed soon","userDefined ":false}],"isTemplate":false},
{"data":[{"text":"how many days will it take to get a new credit card to replace the one stolen from me","userDefined ":false}],"isTemplate":false},
{"data":[{"text":"what is the earliest date i can get my new card","userDefined ":false}],"isTemplate":false},
{"data":[{"text":"when will my replacement card get mailed","userDefined ":false}],"isTemplate":false},
{"data":[{"text":"tell me about today weather","userDefined ":false}],"isTemplate":false},
{"data":[{"text":"it takes how long to mail me a new card","userDefined ":false}],"isTemplate":false},
{"data":[{"text":"mailing to me for a new card takes how long","userDefined ":false}],"isTemplate":false},
{"data":[{"text":"will you notify me when my new card is on the way","userDefined ":false}],"isTemplate":false},
{"data":[{"text":"when will my new visa get here","userDefined ":false}],"isTemplate":false},
{"data":[{"text":"when will my new card come in the mail","userDefined ":false}],"isTemplate":false},
{"data":[{"text":"whats the wait time for a replacement card","userDefined ":false}],"isTemplate":false}]
