[{"data":[{"text":"it looks like someone made an unauthorized amazon purchase on my account","userDefined ":false}],"isTemplate":false},
{"data":[{"text":"turns out i made a fraudulent transaction","userDefined ":false}],"isTemplate":false},
{"data":[{"text":"someone misused my card and put fraudulent transactions on it","userDefined ":false}],"isTemplate":false},
{"data":[{"text":"i need to report fraudulent activity on my visa card, please","userDefined ":false}],"isTemplate":false},
{"data":[{"text":"looks like someone made an unauthorized charge to nike on my account","userDefined ":false}],"isTemplate":false},
{"data":[{"text":"i think the charge for uber on my account is fraudulent","userDefined ":false}],"isTemplate":false},
{"data":[{"text":"\"please contact my credit card company to report fraudulent activity on","userDefined ":false}],"isTemplate":false},
{"data":[{"text":"i think someone stole my card and used it","userDefined ":false}],"isTemplate":false},
{"data":[{"text":"i think someone made an illegal charge to my card","userDefined ":false}],"isTemplate":false},
{"data":[{"text":"i have detected fraudulent activity on my account","userDefined ":false}],"isTemplate":false},
{"data":[{"text":"there seems to be fraudulent activity","userDefined ":false}],"isTemplate":false},
{"data":[{"text":"i suspect some suspicious activity","userDefined ":false}],"isTemplate":false},
{"data":[{"text":"i'm afraid there is a false transaction on my account","userDefined ":false}],"isTemplate":false},
{"data":[{"text":"i think my chase account has been compromised and fraud committed","userDefined ":false}],"isTemplate":false},
{"data":[{"text":"report fraudulent activity on my debit card","userDefined ":false}],"isTemplate":false},
{"data":[{"text":"my card has purchases i don't recognize","userDefined ":false}],"isTemplate":false},
{"data":[{"text":"i think i've been the victim of fraud","userDefined ":false}],"isTemplate":false},
{"data":[{"text":"i see a purchase on my chase checking that i did not make","userDefined ":false}],"isTemplate":false},
{"data":[{"text":"i spotted a fraudulent transaction from microsoft on my account","userDefined ":false}],"isTemplate":false},
{"data":[{"text":"there is an unauthorized transaction on my bank of america checking","userDefined ":false}],"isTemplate":false},
{"data":[{"text":"this costco charge looks fraudulent","userDefined ":false}],"isTemplate":false},
{"data":[{"text":"i have suspicious charges on my discovery card","userDefined ":false}],"isTemplate":false},
{"data":[{"text":"i want to report fraudulent activity on my amex card, please","userDefined ":false}],"isTemplate":false},
{"data":[{"text":"\"i need to report fraudulent activity to my card company","userDefined ":false}],"isTemplate":false},
{"data":[{"text":"so i made a fraudulent transaction","userDefined ":false}],"isTemplate":false},
{"data":[{"text":"how do i let visa know about a charge i didn't make","userDefined ":false}],"isTemplate":false},
{"data":[{"text":"how do i report fraud on my discover card","userDefined ":false}],"isTemplate":false},
{"data":[{"text":"it seems someone conducted a fraudulent transaction on my account","userDefined ":false}],"isTemplate":false},
{"data":[{"text":"i have a fraudulent transaction from fry's on my account","userDefined ":false}],"isTemplate":false},
{"data":[{"text":"i have a fraudulent transaction from red robin on my account","userDefined ":false}],"isTemplate":false},
{"data":[{"text":"my account has a fraudulent transaction i think","userDefined ":false}],"isTemplate":false},
{"data":[{"text":"can you report credit card fraud for me","userDefined ":false}],"isTemplate":false},
{"data":[{"text":"i need to talk to someone about a transaction that was not made by me on my chase account","userDefined ":false}],"isTemplate":false},
{"data":[{"text":"i see a suspicious transaction in my account history","userDefined ":false}],"isTemplate":false},
{"data":[{"text":"i need to report some fraudulent card activity","userDefined ":false}],"isTemplate":false},
{"data":[{"text":"i suspect fraudulent transaction","userDefined ":false}],"isTemplate":false},
{"data":[{"text":"please report information about activity on my credit card","userDefined ":false}],"isTemplate":false},
{"data":[{"text":"i have charges on my amex card i didn't make","userDefined ":false}],"isTemplate":false},
{"data":[{"text":"how do i report a fraudulent charge on my visa","userDefined ":false}],"isTemplate":false},
{"data":[{"text":"can you help me deal with this fraudulent transaction from verizon on my account","userDefined ":false}],"isTemplate":false},
{"data":[{"text":"i think there's fraud on my account","userDefined ":false}],"isTemplate":false},
{"data":[{"text":"i'm reporting fraudelent activity on my card","userDefined ":false}],"isTemplate":false},
{"data":[{"text":"i have a fraudulent transaction from wal mart on my account","userDefined ":false}],"isTemplate":false},
{"data":[{"text":"i need to report a fraudulent transaction from postmates on my account","userDefined ":false}],"isTemplate":false},
{"data":[{"text":"i want to report fraudulent activity on my visa card, please","userDefined ":false}],"isTemplate":false},
{"data":[{"text":"i'm pretty sure this charge from sam's club is fraudulent","userDefined ":false}],"isTemplate":false},
{"data":[{"text":"send fraudulent activity information","userDefined ":false}],"isTemplate":false},
{"data":[{"text":"i believe there are fraudulent charges on my card how can i report them","userDefined ":false}],"isTemplate":false},
{"data":[{"text":"there are some questionable charges on my card","userDefined ":false}],"isTemplate":false},
{"data":[{"text":"i have activity on my bank of america card i don't recognize","userDefined ":false}],"isTemplate":false}]
