[{"data":[{"text":"i lost my debit card and need it reported as lost","userDefined ":false}],"isTemplate":false},
{"data":[{"text":"my card is lost what do i do","userDefined ":false}],"isTemplate":false},
{"data":[{"text":"who do i report card theft to","userDefined ":false}],"isTemplate":false},
{"data":[{"text":"what do i do to report a lost card","userDefined ":false}],"isTemplate":false},
{"data":[{"text":"i am obliged to report my stolen card","userDefined ":false}],"isTemplate":false},
{"data":[{"text":"what must i do to report my card lost","userDefined ":false}],"isTemplate":false},
{"data":[{"text":"my capital one credit card was stolen","userDefined ":false}],"isTemplate":false},
{"data":[{"text":"i need to report a lost card","userDefined ":false}],"isTemplate":false},
{"data":[{"text":"i need to report my card as stolen, please","userDefined ":false}],"isTemplate":false},
{"data":[{"text":"my american express card needs to be reported as stolen","userDefined ":false}],"isTemplate":false},
{"data":[{"text":"my credit card has been stolen, please report it","userDefined ":false}],"isTemplate":false},
{"data":[{"text":"i want to report my card as lost","userDefined ":false}],"isTemplate":false},
{"data":[{"text":"my card is lost please report it","userDefined ":false}],"isTemplate":false},
{"data":[{"text":"my visa has been stolen by someone","userDefined ":false}],"isTemplate":false},
{"data":[{"text":"i need to report a card that's been lost but i dont know how","userDefined ":false}],"isTemplate":false},
{"data":[{"text":"what should i do if my card is lost","userDefined ":false}],"isTemplate":false},
{"data":[{"text":"i would like to report a stolen card","userDefined ":false}],"isTemplate":false},
{"data":[{"text":"i need to report my stolen card","userDefined ":false}],"isTemplate":false},
{"data":[{"text":"i'd like to report my card as stolen, please","userDefined ":false}],"isTemplate":false},
{"data":[{"text":"my card is to be reported stolen","userDefined ":false}],"isTemplate":false},
{"data":[{"text":"my visa card was stolen","userDefined ":false}],"isTemplate":false},
{"data":[{"text":"please report my stolen card","userDefined ":false}],"isTemplate":false},
{"data":[{"text":"i lost my amex and need to report it","userDefined ":false}],"isTemplate":false},
{"data":[{"text":"i need to report my card as stolen, who do i tell","userDefined ":false}],"isTemplate":false},
{"data":[{"text":"could you please help me, my card has been stolen and i need to report it","userDefined ":false}],"isTemplate":false},
{"data":[{"text":"my stolen card needs to be reported","userDefined ":false}],"isTemplate":false},
{"data":[{"text":"i have to report a lost visa card","userDefined ":false}],"isTemplate":false},
{"data":[{"text":"is there anyway, i can report my card being stolen","userDefined ":false}],"isTemplate":false},
{"data":[{"text":"i lost my card how do i report it","userDefined ":false}],"isTemplate":false},
{"data":[{"text":"my card is stolen, i need to report it","userDefined ":false}],"isTemplate":false},
{"data":[{"text":"someone stole my mastercade","userDefined ":false}],"isTemplate":false},
{"data":[{"text":"i can't locate my mastercard and i want to report it as lost, please","userDefined ":false}],"isTemplate":false},
{"data":[{"text":"where to report lost discover credit card","userDefined ":false}],"isTemplate":false},
{"data":[{"text":"report lost card","userDefined ":false}],"isTemplate":false},
{"data":[{"text":"i need to replace my lost card","userDefined ":false}],"isTemplate":false},
{"data":[{"text":"my visa card got stolen","userDefined ":false}],"isTemplate":false},
{"data":[{"text":"i have to report my card as stolen","userDefined ":false}],"isTemplate":false},
{"data":[{"text":"oh no, report my card, it's stolen","userDefined ":false}],"isTemplate":false},
{"data":[{"text":"i need to report that my card has been lost","userDefined ":false}],"isTemplate":false},
{"data":[{"text":"my bronze card is missing i would like to report it as lost","userDefined ":false}],"isTemplate":false},
{"data":[{"text":"i can't find my insurance card and i want to report it as lost","userDefined ":false}],"isTemplate":false},
{"data":[{"text":"i lost my commerce card and need to report it as lost","userDefined ":false}],"isTemplate":false},
{"data":[{"text":"someone stole my discover card","userDefined ":false}],"isTemplate":false},
{"data":[{"text":"i lost my card, what do i do","userDefined ":false}],"isTemplate":false},
{"data":[{"text":"i would like to report my card as stolen, please","userDefined ":false}],"isTemplate":false},
{"data":[{"text":"i need to report credit card theft","userDefined ":false}],"isTemplate":false},
{"data":[{"text":"i think my card is stolen and needs to be reported","userDefined ":false}],"isTemplate":false},
{"data":[{"text":"what do i do if i lost my card","userDefined ":false}],"isTemplate":false},
{"data":[{"text":"report my lost visa card","userDefined ":false}],"isTemplate":false},
{"data":[{"text":"what should i do when my visa card is stolen","userDefined ":false}],"isTemplate":false}]
