[{"data":[{"text":"go back to factory settings please","userDefined ":false}],"isTemplate":false},
{"data":[{"text":"i want you to reset your factory settings","userDefined ":false}],"isTemplate":false},
{"data":[{"text":"do a hard reset","userDefined ":false}],"isTemplate":false},
{"data":[{"text":"revert to your factory settings","userDefined ":false}],"isTemplate":false},
{"data":[{"text":"change back to your initial settings please","userDefined ":false}],"isTemplate":false},
{"data":[{"text":"revert to your factory settings, please","userDefined ":false}],"isTemplate":false},
{"data":[{"text":"reset to your natural settings","userDefined ":false}],"isTemplate":false},
{"data":[{"text":"refresh to factory defaults","userDefined ":false}],"isTemplate":false},
{"data":[{"text":"would you please reboot yourself to factory settings","userDefined ":false}],"isTemplate":false},
{"data":[{"text":"i need you to reset your factory settings","userDefined ":false}],"isTemplate":false},
{"data":[{"text":"change to factory settings now","userDefined ":false}],"isTemplate":false},
{"data":[{"text":"i want to go back to the factory settings","userDefined ":false}],"isTemplate":false},
{"data":[{"text":"reset to original settings","userDefined ":false}],"isTemplate":false},
{"data":[{"text":"go back to factory settings now","userDefined ":false}],"isTemplate":false},
{"data":[{"text":"please go back to the original settings","userDefined ":false}],"isTemplate":false},
{"data":[{"text":"go ahead and reset your factory settings","userDefined ":false}],"isTemplate":false},
{"data":[{"text":"i would like you to revert to your factory settings","userDefined ":false}],"isTemplate":false},
{"data":[{"text":"please reconfigure yourself back to factory settings","userDefined ":false}],"isTemplate":false},
{"data":[{"text":"could you reset your factory settings please","userDefined ":false}],"isTemplate":false},
{"data":[{"text":"go back to initial factory state","userDefined ":false}],"isTemplate":false},
{"data":[{"text":"i want to reset your settings to the original","userDefined ":false}],"isTemplate":false},
{"data":[{"text":"i want you to reset to brand new please","userDefined ":false}],"isTemplate":false},
{"data":[{"text":"do a hard reset to factory settings","userDefined ":false}],"isTemplate":false},
{"data":[{"text":"reset to default settings","userDefined ":false}],"isTemplate":false},
{"data":[{"text":"change settings to how they were originally","userDefined ":false}],"isTemplate":false},
{"data":[{"text":"go ahead and go back to the original settings","userDefined ":false}],"isTemplate":false},
{"data":[{"text":"make the settings go back to the original","userDefined ":false}],"isTemplate":false},
{"data":[{"text":"revert back to your factory settings, please","userDefined ":false}],"isTemplate":false},
{"data":[{"text":"restore your original settings now","userDefined ":false}],"isTemplate":false},
{"data":[{"text":"go to default setting","userDefined ":false}],"isTemplate":false},
{"data":[{"text":"go back to the original settings now","userDefined ":false}],"isTemplate":false},
{"data":[{"text":"you need to go back to the original settings","userDefined ":false}],"isTemplate":false},
{"data":[{"text":"go back to your original settings","userDefined ":false}],"isTemplate":false},
{"data":[{"text":"reset to default settings please","userDefined ":false}],"isTemplate":false},
{"data":[{"text":"please reset the factory settings","userDefined ":false}],"isTemplate":false},
{"data":[{"text":"i want to put you back to original settings","userDefined ":false}],"isTemplate":false},
{"data":[{"text":"i'd like to switch back to my factory settings","userDefined ":false}],"isTemplate":false},
{"data":[{"text":"please go back to to factory settings now","userDefined ":false}],"isTemplate":false},
{"data":[{"text":"let's go to default settings","userDefined ":false}],"isTemplate":false},
{"data":[{"text":"help me get my device back to it's factory settings","userDefined ":false}],"isTemplate":false},
{"data":[{"text":"i want you reset to factory settings","userDefined ":false}],"isTemplate":false},
{"data":[{"text":"i'd like to reset to factory settings","userDefined ":false}],"isTemplate":false},
{"data":[{"text":"reset the factory settings if possible","userDefined ":false}],"isTemplate":false},
{"data":[{"text":"clear all settings in a reset","userDefined ":false}],"isTemplate":false},
{"data":[{"text":"go back the the settings you had originally","userDefined ":false}],"isTemplate":false},
{"data":[{"text":"i'd like to revert to factory settings","userDefined ":false}],"isTemplate":false},
{"data":[{"text":"you got to go back to factory settings now","userDefined ":false}],"isTemplate":false},
{"data":[{"text":"go to factory settings","userDefined ":false}],"isTemplate":false},
{"data":[{"text":"return to your original settings","userDefined ":false}],"isTemplate":false},
{"data":[{"text":"please go back to your factory settings","userDefined ":false}],"isTemplate":false}]
