[{"data":[{"text":"how good are the ratings for outback","userDefined ":false}],"isTemplate":false},
{"data":[{"text":"how good are the ratings for the olive garden","userDefined ":false}],"isTemplate":false},
{"data":[{"text":"tell me the reviews for bjs","userDefined ":false}],"isTemplate":false},
{"data":[{"text":"look up the ratings for olive garden","userDefined ":false}],"isTemplate":false},
{"data":[{"text":"what are the ratings about at pho king","userDefined ":false}],"isTemplate":false},
{"data":[{"text":"what are reviews for ihop like","userDefined ":false}],"isTemplate":false},
{"data":[{"text":"what are the reviews like for la camelia","userDefined ":false}],"isTemplate":false},
{"data":[{"text":"does ihop have good reviews","userDefined ":false}],"isTemplate":false},
{"data":[{"text":"do people like the food at wendy's","userDefined ":false}],"isTemplate":false},
{"data":[{"text":"are there any negative reviews for wendy's","userDefined ":false}],"isTemplate":false},
{"data":[{"text":"has ruby tuesday got good reviews","userDefined ":false}],"isTemplate":false},
{"data":[{"text":"how good are the ratings for the french laundry","userDefined ":false}],"isTemplate":false},
{"data":[{"text":"how are the reviews for spaghetti at the olive garden","userDefined ":false}],"isTemplate":false},
{"data":[{"text":"how are the donuts reviews at tgi","userDefined ":false}],"isTemplate":false},
{"data":[{"text":"does chic-fil-a have good reviews","userDefined ":false}],"isTemplate":false},
{"data":[{"text":"can you tell me if eating at outback's any good","userDefined ":false}],"isTemplate":false},
{"data":[{"text":"does red robin have good reviews","userDefined ":false}],"isTemplate":false},
{"data":[{"text":"how good are the ratings for chez panisse","userDefined ":false}],"isTemplate":false},
{"data":[{"text":"do people like chipotle","userDefined ":false}],"isTemplate":false},
{"data":[{"text":"what are the reviews like for mission chinese","userDefined ":false}],"isTemplate":false},
{"data":[{"text":"tell me about the reviews for olive garden","userDefined ":false}],"isTemplate":false},
{"data":[{"text":"what are the reviews like at minnis","userDefined ":false}],"isTemplate":false},
{"data":[{"text":"does the mediterranean grille have good reviews","userDefined ":false}],"isTemplate":false},
{"data":[{"text":"tell me how good ihop's ratings are","userDefined ":false}],"isTemplate":false},
{"data":[{"text":"does buffalo wild wings have good reviews","userDefined ":false}],"isTemplate":false},
{"data":[{"text":"are the chili's reviews any good","userDefined ":false}],"isTemplate":false},
{"data":[{"text":"does wendy's have good reviews","userDefined ":false}],"isTemplate":false},
{"data":[{"text":"does the bleu olive have decent reviews","userDefined ":false}],"isTemplate":false},
{"data":[{"text":"are the reviews good or bad for burger king","userDefined ":false}],"isTemplate":false},
{"data":[{"text":"how good are the ratings for pizza hut","userDefined ":false}],"isTemplate":false},
{"data":[{"text":"let me know how the outback steakhouse reviews are","userDefined ":false}],"isTemplate":false},
{"data":[{"text":"are the reviews for applebee's good","userDefined ":false}],"isTemplate":false},
{"data":[{"text":"what do people say about village inn","userDefined ":false}],"isTemplate":false},
{"data":[{"text":"are there any positive reviews for wendy's","userDefined ":false}],"isTemplate":false},
{"data":[{"text":"how good are the ratings for peter luger steakhouse","userDefined ":false}],"isTemplate":false},
{"data":[{"text":"does mcdonalds have good reviews","userDefined ":false}],"isTemplate":false},
{"data":[{"text":"pull up the ratings for macaroni grill","userDefined ":false}],"isTemplate":false},
{"data":[{"text":"how good are the ratings for chic-fil-a","userDefined ":false}],"isTemplate":false},
{"data":[{"text":"i want to know how the mcdonalds reviews are","userDefined ":false}],"isTemplate":false},
{"data":[{"text":"at yakamoto how is their sushi","userDefined ":false}],"isTemplate":false},
{"data":[{"text":"does longhorn steakhouse have good reviews","userDefined ":false}],"isTemplate":false},
{"data":[{"text":"what's the reviews have to say about burger king","userDefined ":false}],"isTemplate":false},
{"data":[{"text":"does pizza hut have good reviews","userDefined ":false}],"isTemplate":false},
{"data":[{"text":"does applebee's have good reviews","userDefined ":false}],"isTemplate":false},
{"data":[{"text":"how are the burgers at carl jr's","userDefined ":false}],"isTemplate":false},
{"data":[{"text":"is the sushi well-received at yakamoto","userDefined ":false}],"isTemplate":false},
{"data":[{"text":"what reviews does miyabi have","userDefined ":false}],"isTemplate":false},
{"data":[{"text":"how's the sausage pizza at pizza hut","userDefined ":false}],"isTemplate":false},
{"data":[{"text":"what are the reviews like for bar tartine","userDefined ":false}],"isTemplate":false},
{"data":[{"text":"what kind of reviews does wendy's have","userDefined ":false}],"isTemplate":false}]
