[{"data":[{"text":"can you get me a table for 2 at mexico viejo at 3pm","userDefined ":false}],"isTemplate":false},
{"data":[{"text":"reserve a table for two for 7:30 pm at dibruno's under patrick donoghue","userDefined ":false}],"isTemplate":false},
{"data":[{"text":"you must reserve a table for 4 at red robin under the name kevin at 7","userDefined ":false}],"isTemplate":false},
{"data":[{"text":"i'd like a reservation for 2 at olive garden for 5 pm today","userDefined ":false}],"isTemplate":false},
{"data":[{"text":"i need to make a reservation for 8 pm at red robin for 3","userDefined ":false}],"isTemplate":false},
{"data":[{"text":"i think i need to make a reservation for 8 pm at red robin for 3","userDefined ":false}],"isTemplate":false},
{"data":[{"text":"can you get me a table for 4 at steve's","userDefined ":false}],"isTemplate":false},
{"data":[{"text":"i need you to reserve a table for 6:00 pm for three at devon's seafood","userDefined ":false}],"isTemplate":false},
{"data":[{"text":"hello, i'd like a reservation for two at the olive garden at six tonight","userDefined ":false}],"isTemplate":false},
{"data":[{"text":"i think we should reserve dad's regular table friday for 6 people, use his name, make that close to 4:00 pm at the club","userDefined ":false}],"isTemplate":false},
{"data":[{"text":"make a reservation at 5 pm today for 2 at olive garden","userDefined ":false}],"isTemplate":false},
{"data":[{"text":"you have to reserve a table for 4 at red robin under the name kevin at 7","userDefined ":false}],"isTemplate":false},
{"data":[{"text":"book a reservation for 4 at outback steakhouse under the name dave","userDefined ":false}],"isTemplate":false},
{"data":[{"text":"can you get me a table for 6 at johnnys","userDefined ":false}],"isTemplate":false},
{"data":[{"text":"make a reservation for three at prime rib at 6:30 pm","userDefined ":false}],"isTemplate":false},
{"data":[{"text":"i gotta make a reservation for 8 pm at red robin for 3","userDefined ":false}],"isTemplate":false},
{"data":[{"text":"can i make a reservation for 8 pm at red robin for 3","userDefined ":false}],"isTemplate":false},
{"data":[{"text":"please make me a reservation for monty's at noon for 55555","userDefined ":false}],"isTemplate":false},
{"data":[{"text":"please reserve me a table for 2 pm at maxwell's on the 14th","userDefined ":false}],"isTemplate":false},
{"data":[{"text":"hey computer, make a reservation for 2 for my parents at red lobster on wednseday next, 2:00pm if possible","userDefined ":false}],"isTemplate":false},
{"data":[{"text":"can i make a reservation for 2 at state bird for 8:30","userDefined ":false}],"isTemplate":false},
{"data":[{"text":"make me a reservation for 5 at coral for 10 pm immediately","userDefined ":false}],"isTemplate":false},
{"data":[{"text":"please reserve a table for two at rouge for 7:00 pm","userDefined ":false}],"isTemplate":false},
{"data":[{"text":"can you get me a table for 5 at johnnys","userDefined ":false}],"isTemplate":false},
{"data":[{"text":"reserve a table for 3 at outback steakhouse under the name lance at 7:00pm","userDefined ":false}],"isTemplate":false},
{"data":[{"text":"is it possible to get a table for 4 at the village inn around 10am","userDefined ":false}],"isTemplate":false},
{"data":[{"text":"please make a reservation for us at joy bar for 4 adults","userDefined ":false}],"isTemplate":false},
{"data":[{"text":"can you get me a table for two for 8:00 pm at parc","userDefined ":false}],"isTemplate":false},
{"data":[{"text":"now, i need a reservation for backwoods crossing at seven for 6 people","userDefined ":false}],"isTemplate":false},
{"data":[{"text":"i would like a reservation for 6:30 pm at pietro's under the name david jones","userDefined ":false}],"isTemplate":false},
{"data":[{"text":"can you get me a table for 1 at the vega at 1pm","userDefined ":false}],"isTemplate":false},
{"data":[{"text":"i need you to reserve a table for 4 at red robin under the name kevin at 7","userDefined ":false}],"isTemplate":false},
{"data":[{"text":"can you book a table at the restaurant for me and my husband","userDefined ":false}],"isTemplate":false},
{"data":[{"text":"i want you to book a reservation for 8 pm at red robin under the name kevin","userDefined ":false}],"isTemplate":false},
{"data":[{"text":"please book a reservation for 8 pm at red robin under the name kevin","userDefined ":false}],"isTemplate":false},
{"data":[{"text":"i want to reserve a table at 8 at long john silver's under the name freddie","userDefined ":false}],"isTemplate":false},
{"data":[{"text":"can i make a reservation for 2 at state bird for 7:30, please","userDefined ":false}],"isTemplate":false},
{"data":[{"text":"i want to have a table for 2 at the broadmore around 6","userDefined ":false}],"isTemplate":false},
{"data":[{"text":"i want to make a reservation for 8 pm at red robin for 3","userDefined ":false}],"isTemplate":false},
{"data":[{"text":"can i reserve a table for 2 at the olive garden at 8","userDefined ":false}],"isTemplate":false},
{"data":[{"text":"reserve a table for 5 at lawry's under the name steve at 8:00pm","userDefined ":false}],"isTemplate":false},
{"data":[{"text":"book a reservation for 3 at red lobster under the name steve","userDefined ":false}],"isTemplate":false},
{"data":[{"text":"can you get me a table for 8 at johnnys","userDefined ":false}],"isTemplate":false},
{"data":[{"text":"make me a reservation for tomorrow at happys for four","userDefined ":false}],"isTemplate":false},
{"data":[{"text":"book a reservation for 8 pm at red robin under the name kevin","userDefined ":false}],"isTemplate":false},
{"data":[{"text":"call and make a 5:45 pm reservation for jason rogers, table for four","userDefined ":false}],"isTemplate":false},
{"data":[{"text":"can you make a reservation for me at the restaurant","userDefined ":false}],"isTemplate":false},
{"data":[{"text":"i need you to reserve at table for a party of four at devon's for 6:00 pm","userDefined ":false}],"isTemplate":false},
{"data":[{"text":"reserve a table for 4 at red lobster under the name dave at 7:30pm","userDefined ":false}],"isTemplate":false},
{"data":[{"text":"can you get me a table for 6 at mark's at 11am","userDefined ":false}],"isTemplate":false}]