[{"data":[{"text":"where are some good thai restaurants in las vegas","userDefined ":false}],"isTemplate":false},
{"data":[{"text":"in boston, what are the best pizza places","userDefined ":false}],"isTemplate":false},
{"data":[{"text":"what mexican restaurant within 5 miles has the best reviews","userDefined ":false}],"isTemplate":false},
{"data":[{"text":"i'm hungry, where should i go","userDefined ":false}],"isTemplate":false},
{"data":[{"text":"does boise have any good indian restaurants","userDefined ":false}],"isTemplate":false},
{"data":[{"text":"can you recommend any restaurants","userDefined ":false}],"isTemplate":false},
{"data":[{"text":"recommendations for good thai restaurants in las vegas","userDefined ":false}],"isTemplate":false},
{"data":[{"text":"is there any good place for mexican food in hawaii","userDefined ":false}],"isTemplate":false},
{"data":[{"text":"can you recommend an indian restaurant","userDefined ":false}],"isTemplate":false},
{"data":[{"text":"can you list off 4 star restaurants","userDefined ":false}],"isTemplate":false},
{"data":[{"text":"what's the best place for some thai in new york city","userDefined ":false}],"isTemplate":false},
{"data":[{"text":"i'm in the mood for italian, are there any good places around","userDefined ":false}],"isTemplate":false},
{"data":[{"text":"what are some good sushi restaurants in reno","userDefined ":false}],"isTemplate":false},
{"data":[{"text":"find an indian restaurant","userDefined ":false}],"isTemplate":false},
{"data":[{"text":"can you recommend a decent place in chicago to get pizza","userDefined ":false}],"isTemplate":false},
{"data":[{"text":"where should i go for dinner","userDefined ":false}],"isTemplate":false},
{"data":[{"text":"is there any good place for vietnamese food on the east side of the island","userDefined ":false}],"isTemplate":false},
{"data":[{"text":"is there a barbecue restaurant around here","userDefined ":false}],"isTemplate":false},
{"data":[{"text":"i'm famished so give me some places to eat!","userDefined ":false}],"isTemplate":false},
{"data":[{"text":"is there any good place in hawaii for pasta","userDefined ":false}],"isTemplate":false},
{"data":[{"text":"can you tell me the best place for cajun shrimp in tampa","userDefined ":false}],"isTemplate":false},
{"data":[{"text":"can you find a good steakhouse for tonight","userDefined ":false}],"isTemplate":false},
{"data":[{"text":"can you find me a good restaurant to try eating at","userDefined ":false}],"isTemplate":false},
{"data":[{"text":"what decent restaurants around here are italian","userDefined ":false}],"isTemplate":false},
{"data":[{"text":"are there any sushi restaurants in reno that have good reviews","userDefined ":false}],"isTemplate":false},
{"data":[{"text":"can you find me some good places in kentucky that serve sushi","userDefined ":false}],"isTemplate":false},
{"data":[{"text":"i need to know what restaurants are near me","userDefined ":false}],"isTemplate":false},
{"data":[{"text":"can you find a keto friendly restaurant","userDefined ":false}],"isTemplate":false},
{"data":[{"text":"give me some good restaurants","userDefined ":false}],"isTemplate":false},
{"data":[{"text":"what's a highly rated place for steak in omaha","userDefined ":false}],"isTemplate":false},
{"data":[{"text":"what are some good places to eat at","userDefined ":false}],"isTemplate":false},
{"data":[{"text":"any new restaurants near the mall","userDefined ":false}],"isTemplate":false},
{"data":[{"text":"tell me which restaurants are good for thai food in las vegas","userDefined ":false}],"isTemplate":false},
{"data":[{"text":"could you locate me some good places in kentucky that serve sushi","userDefined ":false}],"isTemplate":false},
{"data":[{"text":"i want to go out to eat but have no idea where to go, do you know of any places","userDefined ":false}],"isTemplate":false},
{"data":[{"text":"do you know of any good restaurants","userDefined ":false}],"isTemplate":false},
{"data":[{"text":"i am hungry and need a restaurant suggestion","userDefined ":false}],"isTemplate":false},
{"data":[{"text":"could you direct me to any good places in kentucky that serve sushi","userDefined ":false}],"isTemplate":false},
{"data":[{"text":"can you suggest some quality chinese restaurants in oklahoma city","userDefined ":false}],"isTemplate":false},
{"data":[{"text":"any ideas on a good place to eat out","userDefined ":false}],"isTemplate":false},
{"data":[{"text":"please list nearby restaurants with 4 or more star reviews","userDefined ":false}],"isTemplate":false},
{"data":[{"text":"what's a good restaurant nearby","userDefined ":false}],"isTemplate":false},
{"data":[{"text":"where's a good place to get some grub","userDefined ":false}],"isTemplate":false},
{"data":[{"text":"can you list off different restaurants","userDefined ":false}],"isTemplate":false},
{"data":[{"text":"i'm not going to cook today, can you suggest a restaurant","userDefined ":false}],"isTemplate":false},
{"data":[{"text":"what are good places for a burrito in albuquerque","userDefined ":false}],"isTemplate":false},
{"data":[{"text":"is there a good fish place in salem","userDefined ":false}],"isTemplate":false},
{"data":[{"text":"help me pick a nice restaurant to dine at","userDefined ":false}],"isTemplate":false},
{"data":[{"text":"do you know of any good mexican restaurants in seattle","userDefined ":false}],"isTemplate":false},
{"data":[{"text":"its date night and we cant decide where to go help","userDefined ":false}],"isTemplate":false}]
