[{"data":[{"text":"what is my citigroup card's rewards balance","userDefined ":false}],"isTemplate":false},
{"data":[{"text":"how many points are on my gold card","userDefined ":false}],"isTemplate":false},
{"data":[{"text":"where are rewards from my visa card visible","userDefined ":false}],"isTemplate":false},
{"data":[{"text":"how many points do i have on my mastercard","userDefined ":false}],"isTemplate":false},
{"data":[{"text":"i need to find out the rewards points i have left on my american express card","userDefined ":false}],"isTemplate":false},
{"data":[{"text":"what is the reward balance on my discover card","userDefined ":false}],"isTemplate":false},
{"data":[{"text":"what's the current reward amount on my visa","userDefined ":false}],"isTemplate":false},
{"data":[{"text":"i wonder how many points i have earned with my bank of america card","userDefined ":false}],"isTemplate":false},
{"data":[{"text":"what is the number of points i earned with my mastercard","userDefined ":false}],"isTemplate":false},
{"data":[{"text":"have i earned a lot of points on my capital one card","userDefined ":false}],"isTemplate":false},
{"data":[{"text":"how would i be able to check my kohls rewards card","userDefined ":false}],"isTemplate":false},
{"data":[{"text":"what is my current reward point total on my visa card","userDefined ":false}],"isTemplate":false},
{"data":[{"text":"how many delta miles are on my card right now","userDefined ":false}],"isTemplate":false},
{"data":[{"text":"i have how many tier credits on my caesar's card","userDefined ":false}],"isTemplate":false},
{"data":[{"text":"how many rewards points do i have for my mastercard","userDefined ":false}],"isTemplate":false},
{"data":[{"text":"what's the reward point count on my discover card","userDefined ":false}],"isTemplate":false},
{"data":[{"text":"where are my rewards for my chase card","userDefined ":false}],"isTemplate":false},
{"data":[{"text":"what do i have to do to see my rewards for my chase card","userDefined ":false}],"isTemplate":false},
{"data":[{"text":"how many points did i get on my visa card","userDefined ":false}],"isTemplate":false},
{"data":[{"text":"what is the amount of rewards points on my visa card","userDefined ":false}],"isTemplate":false},
{"data":[{"text":"how do i check how many rewards i have on my master card","userDefined ":false}],"isTemplate":false},
{"data":[{"text":"how many points have i accumulated on my mastercard","userDefined ":false}],"isTemplate":false},
{"data":[{"text":"is there a better way to check my visa rewards card balance","userDefined ":false}],"isTemplate":false},
{"data":[{"text":"what's the balance of my reward points on my discover card","userDefined ":false}],"isTemplate":false},
{"data":[{"text":"how can i see my rewards for my visa card","userDefined ":false}],"isTemplate":false},
{"data":[{"text":"what's my visa's current rewards balance","userDefined ":false}],"isTemplate":false},
{"data":[{"text":"can i check my visa reward balance online","userDefined ":false}],"isTemplate":false},
{"data":[{"text":"do you know how many rewards points are currently on my discover card","userDefined ":false}],"isTemplate":false},
{"data":[{"text":"what the current balance of reward points on my mastercard","userDefined ":false}],"isTemplate":false},
{"data":[{"text":"how high are the rewards on my discover card","userDefined ":false}],"isTemplate":false},
{"data":[{"text":"how many points did my visa earn","userDefined ":false}],"isTemplate":false},
{"data":[{"text":"how do i see me rewards for my chase card","userDefined ":false}],"isTemplate":false},
{"data":[{"text":"what points were earned on my mastercard","userDefined ":false}],"isTemplate":false},
{"data":[{"text":"how many points have i already accrued on my chase mastercard","userDefined ":false}],"isTemplate":false},
{"data":[{"text":"add up my reward points for master card","userDefined ":false}],"isTemplate":false},
{"data":[{"text":"when can i receive rewards on my visa card","userDefined ":false}],"isTemplate":false},
{"data":[{"text":"help me check my visa rewards card","userDefined ":false}],"isTemplate":false},
{"data":[{"text":"tell me how to check my rewards for my american express card","userDefined ":false}],"isTemplate":false},
{"data":[{"text":"how many rewards points do i have for my wells fargo card","userDefined ":false}],"isTemplate":false},
{"data":[{"text":"how many rewards do i have on my chase card","userDefined ":false}],"isTemplate":false},
{"data":[{"text":"how many reward points does my discover card have","userDefined ":false}],"isTemplate":false},
{"data":[{"text":"how many rewards points do i have for my chase card","userDefined ":false}],"isTemplate":false},
{"data":[{"text":"i need to hear how many points i've obtained on my capital one visa","userDefined ":false}],"isTemplate":false},
{"data":[{"text":"figure out my reward points for discovery card","userDefined ":false}],"isTemplate":false},
{"data":[{"text":"what is my points total for my mastercard","userDefined ":false}],"isTemplate":false},
{"data":[{"text":"does my mastercard have any rewards points remaining","userDefined ":false}],"isTemplate":false},
{"data":[{"text":"how do i check my rewards for my gold card","userDefined ":false}],"isTemplate":false},
{"data":[{"text":"can you help me tell what my starbucks rewards balance is","userDefined ":false}],"isTemplate":false},
{"data":[{"text":"what is the easiest way to check my bank rewards card","userDefined ":false}],"isTemplate":false},
{"data":[{"text":"how many rewards do i now have on my hy-vee card","userDefined ":false}],"isTemplate":false}]