[{"data":[{"text":"what are the ways i can transfer my 401k","userDefined ":false}],"isTemplate":false},
{"data":[{"text":"what do i need to do to rollover my 401k","userDefined ":false}],"isTemplate":false},
{"data":[{"text":"i have a new job, help me with my 401k rollover","userDefined ":false}],"isTemplate":false},
{"data":[{"text":"i need help to roll over my 401k","userDefined ":false}],"isTemplate":false},
{"data":[{"text":"i have to roll over my 401k to a new account and i don't know how","userDefined ":false}],"isTemplate":false},
{"data":[{"text":"what's up with my 401k and will it roll over","userDefined ":false}],"isTemplate":false},
{"data":[{"text":"i jot got hired and need help with my retirement account","userDefined ":false}],"isTemplate":false},
{"data":[{"text":"i need to know if it is possible to rollover my 401k","userDefined ":false}],"isTemplate":false},
{"data":[{"text":"i just switched jobs and need a 401k rollover","userDefined ":false}],"isTemplate":false},
{"data":[{"text":"how can i rollover my 401k at my new job","userDefined ":false}],"isTemplate":false},
{"data":[{"text":"i desperately need to rollover my 401k somehow","userDefined ":false}],"isTemplate":false},
{"data":[{"text":"can you instruct me on how to rollover my 401k","userDefined ":false}],"isTemplate":false},
{"data":[{"text":"will you help me figure out how to transfer my 401k","userDefined ":false}],"isTemplate":false},
{"data":[{"text":"i need to transfer my 401 k","userDefined ":false}],"isTemplate":false},
{"data":[{"text":"walk me through the process of transferring my 401k","userDefined ":false}],"isTemplate":false},
{"data":[{"text":"explain to me how to rollover my 401k","userDefined ":false}],"isTemplate":false},
{"data":[{"text":"can you assist me rolling over a 401k for a new job","userDefined ":false}],"isTemplate":false},
{"data":[{"text":"i need to get some assistance figuring out how i can rollover my 401k, please","userDefined ":false}],"isTemplate":false},
{"data":[{"text":"i have to transfer my 401k but i don't know how to do it","userDefined ":false}],"isTemplate":false},
{"data":[{"text":"i need help with my 401k rollver since i got a new job","userDefined ":false}],"isTemplate":false},
{"data":[{"text":"now that i have a new job, i need getting my 401k rolled over","userDefined ":false}],"isTemplate":false},
{"data":[{"text":"i have a new job and need direction with my 401k rollover","userDefined ":false}],"isTemplate":false},
{"data":[{"text":"i just got this new job but i need help with my 401k rollover","userDefined ":false}],"isTemplate":false},
{"data":[{"text":"i need assistance figuring out how to rollover my 401k, please","userDefined ":false}],"isTemplate":false},
{"data":[{"text":"is there a way to transfer my 401k","userDefined ":false}],"isTemplate":false},
{"data":[{"text":"help me roll over my 401k","userDefined ":false}],"isTemplate":false},
{"data":[{"text":"what are the steps for transferring my 401k","userDefined ":false}],"isTemplate":false},
{"data":[{"text":"i could use some help transfering my 401k","userDefined ":false}],"isTemplate":false},
{"data":[{"text":"who do i go to, to transfer my 401k","userDefined ":false}],"isTemplate":false},
{"data":[{"text":"look up whether my 401k may be rolled over","userDefined ":false}],"isTemplate":false},
{"data":[{"text":"i just changed jobs and need help with my 401k rollover","userDefined ":false}],"isTemplate":false},
{"data":[{"text":"i nee to know how to transfer my 401k","userDefined ":false}],"isTemplate":false},
{"data":[{"text":"i just started this new job and need help with my 401k rollover","userDefined ":false}],"isTemplate":false},
{"data":[{"text":"could you roll over my 401k for me","userDefined ":false}],"isTemplate":false},
{"data":[{"text":"explain to me how transferring my 401k works","userDefined ":false}],"isTemplate":false},
{"data":[{"text":"ways to transfer my 401k","userDefined ":false}],"isTemplate":false},
{"data":[{"text":"i need to get some assistance figuring out how to rollover my 401k","userDefined ":false}],"isTemplate":false},
{"data":[{"text":"can you help me with my 401k rollover since i got a new job","userDefined ":false}],"isTemplate":false},
{"data":[{"text":"can a 401k be rolled over","userDefined ":false}],"isTemplate":false},
{"data":[{"text":"could you walk me through transfering my 401k","userDefined ":false}],"isTemplate":false},
{"data":[{"text":"i want help rolling over my 401k","userDefined ":false}],"isTemplate":false},
{"data":[{"text":"transfer my 401k please","userDefined ":false}],"isTemplate":false},
{"data":[{"text":"i have a new job now and need help with rolling over my 401k","userDefined ":false}],"isTemplate":false},
{"data":[{"text":"i recently got a new job and need assistance with my 401k rollover","userDefined ":false}],"isTemplate":false},
{"data":[{"text":"i'd like my 401k to be rolled over","userDefined ":false}],"isTemplate":false},
{"data":[{"text":"i got a new job, can you help me with my 401k rollover","userDefined ":false}],"isTemplate":false},
{"data":[{"text":"how do i relocate my 401k","userDefined ":false}],"isTemplate":false},
{"data":[{"text":"where do i go the transfer my 401k","userDefined ":false}],"isTemplate":false},
{"data":[{"text":"walk me through on how to roll over my 401k","userDefined ":false}],"isTemplate":false},
{"data":[{"text":"will my 401k rollover or not","userDefined ":false}],"isTemplate":false}]
