[{"data":[{"text":"help me roll a dice","userDefined ":false}],"isTemplate":false},
{"data":[{"text":"i'd like a 7 sided dice roll please","userDefined ":false}],"isTemplate":false},
{"data":[{"text":"please roll dice","userDefined ":false}],"isTemplate":false},
{"data":[{"text":"throw the dice","userDefined ":false}],"isTemplate":false},
{"data":[{"text":"i want you to roll a dice","userDefined ":false}],"isTemplate":false},
{"data":[{"text":"will you roll a 6 sided dice","userDefined ":false}],"isTemplate":false},
{"data":[{"text":"give me a random number between 1 and 6","userDefined ":false}],"isTemplate":false},
{"data":[{"text":"can you roll the 12 sided dice please","userDefined ":false}],"isTemplate":false},
{"data":[{"text":"could you roll the 8 sided dice","userDefined ":false}],"isTemplate":false},
{"data":[{"text":"roll the dice","userDefined ":false}],"isTemplate":false},
{"data":[{"text":"please roll a 6 sided dice","userDefined ":false}],"isTemplate":false},
{"data":[{"text":"the dice need to be rolled","userDefined ":false}],"isTemplate":false},
{"data":[{"text":"roll a die with 6 sides please","userDefined ":false}],"isTemplate":false},
{"data":[{"text":"go ahead and roll the dice","userDefined ":false}],"isTemplate":false},
{"data":[{"text":"roll a die","userDefined ":false}],"isTemplate":false},
{"data":[{"text":"provide a random roll of the dice","userDefined ":false}],"isTemplate":false},
{"data":[{"text":"roll the 10 sided dice on time","userDefined ":false}],"isTemplate":false},
{"data":[{"text":"roll this dice","userDefined ":false}],"isTemplate":false},
{"data":[{"text":"can you roll the dice","userDefined ":false}],"isTemplate":false},
{"data":[{"text":"i need a 10 sided die rolled","userDefined ":false}],"isTemplate":false},
{"data":[{"text":"can you roll dice","userDefined ":false}],"isTemplate":false},
{"data":[{"text":"i need an algorithm to give me the result of rolling one twelve sided die","userDefined ":false}],"isTemplate":false},
{"data":[{"text":"roll a pair of six sided dice","userDefined ":false}],"isTemplate":false},
{"data":[{"text":"i'd like you to roll dice","userDefined ":false}],"isTemplate":false},
{"data":[{"text":"can you roll a 6 sided dice","userDefined ":false}],"isTemplate":false},
{"data":[{"text":"i want to roll some dice","userDefined ":false}],"isTemplate":false},
{"data":[{"text":"toss a die would you","userDefined ":false}],"isTemplate":false},
{"data":[{"text":"can you roll a 4 sided dice","userDefined ":false}],"isTemplate":false},
{"data":[{"text":"roll dice please","userDefined ":false}],"isTemplate":false},
{"data":[{"text":"what number do you get when you roll one six sided die","userDefined ":false}],"isTemplate":false},
{"data":[{"text":"could you roll a 6 sided dice","userDefined ":false}],"isTemplate":false},
{"data":[{"text":"ai, please roll the dice","userDefined ":false}],"isTemplate":false},
{"data":[{"text":"give the dice a roll","userDefined ":false}],"isTemplate":false},
{"data":[{"text":"roll a dice for me","userDefined ":false}],"isTemplate":false},
{"data":[{"text":"roll a dice and give me a number from 1 to 6","userDefined ":false}],"isTemplate":false},
{"data":[{"text":"i'd like you to roll a 6 sided dice","userDefined ":false}],"isTemplate":false},
{"data":[{"text":"roll die, 6 sided","userDefined ":false}],"isTemplate":false},
{"data":[{"text":"6 sided dice roll","userDefined ":false}],"isTemplate":false},
{"data":[{"text":"i'd like to know how much you get when you roll a ten sided dice","userDefined ":false}],"isTemplate":false},
{"data":[{"text":"go ahead and roll that 9 sided dice","userDefined ":false}],"isTemplate":false},
{"data":[{"text":"please do a dice roll","userDefined ":false}],"isTemplate":false},
{"data":[{"text":"roll a pair of dice","userDefined ":false}],"isTemplate":false},
{"data":[{"text":"roll a pair of eight sided dice","userDefined ":false}],"isTemplate":false},
{"data":[{"text":"could you role a ten sided die","userDefined ":false}],"isTemplate":false},
{"data":[{"text":"roll them bones!","userDefined ":false}],"isTemplate":false},
{"data":[{"text":"roll dice now","userDefined ":false}],"isTemplate":false},
{"data":[{"text":"go ahead and roll those dice","userDefined ":false}],"isTemplate":false},
{"data":[{"text":"i want to roll a dice","userDefined ":false}],"isTemplate":false},
{"data":[{"text":"what do you get if you roll a six sided dice","userDefined ":false}],"isTemplate":false},
{"data":[{"text":"ai, go ahead and roll the dice","userDefined ":false}],"isTemplate":false}]