[{"data":[{"text":"i must know my bank of america routing number","userDefined ":false}],"isTemplate":false},
{"data":[{"text":"please tell me the routing number for my wells fargo account","userDefined ":false}],"isTemplate":false},
{"data":[{"text":"what's the routing number for my current checking","userDefined ":false}],"isTemplate":false},
{"data":[{"text":"what's bank of america's routing number","userDefined ":false}],"isTemplate":false},
{"data":[{"text":"i want to know my routing number please","userDefined ":false}],"isTemplate":false},
{"data":[{"text":"will you tell me my routing number","userDefined ":false}],"isTemplate":false},
{"data":[{"text":"i need the routing number for my woodlawn account","userDefined ":false}],"isTemplate":false},
{"data":[{"text":"let me know what the routing number for my civista account is","userDefined ":false}],"isTemplate":false},
{"data":[{"text":"ai, what is my chase checking routing number","userDefined ":false}],"isTemplate":false},
{"data":[{"text":"tell me my bank of america routing number","userDefined ":false}],"isTemplate":false},
{"data":[{"text":"how can i find my routing number for el dorado","userDefined ":false}],"isTemplate":false},
{"data":[{"text":"i need to know the routing number for my wells fargo account","userDefined ":false}],"isTemplate":false},
{"data":[{"text":"what's the routing number for my bank of america account","userDefined ":false}],"isTemplate":false},
{"data":[{"text":"could you tell me what my routing number from first republic is","userDefined ":false}],"isTemplate":false},
{"data":[{"text":"what's my bank routing number","userDefined ":false}],"isTemplate":false},
{"data":[{"text":"where do i find the routing number for chase","userDefined ":false}],"isTemplate":false},
{"data":[{"text":"what is my routing number for marine bank","userDefined ":false}],"isTemplate":false},
{"data":[{"text":"can you help me find my routing number from wells fargo","userDefined ":false}],"isTemplate":false},
{"data":[{"text":"tell me my bank routing number","userDefined ":false}],"isTemplate":false},
{"data":[{"text":"please find the routing number for chase bank accounts opened in new york","userDefined ":false}],"isTemplate":false},
{"data":[{"text":"where do i go to find my routing number for southpoint","userDefined ":false}],"isTemplate":false},
{"data":[{"text":"can i get the routing number for sunflower bank","userDefined ":false}],"isTemplate":false},
{"data":[{"text":"how do i find axos bank's routing number","userDefined ":false}],"isTemplate":false},
{"data":[{"text":"where do i find the routing number for usaa","userDefined ":false}],"isTemplate":false},
{"data":[{"text":"i need the routing number to my chase checking account","userDefined ":false}],"isTemplate":false},
{"data":[{"text":"can you tell me my routing number for summit","userDefined ":false}],"isTemplate":false},
{"data":[{"text":"display the routing number for account huntington","userDefined ":false}],"isTemplate":false},
{"data":[{"text":"where can i see the routing number for bmo","userDefined ":false}],"isTemplate":false},
{"data":[{"text":"what is my routing number on my checking account","userDefined ":false}],"isTemplate":false},
{"data":[{"text":"what's the routing number for my chase account","userDefined ":false}],"isTemplate":false},
{"data":[{"text":"what is the routing number on my first merit account","userDefined ":false}],"isTemplate":false},
{"data":[{"text":"what is my routing number","userDefined ":false}],"isTemplate":false},
{"data":[{"text":"tell me my first national account's routing number","userDefined ":false}],"isTemplate":false},
{"data":[{"text":"give me the routing number for my paragon account","userDefined ":false}],"isTemplate":false},
{"data":[{"text":"ai, routing number for my b of a checking account","userDefined ":false}],"isTemplate":false},
{"data":[{"text":"i must learn my routing number","userDefined ":false}],"isTemplate":false},
{"data":[{"text":"i need to know my bank of america routing number","userDefined ":false}],"isTemplate":false},
{"data":[{"text":"let me know my bank of america routing number","userDefined ":false}],"isTemplate":false},
{"data":[{"text":"where do i find the routing number for bank of america","userDefined ":false}],"isTemplate":false},
{"data":[{"text":"ai, what is the routing number for my citibank savings account","userDefined ":false}],"isTemplate":false},
{"data":[{"text":"how can i find my routing number from bank of america","userDefined ":false}],"isTemplate":false},
{"data":[{"text":"where do i find the routing number for great western bank","userDefined ":false}],"isTemplate":false},
{"data":[{"text":"how do i locate my routing number for tax reasons","userDefined ":false}],"isTemplate":false},
{"data":[{"text":"what routing number do i use to send an international wire with citibank","userDefined ":false}],"isTemplate":false},
{"data":[{"text":"please give my routing number for my national account","userDefined ":false}],"isTemplate":false},
{"data":[{"text":"ai, what is my chase routing number","userDefined ":false}],"isTemplate":false},
{"data":[{"text":"what's my pioneer routing number","userDefined ":false}],"isTemplate":false},
{"data":[{"text":"please tell me my bank of america routing number","userDefined ":false}],"isTemplate":false},
{"data":[{"text":"what's the routing number for my savings account","userDefined ":false}],"isTemplate":false},
{"data":[{"text":"routing number for american river","userDefined ":false}],"isTemplate":false}]