[{"data":[{"text":"can you schedule a meeting at 10 am tomorrow with john smith","userDefined ":false}],"isTemplate":false},
{"data":[{"text":"i want to find out how do i schedule a meeting","userDefined ":false}],"isTemplate":false},
{"data":[{"text":"can you schedule a meeting with james at the office","userDefined ":false}],"isTemplate":false},
{"data":[{"text":"can you schedule a meeting with steve for 5","userDefined ":false}],"isTemplate":false},
{"data":[{"text":"i need a meeting scheduled with bob for 7:00am on 9/11","userDefined ":false}],"isTemplate":false},
{"data":[{"text":"is there a meeting room available between one and two","userDefined ":false}],"isTemplate":false},
{"data":[{"text":"how can you schedule a meeting for me","userDefined ":false}],"isTemplate":false},
{"data":[{"text":"i'd like to pencil in a meeting with seth at 11am","userDefined ":false}],"isTemplate":false},
{"data":[{"text":"tell me how to schedule a meeting","userDefined ":false}],"isTemplate":false},
{"data":[{"text":"i want you to schedule a meeting with carrie and lisa","userDefined ":false}],"isTemplate":false},
{"data":[{"text":"what is your availability for conference rooms between one and two today","userDefined ":false}],"isTemplate":false},
{"data":[{"text":"i want to schedule a meeting with tom for 6pm","userDefined ":false}],"isTemplate":false},
{"data":[{"text":"can you sign me up for a meeting in the blue room on friday","userDefined ":false}],"isTemplate":false},
{"data":[{"text":"do you know how do i schedule a meeting","userDefined ":false}],"isTemplate":false},
{"data":[{"text":"see if you can schedule a meeting with don southerland tomorrow at noon","userDefined ":false}],"isTemplate":false},
{"data":[{"text":"can you schedule a meeting with steve at the office, please","userDefined ":false}],"isTemplate":false},
{"data":[{"text":"are there meeting rooms available between 10-11","userDefined ":false}],"isTemplate":false},
{"data":[{"text":"check if meeting rooms are free from 6 to 7","userDefined ":false}],"isTemplate":false},
{"data":[{"text":"i have to meet with sam at 9:00am in two days","userDefined ":false}],"isTemplate":false},
{"data":[{"text":"show me how do i schedule a meeting","userDefined ":false}],"isTemplate":false},
{"data":[{"text":"is there an open meeting room between 2 and 4","userDefined ":false}],"isTemplate":false},
{"data":[{"text":"are there any meetings room available between 8:00 and 9:00 am","userDefined ":false}],"isTemplate":false},
{"data":[{"text":"i'm having trouble scheduling a meeting","userDefined ":false}],"isTemplate":false},
{"data":[{"text":"i need you to schedule a meeting with bob brown at noon the day after tomorrow","userDefined ":false}],"isTemplate":false},
{"data":[{"text":"please help me schedule a meeting with john love at 9 am tomorrow","userDefined ":false}],"isTemplate":false},
{"data":[{"text":"how does scheduling a meeting work","userDefined ":false}],"isTemplate":false},
{"data":[{"text":"can you schedule a meeting with damon for 1","userDefined ":false}],"isTemplate":false},
{"data":[{"text":"can you schedule a meeting with john for 12","userDefined ":false}],"isTemplate":false},
{"data":[{"text":"i need meeting rooms between 9:00 am and 11:00 am, are there any available","userDefined ":false}],"isTemplate":false},
{"data":[{"text":"i want to know if there are meeting rooms available between 9:00 am and 11:00 am","userDefined ":false}],"isTemplate":false},
{"data":[{"text":"i'm going to need a meeting room on 9am on tuesday","userDefined ":false}],"isTemplate":false},
{"data":[{"text":"help me get a meeting set up","userDefined ":false}],"isTemplate":false},
{"data":[{"text":"can you schedule a meeting with jessica at the office, please","userDefined ":false}],"isTemplate":false},
{"data":[{"text":"get me a meeting with bill for 5:30pm tomorrow","userDefined ":false}],"isTemplate":false},
{"data":[{"text":"meeting room availability at 8:00 please","userDefined ":false}],"isTemplate":false},
{"data":[{"text":"can you schedule a meeting room for interviews on thursday","userDefined ":false}],"isTemplate":false},
{"data":[{"text":"schedule a meeting with tom for 6pm","userDefined ":false}],"isTemplate":false},
{"data":[{"text":"schedule a meeting room for friday at 3pm","userDefined ":false}],"isTemplate":false},
{"data":[{"text":"can you schedule a meeting with james at the office, please","userDefined ":false}],"isTemplate":false},
{"data":[{"text":"during afternoon is there a meeting room to use","userDefined ":false}],"isTemplate":false},
{"data":[{"text":"are there meeting rooms available between 9-10","userDefined ":false}],"isTemplate":false},
{"data":[{"text":"meeting room availability from 8:00 please","userDefined ":false}],"isTemplate":false},
{"data":[{"text":"i'd like to schedule a meeting room from 1:00 pm until 2:00 pm","userDefined ":false}],"isTemplate":false},
{"data":[{"text":"help me schedule a meeting","userDefined ":false}],"isTemplate":false},
{"data":[{"text":"are there meeting rooms available between 11-12","userDefined ":false}],"isTemplate":false},
{"data":[{"text":"can you schedule a meeting with matt for 3","userDefined ":false}],"isTemplate":false},
{"data":[{"text":"add a new meeting with tom for 6pm","userDefined ":false}],"isTemplate":false},
{"data":[{"text":"schedule a meeting with carrie and lisa","userDefined ":false}],"isTemplate":false},
{"data":[{"text":"how can i schedule a meeting","userDefined ":false}],"isTemplate":false},
{"data":[{"text":"please find out if rooms are free from 1 to 2","userDefined ":false}],"isTemplate":false}]