[{"data":[{"text":"i have to schedule somewhere get my tires checked out","userDefined ":false}],"isTemplate":false},
{"data":[{"text":"i need an oil change, make an appointment","userDefined ":false}],"isTemplate":false},
{"data":[{"text":"i want to schedule car maintenance","userDefined ":false}],"isTemplate":false},
{"data":[{"text":"how do i schedule getting my tires checked","userDefined ":false}],"isTemplate":false},
{"data":[{"text":"can i please get an appointment to get my oil changed","userDefined ":false}],"isTemplate":false},
{"data":[{"text":"i don't know why my check engine light is on, i need a mechanic","userDefined ":false}],"isTemplate":false},
{"data":[{"text":"i need help cause my check engine light came on","userDefined ":false}],"isTemplate":false},
{"data":[{"text":"i need to get my tired checked at one of the location","userDefined ":false}],"isTemplate":false},
{"data":[{"text":"the check engine light is on and i need a mechanic","userDefined ":false}],"isTemplate":false},
{"data":[{"text":"schedule car repairs","userDefined ":false}],"isTemplate":false},
{"data":[{"text":"i need someone to look at my check engine light","userDefined ":false}],"isTemplate":false},
{"data":[{"text":"look for auto companies that do scheduled maintenance on my vehicle","userDefined ":false}],"isTemplate":false},
{"data":[{"text":"i want to schedule a tire check up somewhere","userDefined ":false}],"isTemplate":false},
{"data":[{"text":"i need someone to look at my car because my check engine light is on","userDefined ":false}],"isTemplate":false},
{"data":[{"text":"can you make an appointment for an oil change","userDefined ":false}],"isTemplate":false},
{"data":[{"text":"who can i contact about why check engine light is on","userDefined ":false}],"isTemplate":false},
{"data":[{"text":"please schedule an appointment for my oil to get changed","userDefined ":false}],"isTemplate":false},
{"data":[{"text":"can you schedule me a mechanic","userDefined ":false}],"isTemplate":false},
{"data":[{"text":"i want to to schedule maintenance on my vehicle","userDefined ":false}],"isTemplate":false},
{"data":[{"text":"i need to find someone to look at my check engine light","userDefined ":false}],"isTemplate":false},
{"data":[{"text":"i wanna schedule some car maintenance","userDefined ":false}],"isTemplate":false},
{"data":[{"text":"my engine light came on, so i need to get help","userDefined ":false}],"isTemplate":false},
{"data":[{"text":"i need to schedule car maintenance","userDefined ":false}],"isTemplate":false},
{"data":[{"text":"i need to get my oil change so make an appointment","userDefined ":false}],"isTemplate":false},
{"data":[{"text":"i need some work done on my car so need to schedule auto mechanic for maintenance","userDefined ":false}],"isTemplate":false},
{"data":[{"text":"i got to schedule some car maintenance","userDefined ":false}],"isTemplate":false},
{"data":[{"text":"i need an appointment to get my oil changed","userDefined ":false}],"isTemplate":false},
{"data":[{"text":"i need you to find a mechanic for my check engine light","userDefined ":false}],"isTemplate":false},
{"data":[{"text":"i want to get an appointment to get my oil changed","userDefined ":false}],"isTemplate":false},
{"data":[{"text":"i need the soonest appointment for an oil change","userDefined ":false}],"isTemplate":false},
{"data":[{"text":"schedule an oil change for me","userDefined ":false}],"isTemplate":false},
{"data":[{"text":"please find someone who specializes in cars, my check engine light has turned on","userDefined ":false}],"isTemplate":false},
{"data":[{"text":"can you please obtain an oil change appointment for me","userDefined ":false}],"isTemplate":false},
{"data":[{"text":"how i do schedule car maintenance","userDefined ":false}],"isTemplate":false},
{"data":[{"text":"schedule a time to get my oil changed","userDefined ":false}],"isTemplate":false},
{"data":[{"text":"who is available to check why my check engine light is on","userDefined ":false}],"isTemplate":false},
{"data":[{"text":"y check engine light currently came on and i need assistance with it","userDefined ":false}],"isTemplate":false},
{"data":[{"text":"make an appointment to check my tires","userDefined ":false}],"isTemplate":false},
{"data":[{"text":"i am in need of an oil change, set an appointment","userDefined ":false}],"isTemplate":false},
{"data":[{"text":"can someone look at my car cause the check engine light is on","userDefined ":false}],"isTemplate":false},
{"data":[{"text":"how do i schedule car maintenance","userDefined ":false}],"isTemplate":false},
{"data":[{"text":"who can look at my car, the engine light is on","userDefined ":false}],"isTemplate":false},
{"data":[{"text":"my car needs to be brought for maintenance","userDefined ":false}],"isTemplate":false},
{"data":[{"text":"i'd like to get an appointment to get my oil changed","userDefined ":false}],"isTemplate":false},
{"data":[{"text":"please make an appointment for an oil change","userDefined ":false}],"isTemplate":false},
{"data":[{"text":"please schedule car maintenance for me","userDefined ":false}],"isTemplate":false},
{"data":[{"text":"i should get my tires checked, schedule that","userDefined ":false}],"isTemplate":false},
{"data":[{"text":"find a mechanic to look at my check engine light","userDefined ":false}],"isTemplate":false},
{"data":[{"text":"my car needs maintenance scheduled","userDefined ":false}],"isTemplate":false},
{"data":[{"text":"is there someone in the area who can check my engine light since it is on","userDefined ":false}],"isTemplate":false}]
