[{"data":[{"text":"share location with bill","userDefined ":false}],"isTemplate":false},
{"data":[{"text":"give the boys my location please","userDefined ":false}],"isTemplate":false},
{"data":[{"text":"tell base camp my gps coordinates","userDefined ":false}],"isTemplate":false},
{"data":[{"text":"i would like ms johannson and ms alba to be informed of my location","userDefined ":false}],"isTemplate":false},
{"data":[{"text":"please tell wanda where i am now","userDefined ":false}],"isTemplate":false},
{"data":[{"text":"how do i share my location with noel","userDefined ":false}],"isTemplate":false},
{"data":[{"text":"tell john and sam where i am","userDefined ":false}],"isTemplate":false},
{"data":[{"text":"i need to share my location with noel","userDefined ":false}],"isTemplate":false},
{"data":[{"text":"how can i show noel where i am right now","userDefined ":false}],"isTemplate":false},
{"data":[{"text":"share my location with my sister","userDefined ":false}],"isTemplate":false},
{"data":[{"text":"i would like to share my location with my mom","userDefined ":false}],"isTemplate":false},
{"data":[{"text":"can you tell bill and craig where i am","userDefined ":false}],"isTemplate":false},
{"data":[{"text":"how do i share where i am, with another person","userDefined ":false}],"isTemplate":false},
{"data":[{"text":"can you forward my location to tom","userDefined ":false}],"isTemplate":false},
{"data":[{"text":"i need the tow truck to be given my gps coordinates","userDefined ":false}],"isTemplate":false},
{"data":[{"text":"share my location with brad and terry","userDefined ":false}],"isTemplate":false},
{"data":[{"text":"can you share my location with mom","userDefined ":false}],"isTemplate":false},
{"data":[{"text":"allow my son to see my gps coordinates","userDefined ":false}],"isTemplate":false},
{"data":[{"text":"let the folks know my gps coordinates","userDefined ":false}],"isTemplate":false},
{"data":[{"text":"trey needs my current location","userDefined ":false}],"isTemplate":false},
{"data":[{"text":"i need to send my current location to sean","userDefined ":false}],"isTemplate":false},
{"data":[{"text":"give tom my location","userDefined ":false}],"isTemplate":false},
{"data":[{"text":"please let my mom and dad know my location","userDefined ":false}],"isTemplate":false},
{"data":[{"text":"give my location right now to my family","userDefined ":false}],"isTemplate":false},
{"data":[{"text":"share my location with darren and stacey","userDefined ":false}],"isTemplate":false},
{"data":[{"text":"let randy and travis know where i'm at","userDefined ":false}],"isTemplate":false},
{"data":[{"text":"share my gps coordinates with my dad","userDefined ":false}],"isTemplate":false},
{"data":[{"text":"please send my location to haley","userDefined ":false}],"isTemplate":false},
{"data":[{"text":"can you share my location with my girlfriends","userDefined ":false}],"isTemplate":false},
{"data":[{"text":"share my location with mom","userDefined ":false}],"isTemplate":false},
{"data":[{"text":"share my gps coordinates with my mother","userDefined ":false}],"isTemplate":false},
{"data":[{"text":"i need you to let mr miyagi and daniel know where i am","userDefined ":false}],"isTemplate":false},
{"data":[{"text":"share my gps coordinates with jim","userDefined ":false}],"isTemplate":false},
{"data":[{"text":"share my gps location with steve","userDefined ":false}],"isTemplate":false},
{"data":[{"text":"give my current location to robyn now","userDefined ":false}],"isTemplate":false},
{"data":[{"text":"tell bill and craig where i am","userDefined ":false}],"isTemplate":false},
{"data":[{"text":"please show my current location to andre","userDefined ":false}],"isTemplate":false},
{"data":[{"text":"share my gps coordinates with my brother","userDefined ":false}],"isTemplate":false},
{"data":[{"text":"inform eric of my current location","userDefined ":false}],"isTemplate":false},
{"data":[{"text":"send my current location to my superior","userDefined ":false}],"isTemplate":false},
{"data":[{"text":"please allow dan to see my location","userDefined ":false}],"isTemplate":false},
{"data":[{"text":"let barbara know where i'm at","userDefined ":false}],"isTemplate":false},
{"data":[{"text":"will you let mary know my location","userDefined ":false}],"isTemplate":false},
{"data":[{"text":"my friend steve needs my gps coordinates send them to him","userDefined ":false}],"isTemplate":false},
{"data":[{"text":"post my gps coordinates to my facebook friends","userDefined ":false}],"isTemplate":false},
{"data":[{"text":"let the wife see where i'm at","userDefined ":false}],"isTemplate":false},
{"data":[{"text":"let the rents have my current location","userDefined ":false}],"isTemplate":false},
{"data":[{"text":"i need you to push my location to cory","userDefined ":false}],"isTemplate":false},
{"data":[{"text":"can you tell bob and alice where i am","userDefined ":false}],"isTemplate":false},
{"data":[{"text":"let cora and nancy know were i am now","userDefined ":false}],"isTemplate":false}]