[{"data":[{"text":"can you add cherrios to my shopping list","userDefined ":false}],"isTemplate":false},
{"data":[{"text":"add eggs to my shopping list and remove cheese","userDefined ":false}],"isTemplate":false},
{"data":[{"text":"write apples on my shopping list","userDefined ":false}],"isTemplate":false},
{"data":[{"text":"i want you to add milk on my shopping list unless it is already on it","userDefined ":false}],"isTemplate":false},
{"data":[{"text":"my shopping list should have carrots on it","userDefined ":false}],"isTemplate":false},
{"data":[{"text":"maybe we can put blank cds on my list for shopping","userDefined ":false}],"isTemplate":false},
{"data":[{"text":"is bacon on my shopping list, add if it's not","userDefined ":false}],"isTemplate":false},
{"data":[{"text":"add flour to my shopping list if it's not already on it","userDefined ":false}],"isTemplate":false},
{"data":[{"text":"please add milk on my shopping list, if it is not already on it","userDefined ":false}],"isTemplate":false},
{"data":[{"text":"put spaghetti on my shopping list cause i'm out of it please","userDefined ":false}],"isTemplate":false},
{"data":[{"text":"add sprite to my shopping list","userDefined ":false}],"isTemplate":false},
{"data":[{"text":"i need oranges on my shopping list","userDefined ":false}],"isTemplate":false},
{"data":[{"text":"take carrots off my list for shopping","userDefined ":false}],"isTemplate":false},
{"data":[{"text":"please make sure oranges are on my shopping list","userDefined ":false}],"isTemplate":false},
{"data":[{"text":"do me a favor and put sharpies on my list for shopping","userDefined ":false}],"isTemplate":false},
{"data":[{"text":"is the milk on the shopping list if not, please add","userDefined ":false}],"isTemplate":false},
{"data":[{"text":"delete ice cream from my shopping list","userDefined ":false}],"isTemplate":false},
{"data":[{"text":"i need to add cherrios to the grocery list","userDefined ":false}],"isTemplate":false},
{"data":[{"text":"get rid of butter on my shopping list","userDefined ":false}],"isTemplate":false},
{"data":[{"text":"can you put oranges on my shopping list","userDefined ":false}],"isTemplate":false},
{"data":[{"text":"remove carrots from my shopping list and add soda","userDefined ":false}],"isTemplate":false},
{"data":[{"text":"i need for you to remove milk from my shopping list and add bread","userDefined ":false}],"isTemplate":false},
{"data":[{"text":"do i have bananas on my list, if not please put them on the list","userDefined ":false}],"isTemplate":false},
{"data":[{"text":"please remove ginger ale from my shopping list and add root beer","userDefined ":false}],"isTemplate":false},
{"data":[{"text":"put milk on my shopping list cause i'm out of it","userDefined ":false}],"isTemplate":false},
{"data":[{"text":"add mountain dew to my list for shopping","userDefined ":false}],"isTemplate":false},
{"data":[{"text":"is paprika listed on my shopping list, please add it","userDefined ":false}],"isTemplate":false},
{"data":[{"text":"i want to remove milk from my shopping list and add bread","userDefined ":false}],"isTemplate":false},
{"data":[{"text":"go ahead and erase cashews from my list, and add walnuts to it, please","userDefined ":false}],"isTemplate":false},
{"data":[{"text":"please take away the fries from the shopping list","userDefined ":false}],"isTemplate":false},
{"data":[{"text":"x on the shopping list please","userDefined ":false}],"isTemplate":false},
{"data":[{"text":"add groceries to my shopping list as i am out","userDefined ":false}],"isTemplate":false},
{"data":[{"text":"would you remove bread from my shopping list and add bread","userDefined ":false}],"isTemplate":false},
{"data":[{"text":"i need to delete tomatoes from my shopping list and add onions instead","userDefined ":false}],"isTemplate":false},
{"data":[{"text":"remove chips from my shopping list","userDefined ":false}],"isTemplate":false},
{"data":[{"text":"remove fries from my shopping list","userDefined ":false}],"isTemplate":false},
{"data":[{"text":"i need you to add creamer to my shopping list","userDefined ":false}],"isTemplate":false},
{"data":[{"text":"take fresh carrots off my shopping list","userDefined ":false}],"isTemplate":false},
{"data":[{"text":"add bread to my list of groceries","userDefined ":false}],"isTemplate":false},
{"data":[{"text":"on my shopping list, remove bread and add milk","userDefined ":false}],"isTemplate":false},
{"data":[{"text":"are bananas on my shopping list can you add them if they aren't","userDefined ":false}],"isTemplate":false},
{"data":[{"text":"can you put detergent on my shopping list cause i'm all out","userDefined ":false}],"isTemplate":false},
{"data":[{"text":"can you take frozen food of my shopping list","userDefined ":false}],"isTemplate":false},
{"data":[{"text":"would you add bananas to my shopping list as i am out","userDefined ":false}],"isTemplate":false},
{"data":[{"text":"can you add carrots to my shopping list and delete potatoes","userDefined ":false}],"isTemplate":false},
{"data":[{"text":"remove corn from my shopping list","userDefined ":false}],"isTemplate":false},
{"data":[{"text":"can you take carrots off my shopping list and add soda","userDefined ":false}],"isTemplate":false},
{"data":[{"text":"please add sugar to my shopping list if it's not on it","userDefined ":false}],"isTemplate":false},
{"data":[{"text":"make sure to put extra paint on the list","userDefined ":false}],"isTemplate":false},
{"data":[{"text":"delete soda from my shopping list and add water to it","userDefined ":false}],"isTemplate":false}]
