[{"data":[{"text":"what items are on my shopping list","userDefined ":false}],"isTemplate":false},
{"data":[{"text":"do i have a big shopping list","userDefined ":false}],"isTemplate":false},
{"data":[{"text":"list out my shopping list for me","userDefined ":false}],"isTemplate":false},
{"data":[{"text":"does my shopping list consist of chips","userDefined ":false}],"isTemplate":false},
{"data":[{"text":"i need to know what is on my shopping list","userDefined ":false}],"isTemplate":false},
{"data":[{"text":"does my shopping list include corn","userDefined ":false}],"isTemplate":false},
{"data":[{"text":"i need to know the items on my shopping list","userDefined ":false}],"isTemplate":false},
{"data":[{"text":"whats on my list for shopping","userDefined ":false}],"isTemplate":false},
{"data":[{"text":"display shopping list","userDefined ":false}],"isTemplate":false},
{"data":[{"text":"read my entire shopping list to me","userDefined ":false}],"isTemplate":false},
{"data":[{"text":"are tomatoes on my shopping list","userDefined ":false}],"isTemplate":false},
{"data":[{"text":"list out what is on my shopping list","userDefined ":false}],"isTemplate":false},
{"data":[{"text":"tell me the things on my shopping list","userDefined ":false}],"isTemplate":false},
{"data":[{"text":"what all is on my shopping list","userDefined ":false}],"isTemplate":false},
{"data":[{"text":"my list for shopping has what on it","userDefined ":false}],"isTemplate":false},
{"data":[{"text":"what did i write down on my shopping list this time","userDefined ":false}],"isTemplate":false},
{"data":[{"text":"is ice cream currently on my shopping list","userDefined ":false}],"isTemplate":false},
{"data":[{"text":"tell me what i can find on the shopping list","userDefined ":false}],"isTemplate":false},
{"data":[{"text":"what do i need when i go shopping","userDefined ":false}],"isTemplate":false},
{"data":[{"text":"do you want peanut butter for your lunches this week","userDefined ":false}],"isTemplate":false},
{"data":[{"text":"is a toothbrush on my shopping list","userDefined ":false}],"isTemplate":false},
{"data":[{"text":"tell me what i put on the shopping list","userDefined ":false}],"isTemplate":false},
{"data":[{"text":"read me my shopping list please","userDefined ":false}],"isTemplate":false},
{"data":[{"text":"what do i need to go shopping for","userDefined ":false}],"isTemplate":false},
{"data":[{"text":"i need to hear what's on my shopping list","userDefined ":false}],"isTemplate":false},
{"data":[{"text":"do i need milk at the store","userDefined ":false}],"isTemplate":false},
{"data":[{"text":"i need to know the things on my shopping list","userDefined ":false}],"isTemplate":false},
{"data":[{"text":"which purchases are on my shopping list","userDefined ":false}],"isTemplate":false},
{"data":[{"text":"what are my shopping list's content","userDefined ":false}],"isTemplate":false},
{"data":[{"text":"my shopping list contains what","userDefined ":false}],"isTemplate":false},
{"data":[{"text":"what things are on my shopping list","userDefined ":false}],"isTemplate":false},
{"data":[{"text":"can you look up what my shopping list has on it","userDefined ":false}],"isTemplate":false},
{"data":[{"text":"read me my shopping list","userDefined ":false}],"isTemplate":false},
{"data":[{"text":"what do i need to buy at the store","userDefined ":false}],"isTemplate":false},
{"data":[{"text":"show me my shopping list","userDefined ":false}],"isTemplate":false},
{"data":[{"text":"read me everything on my shopping list","userDefined ":false}],"isTemplate":false},
{"data":[{"text":"does my shopping list include apples right now","userDefined ":false}],"isTemplate":false},
{"data":[{"text":"what is available on the shopping list","userDefined ":false}],"isTemplate":false},
{"data":[{"text":"name the items on my shopping list","userDefined ":false}],"isTemplate":false},
{"data":[{"text":"read my shopping list to me","userDefined ":false}],"isTemplate":false},
{"data":[{"text":"what does my shopping list involve","userDefined ":false}],"isTemplate":false},
{"data":[{"text":"would you let me know what is on my shopping list","userDefined ":false}],"isTemplate":false},
{"data":[{"text":"tell me what's on my shopping list","userDefined ":false}],"isTemplate":false},
{"data":[{"text":"what are the contents of my shopping list","userDefined ":false}],"isTemplate":false},
{"data":[{"text":"what does my shopping list entail","userDefined ":false}],"isTemplate":false},
{"data":[{"text":"can you tell me my shopping list items, please","userDefined ":false}],"isTemplate":false},
{"data":[{"text":"pull up my shopping list for me","userDefined ":false}],"isTemplate":false},
{"data":[{"text":"tell me whats on my shopping list","userDefined ":false}],"isTemplate":false},
{"data":[{"text":"what stuff did i put on my shopping list","userDefined ":false}],"isTemplate":false},
{"data":[{"text":"do i have tomato on the shopping list","userDefined ":false}],"isTemplate":false}]