[{"data":[{"text":"please turn my fan on","userDefined ":false}],"isTemplate":false},
{"data":[{"text":"please turn the fan on","userDefined ":false}],"isTemplate":false},
{"data":[{"text":"can you get the fan going in here","userDefined ":false}],"isTemplate":false},
{"data":[{"text":"lock all the doors","userDefined ":false}],"isTemplate":false},
{"data":[{"text":"what's the ac set to","userDefined ":false}],"isTemplate":false},
{"data":[{"text":"can you lock all the doors in the house","userDefined ":false}],"isTemplate":false},
{"data":[{"text":"turn tv on please","userDefined ":false}],"isTemplate":false},
{"data":[{"text":"start my vehicle","userDefined ":false}],"isTemplate":false},
{"data":[{"text":"remember to lock the doors","userDefined ":false}],"isTemplate":false},
{"data":[{"text":"what is the ac temperature","userDefined ":false}],"isTemplate":false},
{"data":[{"text":"i need some air; get the fan going","userDefined ":false}],"isTemplate":false},
{"data":[{"text":"turn the fan on","userDefined ":false}],"isTemplate":false},
{"data":[{"text":"please check the door to see who is there","userDefined ":false}],"isTemplate":false},
{"data":[{"text":"light the bedroom lights","userDefined ":false}],"isTemplate":false},
{"data":[{"text":"please set the temperature to 70","userDefined ":false}],"isTemplate":false},
{"data":[{"text":"put the garage lights on","userDefined ":false}],"isTemplate":false},
{"data":[{"text":"make sure all doors are locked","userDefined ":false}],"isTemplate":false},
{"data":[{"text":"can you please dim the lights","userDefined ":false}],"isTemplate":false},
{"data":[{"text":"make the lights dimmer please","userDefined ":false}],"isTemplate":false},
{"data":[{"text":"what temperature is the ac set at","userDefined ":false}],"isTemplate":false},
{"data":[{"text":"can you get my car started","userDefined ":false}],"isTemplate":false},
{"data":[{"text":"set temperature to 75","userDefined ":false}],"isTemplate":false},
{"data":[{"text":"what is the temperature on the ac","userDefined ":false}],"isTemplate":false},
{"data":[{"text":"warm up my car for me","userDefined ":false}],"isTemplate":false},
{"data":[{"text":"on the lounge lights turn","userDefined ":false}],"isTemplate":false},
{"data":[{"text":"make sure the oven is set to 350 please","userDefined ":false}],"isTemplate":false},
{"data":[{"text":"will you please get my furnace turned on","userDefined ":false}],"isTemplate":false},
{"data":[{"text":"can you turn on the lights in the den","userDefined ":false}],"isTemplate":false},
{"data":[{"text":"who is at my front door","userDefined ":false}],"isTemplate":false},
{"data":[{"text":"tv on turn","userDefined ":false}],"isTemplate":false},
{"data":[{"text":"please start my car","userDefined ":false}],"isTemplate":false},
{"data":[{"text":"turn the tv to on right now","userDefined ":false}],"isTemplate":false},
{"data":[{"text":"turn the fan on please","userDefined ":false}],"isTemplate":false},
{"data":[{"text":"turn on the fan","userDefined ":false}],"isTemplate":false},
{"data":[{"text":"what's the persons name at my door","userDefined ":false}],"isTemplate":false},
{"data":[{"text":"please get my car started before i go out to it","userDefined ":false}],"isTemplate":false},
{"data":[{"text":"who is knocking","userDefined ":false}],"isTemplate":false},
{"data":[{"text":"i need my furnace turned on","userDefined ":false}],"isTemplate":false},
{"data":[{"text":"please lock every door","userDefined ":false}],"isTemplate":false},
{"data":[{"text":"can you look who is at the door","userDefined ":false}],"isTemplate":false},
{"data":[{"text":"set the temperature to 78","userDefined ":false}],"isTemplate":false},
{"data":[{"text":"can put fan on","userDefined ":false}],"isTemplate":false},
{"data":[{"text":"make the temperature 78 in here","userDefined ":false}],"isTemplate":false},
{"data":[{"text":"did anyone securely lock the door","userDefined ":false}],"isTemplate":false},
{"data":[{"text":"turn the fan to the on position","userDefined ":false}],"isTemplate":false},
{"data":[{"text":"can you turn on the lights in the backyard","userDefined ":false}],"isTemplate":false},
{"data":[{"text":"lock every door on the property","userDefined ":false}],"isTemplate":false},
{"data":[{"text":"turn lights on in my master bathroom","userDefined ":false}],"isTemplate":false},
{"data":[{"text":"activate my furnace please","userDefined ":false}],"isTemplate":false},
{"data":[{"text":"set the temperaure to 71","userDefined ":false}],"isTemplate":false}]