[{"data":[{"text":"can you tell me how to spell manipulation","userDefined ":false}],"isTemplate":false},
{"data":[{"text":"i forget how to spell xylophone","userDefined ":false}],"isTemplate":false},
{"data":[{"text":"how do you spell guerrilla","userDefined ":false}],"isTemplate":false},
{"data":[{"text":"tell me how many p's are in apple","userDefined ":false}],"isTemplate":false},
{"data":[{"text":"how many ss are in narcissism","userDefined ":false}],"isTemplate":false},
{"data":[{"text":"how do you spell friend","userDefined ":false}],"isTemplate":false},
{"data":[{"text":"how is the word acquaintance spelled","userDefined ":false}],"isTemplate":false},
{"data":[{"text":"how many e's are in sesame","userDefined ":false}],"isTemplate":false},
{"data":[{"text":"what's the spelling of cancer","userDefined ":false}],"isTemplate":false},
{"data":[{"text":"i need to know how to spell excellent","userDefined ":false}],"isTemplate":false},
{"data":[{"text":"i don't know how to spell circumference","userDefined ":false}],"isTemplate":false},
{"data":[{"text":"what's the right spelling of rambunctious","userDefined ":false}],"isTemplate":false},
{"data":[{"text":"can you give me a spelling for antipathy","userDefined ":false}],"isTemplate":false},
{"data":[{"text":"how do you spell out espresso","userDefined ":false}],"isTemplate":false},
{"data":[{"text":"what is the proper way to spell diamond","userDefined ":false}],"isTemplate":false},
{"data":[{"text":"spell out potato","userDefined ":false}],"isTemplate":false},
{"data":[{"text":"tell me how many a's are in magical","userDefined ":false}],"isTemplate":false},
{"data":[{"text":"how is friend spelled","userDefined ":false}],"isTemplate":false},
{"data":[{"text":"tell how many a's are in the word happiness","userDefined ":false}],"isTemplate":false},
{"data":[{"text":"how do you spell antipathy","userDefined ":false}],"isTemplate":false},
{"data":[{"text":"i don't know how to spell mississippi","userDefined ":false}],"isTemplate":false},
{"data":[{"text":"how do you spell asian","userDefined ":false}],"isTemplate":false},
{"data":[{"text":"how do you spell mississippi","userDefined ":false}],"isTemplate":false},
{"data":[{"text":"i need to know how to spell xylophone","userDefined ":false}],"isTemplate":false},
{"data":[{"text":"how do you spell superficial","userDefined ":false}],"isTemplate":false},
{"data":[{"text":"how do you spell verisimilitude","userDefined ":false}],"isTemplate":false},
{"data":[{"text":"what is the correct spelling of judgment","userDefined ":false}],"isTemplate":false},
{"data":[{"text":"i don't know how to spell spaghetti","userDefined ":false}],"isTemplate":false},
{"data":[{"text":"can you tell me how to spell elephant","userDefined ":false}],"isTemplate":false},
{"data":[{"text":"how is water spelled","userDefined ":false}],"isTemplate":false},
{"data":[{"text":"how many ts are in tethered","userDefined ":false}],"isTemplate":false},
{"data":[{"text":"i don't know how to spell anethesia","userDefined ":false}],"isTemplate":false},
{"data":[{"text":"how many a's can you find in the word happiness","userDefined ":false}],"isTemplate":false},
{"data":[{"text":"how many es are in receiving","userDefined ":false}],"isTemplate":false},
{"data":[{"text":"how do you spell tomato","userDefined ":false}],"isTemplate":false},
{"data":[{"text":"i'd like to know how acommodate is spelled","userDefined ":false}],"isTemplate":false},
{"data":[{"text":"what's the spelling of multimedia","userDefined ":false}],"isTemplate":false},
{"data":[{"text":"how do you spell syzygy","userDefined ":false}],"isTemplate":false},
{"data":[{"text":"i don't know how to spell apparently","userDefined ":false}],"isTemplate":false},
{"data":[{"text":"what is the correct spelling for antipathy","userDefined ":false}],"isTemplate":false},
{"data":[{"text":"i don't know how to spell drought","userDefined ":false}],"isTemplate":false},
{"data":[{"text":"what's the right way to spell indict","userDefined ":false}],"isTemplate":false},
{"data":[{"text":"tell me how handkerchief is spelled","userDefined ":false}],"isTemplate":false},
{"data":[{"text":"how do you spell water","userDefined ":false}],"isTemplate":false},
{"data":[{"text":"i don't know how to spell squirrel","userDefined ":false}],"isTemplate":false},
{"data":[{"text":"how do you spell hotdog","userDefined ":false}],"isTemplate":false},
{"data":[{"text":"the word is happiness; how many a's can you find in that word","userDefined ":false}],"isTemplate":false},
{"data":[{"text":"i don't know how to spell theater","userDefined ":false}],"isTemplate":false},
{"data":[{"text":"spell the word restaurant for me","userDefined ":false}],"isTemplate":false},
{"data":[{"text":"i can't figure out how to spell superficial","userDefined ":false}],"isTemplate":false}]
