[{"data":[{"text":"what did i spend on groceries this month","userDefined ":false}],"isTemplate":false},
{"data":[{"text":"how much have i spent on starbucks since the beginning of 2019","userDefined ":false}],"isTemplate":false},
{"data":[{"text":"what did car insurance run me this year","userDefined ":false}],"isTemplate":false},
{"data":[{"text":"how much did i spend on food","userDefined ":false}],"isTemplate":false},
{"data":[{"text":"have i been spending a lot on food lately","userDefined ":false}],"isTemplate":false},
{"data":[{"text":"how much did i spend on movies last week","userDefined ":false}],"isTemplate":false},
{"data":[{"text":"i need to know what i spend on utilities for the last year","userDefined ":false}],"isTemplate":false},
{"data":[{"text":"can you tell me my spending history from last week","userDefined ":false}],"isTemplate":false},
{"data":[{"text":"how much have i paid for rent in the last 6 months","userDefined ":false}],"isTemplate":false},
{"data":[{"text":"where did all my money go this month","userDefined ":false}],"isTemplate":false},
{"data":[{"text":"how much have i spent on bills recently","userDefined ":false}],"isTemplate":false},
{"data":[{"text":"have i been giving lot of money to food to food lately","userDefined ":false}],"isTemplate":false},
{"data":[{"text":"how much have i spent on shoes","userDefined ":false}],"isTemplate":false},
{"data":[{"text":"what was the total i spent at home depot last month","userDefined ":false}],"isTemplate":false},
{"data":[{"text":"did i go out to eat more than usual","userDefined ":false}],"isTemplate":false},
{"data":[{"text":"i have been spending a lot on insurance lately","userDefined ":false}],"isTemplate":false},
{"data":[{"text":"have i been spending a lot on shoes lately","userDefined ":false}],"isTemplate":false},
{"data":[{"text":"how much have i spent eating out this week","userDefined ":false}],"isTemplate":false},
{"data":[{"text":"have i been spending a lot on groceries lately","userDefined ":false}],"isTemplate":false},
{"data":[{"text":"how much money did i spend yesterday","userDefined ":false}],"isTemplate":false},
{"data":[{"text":"did i spend a lot on shoes recently","userDefined ":false}],"isTemplate":false},
{"data":[{"text":"what have i spent lately in child care","userDefined ":false}],"isTemplate":false},
{"data":[{"text":"how much have i spent on shoes lately","userDefined ":false}],"isTemplate":false},
{"data":[{"text":"could you tell me how much money i spent last week","userDefined ":false}],"isTemplate":false},
{"data":[{"text":"how much money have i dropped recently","userDefined ":false}],"isTemplate":false},
{"data":[{"text":"what's the amount of money i spent yesterday","userDefined ":false}],"isTemplate":false},
{"data":[{"text":"how much have i spent on food in the past week","userDefined ":false}],"isTemplate":false},
{"data":[{"text":"i need to know what i have spent on food recently","userDefined ":false}],"isTemplate":false},
{"data":[{"text":"how much did i spend on lunches last week","userDefined ":false}],"isTemplate":false},
{"data":[{"text":"have i been spending more money at restaurants","userDefined ":false}],"isTemplate":false},
{"data":[{"text":"how much have i paid in medical expenses recently","userDefined ":false}],"isTemplate":false},
{"data":[{"text":"what's my going out to eat tab this month vs last month","userDefined ":false}],"isTemplate":false},
{"data":[{"text":"how much money did i spend at starbucks in the last week","userDefined ":false}],"isTemplate":false},
{"data":[{"text":"have i been spending a lot on take out lately","userDefined ":false}],"isTemplate":false},
{"data":[{"text":"i have been spending a lot on utility bills lately","userDefined ":false}],"isTemplate":false},
{"data":[{"text":"what have i spent over the last few days","userDefined ":false}],"isTemplate":false},
{"data":[{"text":"how much money have i spent this week","userDefined ":false}],"isTemplate":false},
{"data":[{"text":"could you check my account and let me know how much i spent on food in january","userDefined ":false}],"isTemplate":false},
{"data":[{"text":"have i been spending a ton of money on movies lately","userDefined ":false}],"isTemplate":false},
{"data":[{"text":"how much have i spent on clothes recently","userDefined ":false}],"isTemplate":false},
{"data":[{"text":"how much money did i spend on food last month","userDefined ":false}],"isTemplate":false},
{"data":[{"text":"have i have been spending a lot of money on shoes","userDefined ":false}],"isTemplate":false},
{"data":[{"text":"how much do i spend going out to eat","userDefined ":false}],"isTemplate":false},
{"data":[{"text":"what have i spent on food recently","userDefined ":false}],"isTemplate":false},
{"data":[{"text":"could you tell me how much i've spent over the past two weeks","userDefined ":false}],"isTemplate":false},
{"data":[{"text":"how much did i spend on gas last week","userDefined ":false}],"isTemplate":false},
{"data":[{"text":"what's the total amount i've spent eating out in the last two weeks","userDefined ":false}],"isTemplate":false},
{"data":[{"text":"how much did i spend this week","userDefined ":false}],"isTemplate":false},
{"data":[{"text":"have i been spending a lot on roast beef lately","userDefined ":false}],"isTemplate":false},
{"data":[{"text":"how much did i spend on christmas gifts in december","userDefined ":false}],"isTemplate":false}]
