[{"data":[{"text":"please connect with my smart phone","userDefined ":false}],"isTemplate":false},
{"data":[{"text":"help me to disconnect from my phone","userDefined ":false}],"isTemplate":false},
{"data":[{"text":"i need to disconnect from my phone","userDefined ":false}],"isTemplate":false},
{"data":[{"text":"could you connect with my phone, please","userDefined ":false}],"isTemplate":false},
{"data":[{"text":"would you disconnect from my phone","userDefined ":false}],"isTemplate":false},
{"data":[{"text":"i would like to pair this with my new phone","userDefined ":false}],"isTemplate":false},
{"data":[{"text":"you can disconnect from my phone now","userDefined ":false}],"isTemplate":false},
{"data":[{"text":"please connect with my phone","userDefined ":false}],"isTemplate":false},
{"data":[{"text":"initiate connection with my phone, please","userDefined ":false}],"isTemplate":false},
{"data":[{"text":"disconnect from my phone, please","userDefined ":false}],"isTemplate":false},
{"data":[{"text":"please get off my phone connection","userDefined ":false}],"isTemplate":false},
{"data":[{"text":"connect with my phone please","userDefined ":false}],"isTemplate":false},
{"data":[{"text":"are you able to link to my phone","userDefined ":false}],"isTemplate":false},
{"data":[{"text":"please connect to my phone","userDefined ":false}],"isTemplate":false},
{"data":[{"text":"i want you to disconnect from my phone","userDefined ":false}],"isTemplate":false},
{"data":[{"text":"pair my phone please","userDefined ":false}],"isTemplate":false},
{"data":[{"text":"i don't want this phone synced any more","userDefined ":false}],"isTemplate":false},
{"data":[{"text":"can we pair this with my new phone","userDefined ":false}],"isTemplate":false},
{"data":[{"text":"will you connect to my phone","userDefined ":false}],"isTemplate":false},
{"data":[{"text":"establish a connection to my phone","userDefined ":false}],"isTemplate":false},
{"data":[{"text":"connect to my phone for me","userDefined ":false}],"isTemplate":false},
{"data":[{"text":"could you link with my phone","userDefined ":false}],"isTemplate":false},
{"data":[{"text":"can you get access to my phone right now","userDefined ":false}],"isTemplate":false},
{"data":[{"text":"do you think you could disconnect from my phone","userDefined ":false}],"isTemplate":false},
{"data":[{"text":"i wanna disconnect from my phone","userDefined ":false}],"isTemplate":false},
{"data":[{"text":"let's terminate connection to my phone please","userDefined ":false}],"isTemplate":false},
{"data":[{"text":"get connected to my phone","userDefined ":false}],"isTemplate":false},
{"data":[{"text":"stop syncing with this phone","userDefined ":false}],"isTemplate":false},
{"data":[{"text":"disconnect from my phone please","userDefined ":false}],"isTemplate":false},
{"data":[{"text":"please link with my phone","userDefined ":false}],"isTemplate":false},
{"data":[{"text":"please unsync my phone","userDefined ":false}],"isTemplate":false},
{"data":[{"text":"could you connect to my phone","userDefined ":false}],"isTemplate":false},
{"data":[{"text":"do you have access to my phone","userDefined ":false}],"isTemplate":false},
{"data":[{"text":"can you connect with my phone, please","userDefined ":false}],"isTemplate":false},
{"data":[{"text":"you can unsync from my phone now","userDefined ":false}],"isTemplate":false},
{"data":[{"text":"pair with my phone","userDefined ":false}],"isTemplate":false},
{"data":[{"text":"stop the connection with my phone","userDefined ":false}],"isTemplate":false},
{"data":[{"text":"are you able to get into my phone at the moment","userDefined ":false}],"isTemplate":false},
{"data":[{"text":"i need you to disconnect from my phone","userDefined ":false}],"isTemplate":false},
{"data":[{"text":"can you connect to my phone, please","userDefined ":false}],"isTemplate":false},
{"data":[{"text":"desync from my iphone","userDefined ":false}],"isTemplate":false},
{"data":[{"text":"pair with my smart phone","userDefined ":false}],"isTemplate":false},
{"data":[{"text":"unsync my phone now please","userDefined ":false}],"isTemplate":false},
{"data":[{"text":"please get off my phone","userDefined ":false}],"isTemplate":false},
{"data":[{"text":"i am going to go ahead and pair this with my new phone","userDefined ":false}],"isTemplate":false},
{"data":[{"text":"i want to disconnect the current connection to my phone","userDefined ":false}],"isTemplate":false},
{"data":[{"text":"please desync my current mobile","userDefined ":false}],"isTemplate":false},
{"data":[{"text":"desync from my phone","userDefined ":false}],"isTemplate":false},
{"data":[{"text":"please disconnect from my phone","userDefined ":false}],"isTemplate":false},
{"data":[{"text":"quickly disconnect the phone","userDefined ":false}],"isTemplate":false}]