[{"data":[{"text":"what do i owe the government on my taxes","userDefined ":false}],"isTemplate":false},
{"data":[{"text":"how much am i going to have to pay in federal taxes this year","userDefined ":false}],"isTemplate":false},
{"data":[{"text":"how much did my state taxes change","userDefined ":false}],"isTemplate":false},
{"data":[{"text":"can you tell me my income tax","userDefined ":false}],"isTemplate":false},
{"data":[{"text":"what do i pay in taxes","userDefined ":false}],"isTemplate":false},
{"data":[{"text":"how much will i pay in federal taxes","userDefined ":false}],"isTemplate":false},
{"data":[{"text":"what amount do i have to pay in taxes","userDefined ":false}],"isTemplate":false},
{"data":[{"text":"can you calculate my state taxes","userDefined ":false}],"isTemplate":false},
{"data":[{"text":"what amount of money do i pay in taxes, please","userDefined ":false}],"isTemplate":false},
{"data":[{"text":"using my salary as a basis, what taxes will i owe","userDefined ":false}],"isTemplate":false},
{"data":[{"text":"tell me what my state taxes are","userDefined ":false}],"isTemplate":false},
{"data":[{"text":"what does it look like my state taxes will add up to","userDefined ":false}],"isTemplate":false},
{"data":[{"text":"what's my bill going to be for my taxes for tennessee","userDefined ":false}],"isTemplate":false},
{"data":[{"text":"what do i pay currently in income taxes","userDefined ":false}],"isTemplate":false},
{"data":[{"text":"what amount do my state taxes look like","userDefined ":false}],"isTemplate":false},
{"data":[{"text":"give me the specifics on my federal taxes","userDefined ":false}],"isTemplate":false},
{"data":[{"text":"i would like to know how much i pay in taxes","userDefined ":false}],"isTemplate":false},
{"data":[{"text":"how much will i have to pay in state taxes","userDefined ":false}],"isTemplate":false},
{"data":[{"text":"how much do i pay in taxes","userDefined ":false}],"isTemplate":false},
{"data":[{"text":"how much money is the state going to take from me for taxes","userDefined ":false}],"isTemplate":false},
{"data":[{"text":"how are my federal taxes looking this year","userDefined ":false}],"isTemplate":false},
{"data":[{"text":"what will my state taxes amount to this year","userDefined ":false}],"isTemplate":false},
{"data":[{"text":"how much do i owe for state taxes","userDefined ":false}],"isTemplate":false},
{"data":[{"text":"what can i expect to pay in taxes","userDefined ":false}],"isTemplate":false},
{"data":[{"text":"i need to know how much i should pay in tax","userDefined ":false}],"isTemplate":false},
{"data":[{"text":"are my state tax payments too high","userDefined ":false}],"isTemplate":false},
{"data":[{"text":"how much tax do i pay","userDefined ":false}],"isTemplate":false},
{"data":[{"text":"how much does it seem my state taxes will be","userDefined ":false}],"isTemplate":false},
{"data":[{"text":"what is the tax amount","userDefined ":false}],"isTemplate":false},
{"data":[{"text":"how much state taxes do i owe","userDefined ":false}],"isTemplate":false},
{"data":[{"text":"what is the total amount of tax deductions from my income","userDefined ":false}],"isTemplate":false},
{"data":[{"text":"how much do i pay in tax","userDefined ":false}],"isTemplate":false},
{"data":[{"text":"how much is the irs going to get from me","userDefined ":false}],"isTemplate":false},
{"data":[{"text":"let me know my tax rate","userDefined ":false}],"isTemplate":false},
{"data":[{"text":"please tell me what i pay in taxes","userDefined ":false}],"isTemplate":false},
{"data":[{"text":"i need to know how much tax i pay from my earnings","userDefined ":false}],"isTemplate":false},
{"data":[{"text":"what will i need to pay in federal taxes","userDefined ":false}],"isTemplate":false},
{"data":[{"text":"what are my state taxes looking like","userDefined ":false}],"isTemplate":false},
{"data":[{"text":"about how much will my federal taxes be","userDefined ":false}],"isTemplate":false},
{"data":[{"text":"what do i currently pay in taxes","userDefined ":false}],"isTemplate":false},
{"data":[{"text":"what amount will my state taxes be","userDefined ":false}],"isTemplate":false},
{"data":[{"text":"how much tax do i owe","userDefined ":false}],"isTemplate":false},
{"data":[{"text":"how much am i paying from my income in taxes","userDefined ":false}],"isTemplate":false},
{"data":[{"text":"how much are taxes on this","userDefined ":false}],"isTemplate":false},
{"data":[{"text":"help me calculate my federal tax bill","userDefined ":false}],"isTemplate":false},
{"data":[{"text":"will i pay over $500 in federal taxes","userDefined ":false}],"isTemplate":false},
{"data":[{"text":"tell me how much in tax on this","userDefined ":false}],"isTemplate":false},
{"data":[{"text":"i have to pay how much back in taxes","userDefined ":false}],"isTemplate":false},
{"data":[{"text":"what is the total amount i pay in taxes","userDefined ":false}],"isTemplate":false},
{"data":[{"text":"what's the damage on my federal tax return","userDefined ":false}],"isTemplate":false}]