[{"data":[{"text":"tell me something funny about cats","userDefined ":false}],"isTemplate":false},
{"data":[{"text":"do you have any jokes","userDefined ":false}],"isTemplate":false},
{"data":[{"text":"give me a joke about horses","userDefined ":false}],"isTemplate":false},
{"data":[{"text":"i would love to hear a joke about the dmv","userDefined ":false}],"isTemplate":false},
{"data":[{"text":"how about you tell me a joke","userDefined ":false}],"isTemplate":false},
{"data":[{"text":"i love dad jokes can you tell me one","userDefined ":false}],"isTemplate":false},
{"data":[{"text":"make me giggle","userDefined ":false}],"isTemplate":false},
{"data":[{"text":"i need a good laugh","userDefined ":false}],"isTemplate":false},
{"data":[{"text":"what are some funny jokes","userDefined ":false}],"isTemplate":false},
{"data":[{"text":"mind sharing a joke","userDefined ":false}],"isTemplate":false},
{"data":[{"text":"say something funny","userDefined ":false}],"isTemplate":false},
{"data":[{"text":"could you please tell me a good joke","userDefined ":false}],"isTemplate":false},
{"data":[{"text":"tell me something funny about dogs","userDefined ":false}],"isTemplate":false},
{"data":[{"text":"indicate something funny on the topic of food","userDefined ":false}],"isTemplate":false},
{"data":[{"text":"can you tell me a joke about politicians","userDefined ":false}],"isTemplate":false},
{"data":[{"text":"can you tell me something funny","userDefined ":false}],"isTemplate":false},
{"data":[{"text":"please, recite to me some good one liners","userDefined ":false}],"isTemplate":false},
{"data":[{"text":"show me something funny about food","userDefined ":false}],"isTemplate":false},
{"data":[{"text":"let me know something funny","userDefined ":false}],"isTemplate":false},
{"data":[{"text":"what\u00e2\u20ac\u2122s your favorite funny joke","userDefined ":false}],"isTemplate":false},
{"data":[{"text":"heard any good jokes lately","userDefined ":false}],"isTemplate":false},
{"data":[{"text":"i wanna hear something funny","userDefined ":false}],"isTemplate":false},
{"data":[{"text":"tell me something funny about animals","userDefined ":false}],"isTemplate":false},
{"data":[{"text":"look for funny jokes","userDefined ":false}],"isTemplate":false},
{"data":[{"text":"tell me something that'll make me laugh","userDefined ":false}],"isTemplate":false},
{"data":[{"text":"do you have a list of funny jokes","userDefined ":false}],"isTemplate":false},
{"data":[{"text":"what do people find funny about food","userDefined ":false}],"isTemplate":false},
{"data":[{"text":"tell me something funny about love","userDefined ":false}],"isTemplate":false},
{"data":[{"text":"what's the funniest joke you know","userDefined ":false}],"isTemplate":false},
{"data":[{"text":"please tell me a joke about dinosaurs","userDefined ":false}],"isTemplate":false},
{"data":[{"text":"say something hilarious","userDefined ":false}],"isTemplate":false},
{"data":[{"text":"what's the latest joke you've heard","userDefined ":false}],"isTemplate":false},
{"data":[{"text":"tell me something funny about parenting","userDefined ":false}],"isTemplate":false},
{"data":[{"text":"can you tell me some dog jokes","userDefined ":false}],"isTemplate":false},
{"data":[{"text":"could you share a joke","userDefined ":false}],"isTemplate":false},
{"data":[{"text":"would you like to tell me a joke","userDefined ":false}],"isTemplate":false},
{"data":[{"text":"tell me a joke about lawyers","userDefined ":false}],"isTemplate":false},
{"data":[{"text":"tell me something funny about people","userDefined ":false}],"isTemplate":false},
{"data":[{"text":"tell me a joke about rats","userDefined ":false}],"isTemplate":false},
{"data":[{"text":"i'd like to hear a joke","userDefined ":false}],"isTemplate":false},
{"data":[{"text":"what's the funniest thing you know about artificial intelligence","userDefined ":false}],"isTemplate":false},
{"data":[{"text":"tell me something funny now","userDefined ":false}],"isTemplate":false},
{"data":[{"text":"i would like to listen to a funny joke","userDefined ":false}],"isTemplate":false},
{"data":[{"text":"can you make me laugh","userDefined ":false}],"isTemplate":false},
{"data":[{"text":"tell me something funny about politics","userDefined ":false}],"isTemplate":false},
{"data":[{"text":"do you have any jokes to tell me","userDefined ":false}],"isTemplate":false},
{"data":[{"text":"tell me something amusing","userDefined ":false}],"isTemplate":false},
{"data":[{"text":"what's the funniest thing you know about peanuts","userDefined ":false}],"isTemplate":false},
{"data":[{"text":"what jokes do you know","userDefined ":false}],"isTemplate":false},
{"data":[{"text":"tell me something funny about adulthood","userDefined ":false}],"isTemplate":false}]
