[{"data":[{"text":"please send a text","userDefined ":false}],"isTemplate":false},
{"data":[{"text":"write text message to someone","userDefined ":false}],"isTemplate":false},
{"data":[{"text":"send mom a text asking where are you","userDefined ":false}],"isTemplate":false},
{"data":[{"text":"text message chris and say i love you","userDefined ":false}],"isTemplate":false},
{"data":[{"text":"send a text to someone","userDefined ":false}],"isTemplate":false},
{"data":[{"text":"can you text arthur and tell them im almost there","userDefined ":false}],"isTemplate":false},
{"data":[{"text":"text billy and tell him to be at monday's meeting at 3pm","userDefined ":false}],"isTemplate":false},
{"data":[{"text":"can you text christopher and tell them im on my way","userDefined ":false}],"isTemplate":false},
{"data":[{"text":"send a text message for me","userDefined ":false}],"isTemplate":false},
{"data":[{"text":"please send ann a text and tell her i will be home in 20 minutes","userDefined ":false}],"isTemplate":false},
{"data":[{"text":"please send a text message to natalie for me","userDefined ":false}],"isTemplate":false},
{"data":[{"text":"i want to send a text","userDefined ":false}],"isTemplate":false},
{"data":[{"text":"text matt and tell him i will be late tonight","userDefined ":false}],"isTemplate":false},
{"data":[{"text":"text my boss for me and tell them i will be a little bit late","userDefined ":false}],"isTemplate":false},
{"data":[{"text":"send chris a text message that says stop for milk on your way home","userDefined ":false}],"isTemplate":false},
{"data":[{"text":"i have to send a text","userDefined ":false}],"isTemplate":false},
{"data":[{"text":"text my dad for me and tell them i love you","userDefined ":false}],"isTemplate":false},
{"data":[{"text":"text josh and tell him i need a delivery","userDefined ":false}],"isTemplate":false},
{"data":[{"text":"send a text and tell chris i\u00e2\u20ac\u2122m not working today","userDefined ":false}],"isTemplate":false},
{"data":[{"text":"can you send a text for me","userDefined ":false}],"isTemplate":false},
{"data":[{"text":"text my friend for me and tell them to meet me later","userDefined ":false}],"isTemplate":false},
{"data":[{"text":"text christopher and tell him i will stop by","userDefined ":false}],"isTemplate":false},
{"data":[{"text":"can you text the sgt adam and tell them i found the missing girl","userDefined ":false}],"isTemplate":false},
{"data":[{"text":"text a message to alice","userDefined ":false}],"isTemplate":false},
{"data":[{"text":"i need you to text someone for me","userDefined ":false}],"isTemplate":false},
{"data":[{"text":"i need sal to be texted and say i'll be there","userDefined ":false}],"isTemplate":false},
{"data":[{"text":"send a text message to chris and ask what he wants to eat for dinner","userDefined ":false}],"isTemplate":false},
{"data":[{"text":"send a text message","userDefined ":false}],"isTemplate":false},
{"data":[{"text":"text sal and tell them hi","userDefined ":false}],"isTemplate":false},
{"data":[{"text":"text sal and let them know the answer is yes","userDefined ":false}],"isTemplate":false},
{"data":[{"text":"compose text message","userDefined ":false}],"isTemplate":false},
{"data":[{"text":"text my doctor and tell him it happened again","userDefined ":false}],"isTemplate":false},
{"data":[{"text":"write a text to alice","userDefined ":false}],"isTemplate":false},
{"data":[{"text":"can you send a text to someone","userDefined ":false}],"isTemplate":false},
{"data":[{"text":"let sal know by text i will be attending","userDefined ":false}],"isTemplate":false},
{"data":[{"text":"start a new text to maureen and tell her i go mom's christmas present","userDefined ":false}],"isTemplate":false},
{"data":[{"text":"create a new text","userDefined ":false}],"isTemplate":false},
{"data":[{"text":"text bill and tell him i'll be 30 minutes late","userDefined ":false}],"isTemplate":false},
{"data":[{"text":"create a text message to","userDefined ":false}],"isTemplate":false},
{"data":[{"text":"set up a new text message","userDefined ":false}],"isTemplate":false},
{"data":[{"text":"give a text to my cousin linda that says happy birthday","userDefined ":false}],"isTemplate":false},
{"data":[{"text":"text my mom for me and tell them i will be home soon","userDefined ":false}],"isTemplate":false},
{"data":[{"text":"text tony and invite him to my party next saturday","userDefined ":false}],"isTemplate":false},
{"data":[{"text":"text chris and ask what time he will be home","userDefined ":false}],"isTemplate":false},
{"data":[{"text":"text christy and ask her what she wants for dinner","userDefined ":false}],"isTemplate":false},
{"data":[{"text":"i have to have a text sent","userDefined ":false}],"isTemplate":false},
{"data":[{"text":"text nick and tell him the car's ready","userDefined ":false}],"isTemplate":false},
{"data":[{"text":"i need to send a text","userDefined ":false}],"isTemplate":false},
{"data":[{"text":"text robby hello","userDefined ":false}],"isTemplate":false},
{"data":[{"text":"can you text elizabeth and tell them i forgot to bring drinks","userDefined ":false}],"isTemplate":false}]