[{"data":[{"text":"thanks a lot for the answer","userDefined ":false}],"isTemplate":false},
{"data":[{"text":"your answer is appreciated","userDefined ":false}],"isTemplate":false},
{"data":[{"text":"i'm grateful for the answer you just gave me","userDefined ":false}],"isTemplate":false},
{"data":[{"text":"much obliged","userDefined ":false}],"isTemplate":false},
{"data":[{"text":"thank you!","userDefined ":false}],"isTemplate":false},
{"data":[{"text":"thanks for the help!","userDefined ":false}],"isTemplate":false},
{"data":[{"text":"thanks please","userDefined ":false}],"isTemplate":false},
{"data":[{"text":"your answer was enjoyable","userDefined ":false}],"isTemplate":false},
{"data":[{"text":"awesome, thanks","userDefined ":false}],"isTemplate":false},
{"data":[{"text":"okay thanks","userDefined ":false}],"isTemplate":false},
{"data":[{"text":"you were so kind to do that","userDefined ":false}],"isTemplate":false},
{"data":[{"text":"you are so nice to think of me","userDefined ":false}],"isTemplate":false},
{"data":[{"text":"really great!","userDefined ":false}],"isTemplate":false},
{"data":[{"text":"i thank you","userDefined ":false}],"isTemplate":false},
{"data":[{"text":"good looking out","userDefined ":false}],"isTemplate":false},
{"data":[{"text":"gracias","userDefined ":false}],"isTemplate":false},
{"data":[{"text":"i'm grateful to you","userDefined ":false}],"isTemplate":false},
{"data":[{"text":"thank you for your time","userDefined ":false}],"isTemplate":false},
{"data":[{"text":"that'll work, good job!","userDefined ":false}],"isTemplate":false},
{"data":[{"text":"thanks for letting me know","userDefined ":false}],"isTemplate":false},
{"data":[{"text":"i am thankful for your help!","userDefined ":false}],"isTemplate":false},
{"data":[{"text":"good answer, thanks for providing it","userDefined ":false}],"isTemplate":false},
{"data":[{"text":"i can not thank you enough","userDefined ":false}],"isTemplate":false},
{"data":[{"text":"appreciate the help","userDefined ":false}],"isTemplate":false},
{"data":[{"text":"thanks for helping out","userDefined ":false}],"isTemplate":false},
{"data":[{"text":"thank you for helping me","userDefined ":false}],"isTemplate":false},
{"data":[{"text":"i appreciate you helping me","userDefined ":false}],"isTemplate":false},
{"data":[{"text":"thanks for your cooperation","userDefined ":false}],"isTemplate":false},
{"data":[{"text":"your answer was good","userDefined ":false}],"isTemplate":false},
{"data":[{"text":"you are so thoughtful and i appreciate your gesture","userDefined ":false}],"isTemplate":false},
{"data":[{"text":"i'm so glad you helped me!","userDefined ":false}],"isTemplate":false},
{"data":[{"text":"i appreciate what you did","userDefined ":false}],"isTemplate":false},
{"data":[{"text":"i wish you were here earlier","userDefined ":false}],"isTemplate":false},
{"data":[{"text":"you did a good job thank you","userDefined ":false}],"isTemplate":false},
{"data":[{"text":"merci beaucoup","userDefined ":false}],"isTemplate":false},
{"data":[{"text":"i'm grateful","userDefined ":false}],"isTemplate":false},
{"data":[{"text":"thank you for the information","userDefined ":false}],"isTemplate":false},
{"data":[{"text":"thanks so much!","userDefined ":false}],"isTemplate":false},
{"data":[{"text":"thank ya!","userDefined ":false}],"isTemplate":false},
{"data":[{"text":"i want to thank you for helping","userDefined ":false}],"isTemplate":false},
{"data":[{"text":"thank you very much for the assistance","userDefined ":false}],"isTemplate":false},
{"data":[{"text":"youre a doll","userDefined ":false}],"isTemplate":false},
{"data":[{"text":"i'm grateful for the assistance","userDefined ":false}],"isTemplate":false},
{"data":[{"text":"thanks again!","userDefined ":false}],"isTemplate":false},
{"data":[{"text":"thank you kindly","userDefined ":false}],"isTemplate":false},
{"data":[{"text":"thanks for helping me!","userDefined ":false}],"isTemplate":false},
{"data":[{"text":"thank you","userDefined ":false}],"isTemplate":false},
{"data":[{"text":"thanks for answering my question","userDefined ":false}],"isTemplate":false},
{"data":[{"text":"i owe you one!","userDefined ":false}],"isTemplate":false},
{"data":[{"text":"i have much gratitude for your help","userDefined ":false}],"isTemplate":false}]
