[{"data":[{"text":"can you set a timer for me","userDefined ":false}],"isTemplate":false},
{"data":[{"text":"please set a timer for","userDefined ":false}],"isTemplate":false},
{"data":[{"text":"please set a timer for 6 minutes","userDefined ":false}],"isTemplate":false},
{"data":[{"text":"alert me in 20 minutes","userDefined ":false}],"isTemplate":false},
{"data":[{"text":"create a timer for me","userDefined ":false}],"isTemplate":false},
{"data":[{"text":"i need you to set a time","userDefined ":false}],"isTemplate":false},
{"data":[{"text":"i'm cooking an egg, timer for 3 mins","userDefined ":false}],"isTemplate":false},
{"data":[{"text":"please run a timer for me","userDefined ":false}],"isTemplate":false},
{"data":[{"text":"will you set the timer","userDefined ":false}],"isTemplate":false},
{"data":[{"text":"set a timer to go off in 5 minutes","userDefined ":false}],"isTemplate":false},
{"data":[{"text":"timer 10 minutes","userDefined ":false}],"isTemplate":false},
{"data":[{"text":"set a ten second timer","userDefined ":false}],"isTemplate":false},
{"data":[{"text":"set the timer for me please","userDefined ":false}],"isTemplate":false},
{"data":[{"text":"want 5 minute timer","userDefined ":false}],"isTemplate":false},
{"data":[{"text":"let's get a timer set for 5 minutes","userDefined ":false}],"isTemplate":false},
{"data":[{"text":"set a seven minute timer","userDefined ":false}],"isTemplate":false},
{"data":[{"text":"i want a 10 minute timer","userDefined ":false}],"isTemplate":false},
{"data":[{"text":"please set a timer for 40 minutes","userDefined ":false}],"isTemplate":false},
{"data":[{"text":"start the timer now and stop at thirty minutes","userDefined ":false}],"isTemplate":false},
{"data":[{"text":"can you please the timer","userDefined ":false}],"isTemplate":false},
{"data":[{"text":"timer for 5 minutes","userDefined ":false}],"isTemplate":false},
{"data":[{"text":"set a new timer for ten seconds","userDefined ":false}],"isTemplate":false},
{"data":[{"text":"i must set a timer","userDefined ":false}],"isTemplate":false},
{"data":[{"text":"set a five minute timer please","userDefined ":false}],"isTemplate":false},
{"data":[{"text":"i want to set a timer","userDefined ":false}],"isTemplate":false},
{"data":[{"text":"set a timer for twelve seconds","userDefined ":false}],"isTemplate":false},
{"data":[{"text":"i would like a timer set","userDefined ":false}],"isTemplate":false},
{"data":[{"text":"make a timer for 5 minutes","userDefined ":false}],"isTemplate":false},
{"data":[{"text":"set a brand new timer for eight seconds","userDefined ":false}],"isTemplate":false},
{"data":[{"text":"set a timer for two hours","userDefined ":false}],"isTemplate":false},
{"data":[{"text":"set an alarm for nine minutes from now","userDefined ":false}],"isTemplate":false},
{"data":[{"text":"can you set a two hour timer","userDefined ":false}],"isTemplate":false},
{"data":[{"text":"i need a 10 minute timer","userDefined ":false}],"isTemplate":false},
{"data":[{"text":"\"please set 5 minute timer","userDefined ":false}],"isTemplate":false},
{"data":[{"text":"set a six minute timer","userDefined ":false}],"isTemplate":false},
{"data":[{"text":"please, can you set the timer for me","userDefined ":false}],"isTemplate":false},
{"data":[{"text":"i need you to set timer for me","userDefined ":false}],"isTemplate":false},
{"data":[{"text":"let me know in 15 minutes please","userDefined ":false}],"isTemplate":false},
{"data":[{"text":"lets set a timer for me","userDefined ":false}],"isTemplate":false},
{"data":[{"text":"10 minute timer","userDefined ":false}],"isTemplate":false},
{"data":[{"text":"set a timer for 35 minutes","userDefined ":false}],"isTemplate":false},
{"data":[{"text":"start a timer for two minutes","userDefined ":false}],"isTemplate":false},
{"data":[{"text":"you need to set the timer for me","userDefined ":false}],"isTemplate":false},
{"data":[{"text":"i need to set the timer for two minutes","userDefined ":false}],"isTemplate":false},
{"data":[{"text":"i gotta set a timer","userDefined ":false}],"isTemplate":false},
{"data":[{"text":"set 30 minute timer","userDefined ":false}],"isTemplate":false},
{"data":[{"text":"start a timer for me","userDefined ":false}],"isTemplate":false},
{"data":[{"text":"wake me in an hour","userDefined ":false}],"isTemplate":false},
{"data":[{"text":"count down 10 minutes","userDefined ":false}],"isTemplate":false},
{"data":[{"text":"set a five minute timer","userDefined ":false}],"isTemplate":false}]
