[{"data":[{"text":"what is the current est time","userDefined ":false}],"isTemplate":false},
{"data":[{"text":"what's the time in tokyo","userDefined ":false}],"isTemplate":false},
{"data":[{"text":"what time is it now pacific time","userDefined ":false}],"isTemplate":false},
{"data":[{"text":"in the central timezone, what time is it","userDefined ":false}],"isTemplate":false},
{"data":[{"text":"what is the time right now in the peruvian time zone","userDefined ":false}],"isTemplate":false},
{"data":[{"text":"what is the exact time right now in the hawaii time zone","userDefined ":false}],"isTemplate":false},
{"data":[{"text":"what's the time in anchorage timezone","userDefined ":false}],"isTemplate":false},
{"data":[{"text":"what is the time now","userDefined ":false}],"isTemplate":false},
{"data":[{"text":"time in tokyo","userDefined ":false}],"isTemplate":false},
{"data":[{"text":"what time is it in houston, tx","userDefined ":false}],"isTemplate":false},
{"data":[{"text":"what time is it in london","userDefined ":false}],"isTemplate":false},
{"data":[{"text":"what is the time, please","userDefined ":false}],"isTemplate":false},
{"data":[{"text":"would you mind telling me the time","userDefined ":false}],"isTemplate":false},
{"data":[{"text":"in the mst time zone, what time is it right now","userDefined ":false}],"isTemplate":false},
{"data":[{"text":"can you tell me the time","userDefined ":false}],"isTemplate":false},
{"data":[{"text":"what time is it exactly in the new zealand time zone","userDefined ":false}],"isTemplate":false},
{"data":[{"text":"what hour and minute is it","userDefined ":false}],"isTemplate":false},
{"data":[{"text":"what's the current time in greenwhich","userDefined ":false}],"isTemplate":false},
{"data":[{"text":"what time is it in the eastern standard timezone","userDefined ":false}],"isTemplate":false},
{"data":[{"text":"please tell me the time","userDefined ":false}],"isTemplate":false},
{"data":[{"text":"please let me know what time it is","userDefined ":false}],"isTemplate":false},
{"data":[{"text":"what is the time in atlantic timezone","userDefined ":false}],"isTemplate":false},
{"data":[{"text":"the current time","userDefined ":false}],"isTemplate":false},
{"data":[{"text":"what is the time right now","userDefined ":false}],"isTemplate":false},
{"data":[{"text":"look up the time in california","userDefined ":false}],"isTemplate":false},
{"data":[{"text":"would you tell me the current time in the eastern timezone","userDefined ":false}],"isTemplate":false},
{"data":[{"text":"what is the exact time","userDefined ":false}],"isTemplate":false},
{"data":[{"text":"tell me what time it is in the central timezone","userDefined ":false}],"isTemplate":false},
{"data":[{"text":"what is the current time in new york","userDefined ":false}],"isTemplate":false},
{"data":[{"text":"have you the time","userDefined ":false}],"isTemplate":false},
{"data":[{"text":"what time do you have on your watch","userDefined ":false}],"isTemplate":false},
{"data":[{"text":"what time is it exactly","userDefined ":false}],"isTemplate":false},
{"data":[{"text":"what's the current time, please","userDefined ":false}],"isTemplate":false},
{"data":[{"text":"what time is it right now in paris","userDefined ":false}],"isTemplate":false},
{"data":[{"text":"what time is it in russia","userDefined ":false}],"isTemplate":false},
{"data":[{"text":"what does it say on the clock","userDefined ":false}],"isTemplate":false},
{"data":[{"text":"given my time, what time is it in mst","userDefined ":false}],"isTemplate":false},
{"data":[{"text":"do you have the time","userDefined ":false}],"isTemplate":false},
{"data":[{"text":"i would like to know the time","userDefined ":false}],"isTemplate":false},
{"data":[{"text":"what is the current time in cst","userDefined ":false}],"isTemplate":false},
{"data":[{"text":"what time is it in buenos aires","userDefined ":false}],"isTemplate":false},
{"data":[{"text":"current time, please","userDefined ":false}],"isTemplate":false},
{"data":[{"text":"how is the time","userDefined ":false}],"isTemplate":false},
{"data":[{"text":"what time is it in fredericksburg, tx","userDefined ":false}],"isTemplate":false},
{"data":[{"text":"what time is it in the central standard timezone","userDefined ":false}],"isTemplate":false},
{"data":[{"text":"what is the time right now in the hst timezone","userDefined ":false}],"isTemplate":false},
{"data":[{"text":"what is the current time in mexico city","userDefined ":false}],"isTemplate":false},
{"data":[{"text":"what's the current time in est","userDefined ":false}],"isTemplate":false},
{"data":[{"text":"what time is it in new york","userDefined ":false}],"isTemplate":false},
{"data":[{"text":"what time would it be in rome right now","userDefined ":false}],"isTemplate":false}]
