[{"data":[{"text":"what's the current timezone in barcelona","userDefined ":false}],"isTemplate":false},
{"data":[{"text":"please search for portland's timezone","userDefined ":false}],"isTemplate":false},
{"data":[{"text":"what timezone is miami in","userDefined ":false}],"isTemplate":false},
{"data":[{"text":"what's the timezone for brasilia","userDefined ":false}],"isTemplate":false},
{"data":[{"text":"what timezone does lisbon have","userDefined ":false}],"isTemplate":false},
{"data":[{"text":"how is miami time zone like","userDefined ":false}],"isTemplate":false},
{"data":[{"text":"what timezone is reno in","userDefined ":false}],"isTemplate":false},
{"data":[{"text":"what is the timezone for quito","userDefined ":false}],"isTemplate":false},
{"data":[{"text":"i need to know what timezone sedona is in","userDefined ":false}],"isTemplate":false},
{"data":[{"text":"which timezone is france in","userDefined ":false}],"isTemplate":false},
{"data":[{"text":"what timezone is lima in","userDefined ":false}],"isTemplate":false},
{"data":[{"text":"what's chicago's time zone","userDefined ":false}],"isTemplate":false},
{"data":[{"text":"french time zone","userDefined ":false}],"isTemplate":false},
{"data":[{"text":"what is the time zone of france","userDefined ":false}],"isTemplate":false},
{"data":[{"text":"i would like information on france's timezone","userDefined ":false}],"isTemplate":false},
{"data":[{"text":"time zone in france","userDefined ":false}],"isTemplate":false},
{"data":[{"text":"what timezone is japan in","userDefined ":false}],"isTemplate":false},
{"data":[{"text":"tell me the timezone las vegas is in","userDefined ":false}],"isTemplate":false},
{"data":[{"text":"what timezone is chicago in","userDefined ":false}],"isTemplate":false},
{"data":[{"text":"whats the timezone for san fransico","userDefined ":false}],"isTemplate":false},
{"data":[{"text":"tell me the timezone that spain is in","userDefined ":false}],"isTemplate":false},
{"data":[{"text":"italy's timezone is what","userDefined ":false}],"isTemplate":false},
{"data":[{"text":"do you know what the timezone is in reno","userDefined ":false}],"isTemplate":false},
{"data":[{"text":"the timezone of italy is what","userDefined ":false}],"isTemplate":false},
{"data":[{"text":"for italy what timezone is it in","userDefined ":false}],"isTemplate":false},
{"data":[{"text":"can you tell me denver's timezone","userDefined ":false}],"isTemplate":false},
{"data":[{"text":"in what timezone is nigeria","userDefined ":false}],"isTemplate":false},
{"data":[{"text":"what timezone is dallas in","userDefined ":false}],"isTemplate":false},
{"data":[{"text":"what timezone is detroit in","userDefined ":false}],"isTemplate":false},
{"data":[{"text":"do you know what timezone italy is in","userDefined ":false}],"isTemplate":false},
{"data":[{"text":"can you tell me which timezone is cambodia in","userDefined ":false}],"isTemplate":false},
{"data":[{"text":"time zone in miami is what like","userDefined ":false}],"isTemplate":false},
{"data":[{"text":"could you tell me what timezone reno is in","userDefined ":false}],"isTemplate":false},
{"data":[{"text":"what timezone is scotland in","userDefined ":false}],"isTemplate":false},
{"data":[{"text":"which timezone is colombia","userDefined ":false}],"isTemplate":false},
{"data":[{"text":"i wanna know what timezone spain is in","userDefined ":false}],"isTemplate":false},
{"data":[{"text":"nigeria is in which time zone","userDefined ":false}],"isTemplate":false},
{"data":[{"text":"which timezone is england in","userDefined ":false}],"isTemplate":false},
{"data":[{"text":"what timezone is boise in","userDefined ":false}],"isTemplate":false},
{"data":[{"text":"what timezone would i be in if i traveled to moscow","userDefined ":false}],"isTemplate":false},
{"data":[{"text":"does phoenix have a different timezone","userDefined ":false}],"isTemplate":false},
{"data":[{"text":"what timezone do they use in la","userDefined ":false}],"isTemplate":false},
{"data":[{"text":"what timezone is russia in","userDefined ":false}],"isTemplate":false},
{"data":[{"text":"what's the time zone in miami","userDefined ":false}],"isTemplate":false},
{"data":[{"text":"does the central timezone include austin","userDefined ":false}],"isTemplate":false},
{"data":[{"text":"what timezone is los angeles in","userDefined ":false}],"isTemplate":false},
{"data":[{"text":"what timezone is new york in","userDefined ":false}],"isTemplate":false},
{"data":[{"text":"reno's timezone is what","userDefined ":false}],"isTemplate":false},
{"data":[{"text":"what timezone is china in","userDefined ":false}],"isTemplate":false},
{"data":[{"text":"what timezone is london is","userDefined ":false}],"isTemplate":false}]
