[{"data":[{"text":"i purchased new tires yesterday, should i buy new ones","userDefined ":false}],"isTemplate":false},
{"data":[{"text":"when is it imperative that i get my tires changed","userDefined ":false}],"isTemplate":false},
{"data":[{"text":"help me and let me know when i should replace my tires next if i last replaced them on june 2","userDefined ":false}],"isTemplate":false},
{"data":[{"text":"when should i get my tires changed again","userDefined ":false}],"isTemplate":false},
{"data":[{"text":"would you tell me when i should replace my tires next if i last replaced them on june 2","userDefined ":false}],"isTemplate":false},
{"data":[{"text":"when will i need to replace my tires if i last replaced them on december 20","userDefined ":false}],"isTemplate":false},
{"data":[{"text":"how long before i need to replace my tires after i replaced them on 2/24/18","userDefined ":false}],"isTemplate":false},
{"data":[{"text":"i replaced my tires last year when should i replace my tires again","userDefined ":false}],"isTemplate":false},
{"data":[{"text":"when will i need to change my tires again","userDefined ":false}],"isTemplate":false},
{"data":[{"text":"how long can i go before i need to change my tires","userDefined ":false}],"isTemplate":false},
{"data":[{"text":"should i change my tires","userDefined ":false}],"isTemplate":false},
{"data":[{"text":"when is the right time to change my tires","userDefined ":false}],"isTemplate":false},
{"data":[{"text":"is there a time when i should get my tires changed","userDefined ":false}],"isTemplate":false},
{"data":[{"text":"tell me when i need to replace my tires, if i replaced them on october 1, 2017","userDefined ":false}],"isTemplate":false},
{"data":[{"text":"i need to know when should i get my tires changed next","userDefined ":false}],"isTemplate":false},
{"data":[{"text":"when will my tires need to be replaced","userDefined ":false}],"isTemplate":false},
{"data":[{"text":"how many times a year should i change my tires","userDefined ":false}],"isTemplate":false},
{"data":[{"text":"is there a specific date when i should get my tires changed","userDefined ":false}],"isTemplate":false},
{"data":[{"text":"when should i go in and have my tires changed","userDefined ":false}],"isTemplate":false},
{"data":[{"text":"let me know when should i get my tires changed next","userDefined ":false}],"isTemplate":false},
{"data":[{"text":"tell when should i get my tires changed next","userDefined ":false}],"isTemplate":false},
{"data":[{"text":"how many miles until i change my tires","userDefined ":false}],"isTemplate":false},
{"data":[{"text":"when are my tires next due for a change","userDefined ":false}],"isTemplate":false},
{"data":[{"text":"how long until i need to change my tires","userDefined ":false}],"isTemplate":false},
{"data":[{"text":"if i bought new tires on may 27th, should i still need new ones","userDefined ":false}],"isTemplate":false},
{"data":[{"text":"when are my tires due to be changed","userDefined ":false}],"isTemplate":false},
{"data":[{"text":"how long until i should have my tires replaced","userDefined ":false}],"isTemplate":false},
{"data":[{"text":"how many miles do i drive before i have to get new tires i replaced them four years ago","userDefined ":false}],"isTemplate":false},
{"data":[{"text":"i replaced my tires yesterday, when should i get new ones","userDefined ":false}],"isTemplate":false},
{"data":[{"text":"is there a way to tell if i need new tires","userDefined ":false}],"isTemplate":false},
{"data":[{"text":"when is it recommended that i change my tires next","userDefined ":false}],"isTemplate":false},
{"data":[{"text":"how many miles before i need my tires changed","userDefined ":false}],"isTemplate":false},
{"data":[{"text":"when am i due for a tire change","userDefined ":false}],"isTemplate":false},
{"data":[{"text":"what date should i get my tires changed","userDefined ":false}],"isTemplate":false},
{"data":[{"text":"how long until i have to replace my tires","userDefined ":false}],"isTemplate":false},
{"data":[{"text":"are my tires due to be changed","userDefined ":false}],"isTemplate":false},
{"data":[{"text":"do i need to change any of my tires","userDefined ":false}],"isTemplate":false},
{"data":[{"text":"when do my tires need changing","userDefined ":false}],"isTemplate":false},
{"data":[{"text":"when should i have my tires replaced if i replaced them on the first of march","userDefined ":false}],"isTemplate":false},
{"data":[{"text":"are my tires due to be changed soon","userDefined ":false}],"isTemplate":false},
{"data":[{"text":"tell me the status of my tires and when i need to replace them","userDefined ":false}],"isTemplate":false},
{"data":[{"text":"how much longer until i have to change my tires","userDefined ":false}],"isTemplate":false},
{"data":[{"text":"tell me when should i get my tires changed next","userDefined ":false}],"isTemplate":false},
{"data":[{"text":"do i need new tires if i just got them replaced on january 2017","userDefined ":false}],"isTemplate":false},
{"data":[{"text":"how often do you change your tires","userDefined ":false}],"isTemplate":false},
{"data":[{"text":"can you tell me when my tires should get changed","userDefined ":false}],"isTemplate":false},
{"data":[{"text":"would you say i need new tires if i last bought them on the 24th","userDefined ":false}],"isTemplate":false},
{"data":[{"text":"when do my tires need some changing","userDefined ":false}],"isTemplate":false},
{"data":[{"text":"when do i take my car in for a tire change","userDefined ":false}],"isTemplate":false},
{"data":[{"text":"if i replaced my tires on christmas eve, when will i need to replace them again","userDefined ":false}],"isTemplate":false}]