[{"data":[{"text":"do i need to fill up my tires","userDefined ":false}],"isTemplate":false},
{"data":[{"text":"do my tires need air","userDefined ":false}],"isTemplate":false},
{"data":[{"text":"what is my car's tire pressure","userDefined ":false}],"isTemplate":false},
{"data":[{"text":"what's the current psi for my tires","userDefined ":false}],"isTemplate":false},
{"data":[{"text":"are my tire's air pressure good enough to drive on","userDefined ":false}],"isTemplate":false},
{"data":[{"text":"how full are my tires","userDefined ":false}],"isTemplate":false},
{"data":[{"text":"can you give me a reading of my car's tire pressure please","userDefined ":false}],"isTemplate":false},
{"data":[{"text":"let me know how low the air in my tires are","userDefined ":false}],"isTemplate":false},
{"data":[{"text":"tell me what my tire pressure is","userDefined ":false}],"isTemplate":false},
{"data":[{"text":"what's the inflation of my tires","userDefined ":false}],"isTemplate":false},
{"data":[{"text":"are my tires aired properly","userDefined ":false}],"isTemplate":false},
{"data":[{"text":"is the pressure in my tires optimal","userDefined ":false}],"isTemplate":false},
{"data":[{"text":"i would like to know my car's tire pressure please","userDefined ":false}],"isTemplate":false},
{"data":[{"text":"are my tires properly inflated with air","userDefined ":false}],"isTemplate":false},
{"data":[{"text":"is my tire pressure in the correct range","userDefined ":false}],"isTemplate":false},
{"data":[{"text":"would it be smart to put air in my tires","userDefined ":false}],"isTemplate":false},
{"data":[{"text":"is the air pressure on my tires low","userDefined ":false}],"isTemplate":false},
{"data":[{"text":"how much air is in my tires","userDefined ":false}],"isTemplate":false},
{"data":[{"text":"hows the air in my tires","userDefined ":false}],"isTemplate":false},
{"data":[{"text":"do the tires need air","userDefined ":false}],"isTemplate":false},
{"data":[{"text":"is my tire pressure okay","userDefined ":false}],"isTemplate":false},
{"data":[{"text":"are my tires full or low","userDefined ":false}],"isTemplate":false},
{"data":[{"text":"what's my tires current air pressure","userDefined ":false}],"isTemplate":false},
{"data":[{"text":"can you check my tire pressure","userDefined ":false}],"isTemplate":false},
{"data":[{"text":"how are my tires","userDefined ":false}],"isTemplate":false},
{"data":[{"text":"how much pressure are currently in my tires","userDefined ":false}],"isTemplate":false},
{"data":[{"text":"should i pump my tires","userDefined ":false}],"isTemplate":false},
{"data":[{"text":"how is the tire pressure","userDefined ":false}],"isTemplate":false},
{"data":[{"text":"are my tires in need of air","userDefined ":false}],"isTemplate":false},
{"data":[{"text":"i want an evaluation of my car's tire pressure","userDefined ":false}],"isTemplate":false},
{"data":[{"text":"what's the tire pressure of my car","userDefined ":false}],"isTemplate":false},
{"data":[{"text":"how much air do i have in my tires","userDefined ":false}],"isTemplate":false},
{"data":[{"text":"how many psi's are my tires at the moment","userDefined ":false}],"isTemplate":false},
{"data":[{"text":"tell me my car's tires' air pressure","userDefined ":false}],"isTemplate":false},
{"data":[{"text":"what's my air pressure right now","userDefined ":false}],"isTemplate":false},
{"data":[{"text":"is the air pressure in my tires low","userDefined ":false}],"isTemplate":false},
{"data":[{"text":"tell me my tires' air pressure","userDefined ":false}],"isTemplate":false},
{"data":[{"text":"please check and report on my tire pressure","userDefined ":false}],"isTemplate":false},
{"data":[{"text":"what's my car's tire pressure","userDefined ":false}],"isTemplate":false},
{"data":[{"text":"how's my tire pressure","userDefined ":false}],"isTemplate":false},
{"data":[{"text":"do the tires look a little low on pressure","userDefined ":false}],"isTemplate":false},
{"data":[{"text":"are my tires good on pressure","userDefined ":false}],"isTemplate":false},
{"data":[{"text":"are my tires under-inflated","userDefined ":false}],"isTemplate":false},
{"data":[{"text":"please measure my tire pressure","userDefined ":false}],"isTemplate":false},
{"data":[{"text":"are my tires requiring a fill-up","userDefined ":false}],"isTemplate":false},
{"data":[{"text":"i am needing to know how low the air in my tires are","userDefined ":false}],"isTemplate":false},
{"data":[{"text":"can you check the air in my tires","userDefined ":false}],"isTemplate":false},
{"data":[{"text":"i want to know how low the air in my tires are","userDefined ":false}],"isTemplate":false},
{"data":[{"text":"check how much air is in my tires","userDefined ":false}],"isTemplate":false},
{"data":[{"text":"what's the amount of air in my tires right now","userDefined ":false}],"isTemplate":false}]
