[{"data":[{"text":"i need to include a stop at the pharmacy to the list of things to do","userDefined ":false}],"isTemplate":false},
{"data":[{"text":"mark down cleaning the bathroom on my list of things to do","userDefined ":false}],"isTemplate":false},
{"data":[{"text":"i need to do dishes put it on my to do list","userDefined ":false}],"isTemplate":false},
{"data":[{"text":"take watering the plants off of my to do list","userDefined ":false}],"isTemplate":false},
{"data":[{"text":"add clean the bathroom to my task list","userDefined ":false}],"isTemplate":false},
{"data":[{"text":"delete everything from the task list","userDefined ":false}],"isTemplate":false},
{"data":[{"text":"make my todo list blank","userDefined ":false}],"isTemplate":false},
{"data":[{"text":"help remind me that i need to add laundry to my list of housework","userDefined ":false}],"isTemplate":false},
{"data":[{"text":"add mop bathroom to my to do list","userDefined ":false}],"isTemplate":false},
{"data":[{"text":"can you place laundry on my to do list","userDefined ":false}],"isTemplate":false},
{"data":[{"text":"put wash the counters down on my list of pending tasks","userDefined ":false}],"isTemplate":false},
{"data":[{"text":"i want you to add cleaning the toilet to my to do list","userDefined ":false}],"isTemplate":false},
{"data":[{"text":"please also list wash laundry on my to do list","userDefined ":false}],"isTemplate":false},
{"data":[{"text":"put cleaning on my to do list","userDefined ":false}],"isTemplate":false},
{"data":[{"text":"please put washing the dishes on my list of tasks to accomplish","userDefined ":false}],"isTemplate":false},
{"data":[{"text":"throw mopping onto my to do list","userDefined ":false}],"isTemplate":false},
{"data":[{"text":"add do laundry to my to do list","userDefined ":false}],"isTemplate":false},
{"data":[{"text":"would you kindly remove five mile run from my list of things to do","userDefined ":false}],"isTemplate":false},
{"data":[{"text":"take doing the dishes off my todo list","userDefined ":false}],"isTemplate":false},
{"data":[{"text":"can you add a trip to the post office to my to do list, please","userDefined ":false}],"isTemplate":false},
{"data":[{"text":"can you kindly clear my agenda list","userDefined ":false}],"isTemplate":false},
{"data":[{"text":"please get rid off everything on my to do list","userDefined ":false}],"isTemplate":false},
{"data":[{"text":"will you add mopping to my to do list please","userDefined ":false}],"isTemplate":false},
{"data":[{"text":"on my to do list, add exercising","userDefined ":false}],"isTemplate":false},
{"data":[{"text":"erase all items on my todo list","userDefined ":false}],"isTemplate":false},
{"data":[{"text":"on my to do list, add dishes","userDefined ":false}],"isTemplate":false},
{"data":[{"text":"will you make sure that mopping is on my to do list","userDefined ":false}],"isTemplate":false},
{"data":[{"text":"please remind me to add laundry to my list of chores","userDefined ":false}],"isTemplate":false},
{"data":[{"text":"add washing dishes to my to do list","userDefined ":false}],"isTemplate":false},
{"data":[{"text":"will you please put remember to drop off at the dry cleaner's to my current to do list","userDefined ":false}],"isTemplate":false},
{"data":[{"text":"add cleaning to my to do list","userDefined ":false}],"isTemplate":false},
{"data":[{"text":"nix folding laundry from my todo list","userDefined ":false}],"isTemplate":false},
{"data":[{"text":"to my domestic task list please add paint kitchen","userDefined ":false}],"isTemplate":false},
{"data":[{"text":"add to my task list get carpet cleaned","userDefined ":false}],"isTemplate":false},
{"data":[{"text":"can you please add take out recycling on my list of chores to complete","userDefined ":false}],"isTemplate":false},
{"data":[{"text":"add laundry to my list of shit to do","userDefined ":false}],"isTemplate":false},
{"data":[{"text":"add clean bathroom to my to do list","userDefined ":false}],"isTemplate":false},
{"data":[{"text":"remove all items from todo list","userDefined ":false}],"isTemplate":false},
{"data":[{"text":"blank out my todo list","userDefined ":false}],"isTemplate":false},
{"data":[{"text":"put buy dog food on my to do list","userDefined ":false}],"isTemplate":false},
{"data":[{"text":"please include laundry on my to do list","userDefined ":false}],"isTemplate":false},
{"data":[{"text":"erase get a haircut from my to do list, please","userDefined ":false}],"isTemplate":false},
{"data":[{"text":"will you put change the light bulbs on my list of things to do","userDefined ":false}],"isTemplate":false},
{"data":[{"text":"delete everything on my to do list","userDefined ":false}],"isTemplate":false},
{"data":[{"text":"you can remove vacuuming off the todo list","userDefined ":false}],"isTemplate":false},
{"data":[{"text":"please erase everything on my to do list","userDefined ":false}],"isTemplate":false},
{"data":[{"text":"cross volunteering off my todo list","userDefined ":false}],"isTemplate":false},
{"data":[{"text":"on my list of things to do, add cleaning","userDefined ":false}],"isTemplate":false},
{"data":[{"text":"on my to do list, i need cleaning added","userDefined ":false}],"isTemplate":false},
{"data":[{"text":"on my to do list, add cleaning","userDefined ":false}],"isTemplate":false}]