[{"data":[{"text":"go ahead and say all of the points on my list of to-do's please","userDefined ":false}],"isTemplate":false},
{"data":[{"text":"let's go through my to do list items please","userDefined ":false}],"isTemplate":false},
{"data":[{"text":"can you please tell me what is on my to-do list","userDefined ":false}],"isTemplate":false},
{"data":[{"text":"can i hear the complete to do list just dictated","userDefined ":false}],"isTemplate":false},
{"data":[{"text":"i need to know if sorting the mail is on my to do list","userDefined ":false}],"isTemplate":false},
{"data":[{"text":"i need my todo list read","userDefined ":false}],"isTemplate":false},
{"data":[{"text":"what is on my to do list","userDefined ":false}],"isTemplate":false},
{"data":[{"text":"what are the things that i have for today","userDefined ":false}],"isTemplate":false},
{"data":[{"text":"is cleaning the kitchen coming up on my list of things i have to do today","userDefined ":false}],"isTemplate":false},
{"data":[{"text":"i need to hear my todo list","userDefined ":false}],"isTemplate":false},
{"data":[{"text":"do i already have a task on my todo list to research delaware","userDefined ":false}],"isTemplate":false},
{"data":[{"text":"what items do i need to do","userDefined ":false}],"isTemplate":false},
{"data":[{"text":"please tell me all items on my todo list","userDefined ":false}],"isTemplate":false},
{"data":[{"text":"do i have an item on my todo list related to shopping","userDefined ":false}],"isTemplate":false},
{"data":[{"text":"what do i have on my need to do list","userDefined ":false}],"isTemplate":false},
{"data":[{"text":"please inform me of what tasks i have listed on my to do list","userDefined ":false}],"isTemplate":false},
{"data":[{"text":"does my errand list have goodwill on it","userDefined ":false}],"isTemplate":false},
{"data":[{"text":"did i create a task to clean the gutters on my list","userDefined ":false}],"isTemplate":false},
{"data":[{"text":"can you tell me the tasks on my to-do list","userDefined ":false}],"isTemplate":false},
{"data":[{"text":"i need to know what my to-do list is looking like","userDefined ":false}],"isTemplate":false},
{"data":[{"text":"i need to know everything on my to do list currently","userDefined ":false}],"isTemplate":false},
{"data":[{"text":"tell me the content of my to do list today","userDefined ":false}],"isTemplate":false},
{"data":[{"text":"read back my to do list","userDefined ":false}],"isTemplate":false},
{"data":[{"text":"do i have get an oil change on my todo list","userDefined ":false}],"isTemplate":false},
{"data":[{"text":"can you look to see whether feeding the fish is on my to do list","userDefined ":false}],"isTemplate":false},
{"data":[{"text":"did i remember to add buy flowers to my chore list today","userDefined ":false}],"isTemplate":false},
{"data":[{"text":"i need to know what tasks are on my to-do list","userDefined ":false}],"isTemplate":false},
{"data":[{"text":"how many chores are on my todo list","userDefined ":false}],"isTemplate":false},
{"data":[{"text":"can you tell me my to do list","userDefined ":false}],"isTemplate":false},
{"data":[{"text":"what do i have left to do on my to-do list","userDefined ":false}],"isTemplate":false},
{"data":[{"text":"do i have brush my teeth on my todo list","userDefined ":false}],"isTemplate":false},
{"data":[{"text":"read my complete todo list to me","userDefined ":false}],"isTemplate":false},
{"data":[{"text":"tell me what is on the list of things to do","userDefined ":false}],"isTemplate":false},
{"data":[{"text":"i wonder what my to-do list looks like for today","userDefined ":false}],"isTemplate":false},
{"data":[{"text":"read my to-do list to me","userDefined ":false}],"isTemplate":false},
{"data":[{"text":"is studying for the chem exam on my todo list","userDefined ":false}],"isTemplate":false},
{"data":[{"text":"read to me my to do list","userDefined ":false}],"isTemplate":false},
{"data":[{"text":"tell me what things i need to accomplish per my to do list, please","userDefined ":false}],"isTemplate":false},
{"data":[{"text":"is fixing mom's kitchen blind on my to do list","userDefined ":false}],"isTemplate":false},
{"data":[{"text":"let me hear all of the items on my to do list, please","userDefined ":false}],"isTemplate":false},
{"data":[{"text":"check my to do list to see if jewelry repair is listed","userDefined ":false}],"isTemplate":false},
{"data":[{"text":"can you tell me all of the things on my to do list for tomorrow, please","userDefined ":false}],"isTemplate":false},
{"data":[{"text":"repeat my to do list to me, please","userDefined ":false}],"isTemplate":false},
{"data":[{"text":"check my domestic to do list for carpet cleaning","userDefined ":false}],"isTemplate":false},
{"data":[{"text":"can you tell me the items on my to do list","userDefined ":false}],"isTemplate":false},
{"data":[{"text":"please tell me all the items on my to do list right now","userDefined ":false}],"isTemplate":false},
{"data":[{"text":"have i set aside a time on my to do list to do my taxes","userDefined ":false}],"isTemplate":false},
{"data":[{"text":"do i have a car wash scheduled on my to do list","userDefined ":false}],"isTemplate":false},
{"data":[{"text":"i need to know if cleaning out the fridge is on my to do list","userDefined ":false}],"isTemplate":false},
{"data":[{"text":"did i put unpacking groceries on my to do list","userDefined ":false}],"isTemplate":false}]