[{"data":[{"text":"if i'm heading to the mall at 5:00, what will the traffic be like","userDefined ":false}],"isTemplate":false},
{"data":[{"text":"give me an idea of traffic on the way to the doctors office at 6","userDefined ":false}],"isTemplate":false},
{"data":[{"text":"is the traffic bad on the way to work","userDefined ":false}],"isTemplate":false},
{"data":[{"text":"give me the traffic at lexington","userDefined ":false}],"isTemplate":false},
{"data":[{"text":"what does traffic look like at 9 en route to the aquarium","userDefined ":false}],"isTemplate":false},
{"data":[{"text":"has the ice made traffic messy on the way to walmart","userDefined ":false}],"isTemplate":false},
{"data":[{"text":"what is the traffic like on the way to town","userDefined ":false}],"isTemplate":false},
{"data":[{"text":"is traffic bad on my way to the next mcdonalds","userDefined ":false}],"isTemplate":false},
{"data":[{"text":"what is the traffic nearest lexington","userDefined ":false}],"isTemplate":false},
{"data":[{"text":"i need to know what traffic will be like in temp","userDefined ":false}],"isTemplate":false},
{"data":[{"text":"at around noon what is the traffic typically like on the route to the hopsital","userDefined ":false}],"isTemplate":false},
{"data":[{"text":"i must know what the traffic typically like at 3:30 on the route to phoenix","userDefined ":false}],"isTemplate":false},
{"data":[{"text":"what's the traffic like on the way to walmart","userDefined ":false}],"isTemplate":false},
{"data":[{"text":"i'm going to the mall at 5:00 what will traffic be like","userDefined ":false}],"isTemplate":false},
{"data":[{"text":"are there alot of cars on the road before the stadium","userDefined ":false}],"isTemplate":false},
{"data":[{"text":"how's traffic en route to virginia","userDefined ":false}],"isTemplate":false},
{"data":[{"text":"what is the traffic like on the way to north shore","userDefined ":false}],"isTemplate":false},
{"data":[{"text":"i need to know what the traffic is like on the way to phoenix","userDefined ":false}],"isTemplate":false},
{"data":[{"text":"will i be able to get to the mall at 5:00, or will there be a lot of traffic","userDefined ":false}],"isTemplate":false},
{"data":[{"text":"tell me what the traffic is like on the way to phoenix","userDefined ":false}],"isTemplate":false},
{"data":[{"text":"is there traffic to work","userDefined ":false}],"isTemplate":false},
{"data":[{"text":"what is the traffic like","userDefined ":false}],"isTemplate":false},
{"data":[{"text":"what's the traffic like on my way to the terminal","userDefined ":false}],"isTemplate":false},
{"data":[{"text":"is traffic bad on the parkway","userDefined ":false}],"isTemplate":false},
{"data":[{"text":"let me know the traffic in tempe","userDefined ":false}],"isTemplate":false},
{"data":[{"text":"what is the traffic like on the way to work","userDefined ":false}],"isTemplate":false},
{"data":[{"text":"is the traffic typically bad at noon on the route to the hopsital","userDefined ":false}],"isTemplate":false},
{"data":[{"text":"how is the traffic on the way to work","userDefined ":false}],"isTemplate":false},
{"data":[{"text":"what is the traffic like on the way to makaha","userDefined ":false}],"isTemplate":false},
{"data":[{"text":"how is the traffic like on my way to fairfield","userDefined ":false}],"isTemplate":false},
{"data":[{"text":"what's the traffic like to city hall","userDefined ":false}],"isTemplate":false},
{"data":[{"text":"how bad is traffic at 8 on the way to burger king","userDefined ":false}],"isTemplate":false},
{"data":[{"text":"is there any traffic congestion on my way to the closest whole foods","userDefined ":false}],"isTemplate":false},
{"data":[{"text":"what is the traffic situation at the olive garden restaurant","userDefined ":false}],"isTemplate":false},
{"data":[{"text":"how is the traffic at the nearest wal-mart pharmacy","userDefined ":false}],"isTemplate":false},
{"data":[{"text":"is the expressway slow this morning","userDefined ":false}],"isTemplate":false},
{"data":[{"text":"what is the traffic like at the closest safeway grocery store","userDefined ":false}],"isTemplate":false},
{"data":[{"text":"how is the traffic near lexington","userDefined ":false}],"isTemplate":false},
{"data":[{"text":"is there traffic on my way to work today","userDefined ":false}],"isTemplate":false},
{"data":[{"text":"is there traffic up ahead","userDefined ":false}],"isTemplate":false},
{"data":[{"text":"tell me how traffic is looking on the interstate","userDefined ":false}],"isTemplate":false},
{"data":[{"text":"is there traffic on bramble lane","userDefined ":false}],"isTemplate":false},
{"data":[{"text":"how is the traffic typically at noon on the route to hospital","userDefined ":false}],"isTemplate":false},
{"data":[{"text":"what is the traffic like on the way to kaneohe","userDefined ":false}],"isTemplate":false},
{"data":[{"text":"how clogged are the streets before the stadium","userDefined ":false}],"isTemplate":false},
{"data":[{"text":"is there traffic on my way to work","userDefined ":false}],"isTemplate":false},
{"data":[{"text":"traffic looking alright going towards burger king","userDefined ":false}],"isTemplate":false},
{"data":[{"text":"i gotta know what the traffic is like on the way to phoenix","userDefined ":false}],"isTemplate":false},
{"data":[{"text":"how's highway traffic today","userDefined ":false}],"isTemplate":false},
{"data":[{"text":"what's the traffic like on the way to the water slides","userDefined ":false}],"isTemplate":false}]