[{"data":[{"text":"how can i send money from one account to another","userDefined ":false}],"isTemplate":false},
{"data":[{"text":"transfer $500 from my checking to my savings","userDefined ":false}],"isTemplate":false},
{"data":[{"text":"transfer $20000 from my savings account to checking account","userDefined ":false}],"isTemplate":false},
{"data":[{"text":"i need to transfer from this account to that one","userDefined ":false}],"isTemplate":false},
{"data":[{"text":"i would like to transfer $5 from savings to checking","userDefined ":false}],"isTemplate":false},
{"data":[{"text":"please transfer $100 from my checking to my savings account","userDefined ":false}],"isTemplate":false},
{"data":[{"text":"send my money between accounts","userDefined ":false}],"isTemplate":false},
{"data":[{"text":"take $40 from account a and transfer it to account b","userDefined ":false}],"isTemplate":false},
{"data":[{"text":"help me transfer $x from credit to debit","userDefined ":false}],"isTemplate":false},
{"data":[{"text":"i need to throw some money into that other account","userDefined ":false}],"isTemplate":false},
{"data":[{"text":"i want you to send ten dollars from bank of america to capital one","userDefined ":false}],"isTemplate":false},
{"data":[{"text":"make a transfer of $200 from my savings account to my checking account","userDefined ":false}],"isTemplate":false},
{"data":[{"text":"let's send some money to another account","userDefined ":false}],"isTemplate":false},
{"data":[{"text":"transfer 100 dollars between checking and savings","userDefined ":false}],"isTemplate":false},
{"data":[{"text":"what is the process to move money from one account to another","userDefined ":false}],"isTemplate":false},
{"data":[{"text":"put $20000 into my checking account from my savings account","userDefined ":false}],"isTemplate":false},
{"data":[{"text":"send 400 dollars between city bank and usaa accounts","userDefined ":false}],"isTemplate":false},
{"data":[{"text":"transfer fifty dollars between my chase and bank of america account","userDefined ":false}],"isTemplate":false},
{"data":[{"text":"can you transfer money from my account","userDefined ":false}],"isTemplate":false},
{"data":[{"text":"send 50 dollars between bank of america and chase accounts","userDefined ":false}],"isTemplate":false},
{"data":[{"text":"help me move my money please","userDefined ":false}],"isTemplate":false},
{"data":[{"text":"can we wire some money over to the other account i have","userDefined ":false}],"isTemplate":false},
{"data":[{"text":"take $20000 from savings and put it in checking","userDefined ":false}],"isTemplate":false},
{"data":[{"text":"transfer $10 from checking to savings","userDefined ":false}],"isTemplate":false},
{"data":[{"text":"transfer 100 dollars checking to savings","userDefined ":false}],"isTemplate":false},
{"data":[{"text":"send 2000 dollars between chase and rabobank accounts","userDefined ":false}],"isTemplate":false},
{"data":[{"text":"put $40 from account a to b","userDefined ":false}],"isTemplate":false},
{"data":[{"text":"i would like to make a transfer","userDefined ":false}],"isTemplate":false},
{"data":[{"text":"i have to transfer ten dollars from my bank of america account to my capital one account","userDefined ":false}],"isTemplate":false},
{"data":[{"text":"i need you to send 500 dollars from my high tier account to my regular checking account","userDefined ":false}],"isTemplate":false},
{"data":[{"text":"send money from one account to another","userDefined ":false}],"isTemplate":false},
{"data":[{"text":"transfer money from one place to another","userDefined ":false}],"isTemplate":false},
{"data":[{"text":"i need to transfer ten dollars from my bank of america account to my capital one account","userDefined ":false}],"isTemplate":false},
{"data":[{"text":"please transfer my funds","userDefined ":false}],"isTemplate":false},
{"data":[{"text":"move $40 from account b to account a","userDefined ":false}],"isTemplate":false},
{"data":[{"text":"can i initiate a one-time transfer from my savings account to my money market account","userDefined ":false}],"isTemplate":false},
{"data":[{"text":"please switch $s checking to mortage","userDefined ":false}],"isTemplate":false},
{"data":[{"text":"deposit ten bucks from my chase account to my ally account","userDefined ":false}],"isTemplate":false},
{"data":[{"text":"please transfer 100 dollars between my amazon payments and savings accounts","userDefined ":false}],"isTemplate":false},
{"data":[{"text":"move 100 dollars from checking to savings","userDefined ":false}],"isTemplate":false},
{"data":[{"text":"send money to another account","userDefined ":false}],"isTemplate":false},
{"data":[{"text":"transfer two hundred dollars between my portfolio and my money market account","userDefined ":false}],"isTemplate":false},
{"data":[{"text":"send 100 dollars from checking to savings","userDefined ":false}],"isTemplate":false},
{"data":[{"text":"transfer $500 from my money market savings account to my checking account","userDefined ":false}],"isTemplate":false},
{"data":[{"text":"send $5 from savings to checking","userDefined ":false}],"isTemplate":false},
{"data":[{"text":"take $40 and transfer it to account a from b","userDefined ":false}],"isTemplate":false},
{"data":[{"text":"i need to move money from one account to another","userDefined ":false}],"isTemplate":false},
{"data":[{"text":"i need ten dollars sent from b of a to washington mutual","userDefined ":false}],"isTemplate":false},
{"data":[{"text":"i want seventy bucks transferred from b of a to chase","userDefined ":false}],"isTemplate":false},
{"data":[{"text":"i need my money to be moved","userDefined ":false}],"isTemplate":false}]
