[{"data":[{"text":"pull up my grocery transactions","userDefined ":false}],"isTemplate":false},
{"data":[{"text":"i want to see my entertainment transactions","userDefined ":false}],"isTemplate":false},
{"data":[{"text":"what transactions did i make yesterday at the flea market","userDefined ":false}],"isTemplate":false},
{"data":[{"text":"please give me my last ten debit card transactions in the month of december","userDefined ":false}],"isTemplate":false},
{"data":[{"text":"how expensive was my most recent transaction","userDefined ":false}],"isTemplate":false},
{"data":[{"text":"please tell me all of my recent transactions","userDefined ":false}],"isTemplate":false},
{"data":[{"text":"on my card what all are my latest transactions","userDefined ":false}],"isTemplate":false},
{"data":[{"text":"can you show me the transactions that were made last night at the restaurant","userDefined ":false}],"isTemplate":false},
{"data":[{"text":"can i get my transactions for the date of the 23rd","userDefined ":false}],"isTemplate":false},
{"data":[{"text":"help me get access to my recent transaction history","userDefined ":false}],"isTemplate":false},
{"data":[{"text":"i need a recent transaction looked into","userDefined ":false}],"isTemplate":false},
{"data":[{"text":"show me my transactions on clothes at macys","userDefined ":false}],"isTemplate":false},
{"data":[{"text":"what was the last thing i purchased","userDefined ":false}],"isTemplate":false},
{"data":[{"text":"can i see my transactions on the 7th","userDefined ":false}],"isTemplate":false},
{"data":[{"text":"bring up my most recent purchases","userDefined ":false}],"isTemplate":false},
{"data":[{"text":"please tell me all the transactions i've made recently","userDefined ":false}],"isTemplate":false},
{"data":[{"text":"show me the transaction on macys","userDefined ":false}],"isTemplate":false},
{"data":[{"text":"i need to know the transactions i made on the 10th","userDefined ":false}],"isTemplate":false},
{"data":[{"text":"before i pay my capital one, what are the most recent transactions i've made","userDefined ":false}],"isTemplate":false},
{"data":[{"text":"can you check on a transaction for me","userDefined ":false}],"isTemplate":false},
{"data":[{"text":"open yesterday's last payment","userDefined ":false}],"isTemplate":false},
{"data":[{"text":"what was my last transaction","userDefined ":false}],"isTemplate":false},
{"data":[{"text":"show me transactions related to travel","userDefined ":false}],"isTemplate":false},
{"data":[{"text":"what were my purchases on visa card last month","userDefined ":false}],"isTemplate":false},
{"data":[{"text":"show my transaction statement","userDefined ":false}],"isTemplate":false},
{"data":[{"text":"let me check my transaction on my citi card","userDefined ":false}],"isTemplate":false},
{"data":[{"text":"show me my transactions on make up at sephora","userDefined ":false}],"isTemplate":false},
{"data":[{"text":"i need to know last months transactions","userDefined ":false}],"isTemplate":false},
{"data":[{"text":"what did i buy last","userDefined ":false}],"isTemplate":false},
{"data":[{"text":"can you list all recent transactions","userDefined ":false}],"isTemplate":false},
{"data":[{"text":"show me recent transactions","userDefined ":false}],"isTemplate":false},
{"data":[{"text":"what did i spend at target on my barclays card last month","userDefined ":false}],"isTemplate":false},
{"data":[{"text":"let me know the list of transaction on my first hawaiian bank","userDefined ":false}],"isTemplate":false},
{"data":[{"text":"i need to know something about my latest transaction","userDefined ":false}],"isTemplate":false},
{"data":[{"text":"show me the last five transactions","userDefined ":false}],"isTemplate":false},
{"data":[{"text":"i need to see my shopping transactions","userDefined ":false}],"isTemplate":false},
{"data":[{"text":"show me the transaction on the food","userDefined ":false}],"isTemplate":false},
{"data":[{"text":"whats my recent transactions on my card","userDefined ":false}],"isTemplate":false},
{"data":[{"text":"i would like to take a look at my transaction history","userDefined ":false}],"isTemplate":false},
{"data":[{"text":"pull up my recent transactions on my mastercard","userDefined ":false}],"isTemplate":false},
{"data":[{"text":"read off to me the last five transactions i've made","userDefined ":false}],"isTemplate":false},
{"data":[{"text":"can i see my transactions from yesterday","userDefined ":false}],"isTemplate":false},
{"data":[{"text":"on my card what have been my recent purchases","userDefined ":false}],"isTemplate":false},
{"data":[{"text":"show me the last month of transactions","userDefined ":false}],"isTemplate":false},
{"data":[{"text":"i need some information on a recent transaction","userDefined ":false}],"isTemplate":false},
{"data":[{"text":"before i make my mastercard payment can you tell me what i've recently charged on it","userDefined ":false}],"isTemplate":false},
{"data":[{"text":"please tell me my in-person transactions for the last three days using my debit card","userDefined ":false}],"isTemplate":false},
{"data":[{"text":"when was my most recent transaction","userDefined ":false}],"isTemplate":false},
{"data":[{"text":"let me check my transaction for first bank card","userDefined ":false}],"isTemplate":false},
{"data":[{"text":"show me the transactions made on my business card for supplies last quarter","userDefined ":false}],"isTemplate":false}]
