[{"data":[{"text":"how would i say, 'i don't know the answer' in spanish","userDefined ":false}],"isTemplate":false},
{"data":[{"text":"how do they say \"how's it going\" in swahili","userDefined ":false}],"isTemplate":false},
{"data":[{"text":"how do i say you're welcome in chinese","userDefined ":false}],"isTemplate":false},
{"data":[{"text":"what is latin for i love you","userDefined ":false}],"isTemplate":false},
{"data":[{"text":"how do i say thank you in japanese","userDefined ":false}],"isTemplate":false},
{"data":[{"text":"how would i say i love you if i were french","userDefined ":false}],"isTemplate":false},
{"data":[{"text":"can you translate cat into russian for me","userDefined ":false}],"isTemplate":false},
{"data":[{"text":"how do you say i'm hungry in french","userDefined ":false}],"isTemplate":false},
{"data":[{"text":"how could i say twin in chinese","userDefined ":false}],"isTemplate":false},
{"data":[{"text":"can you translate where's the bar into irish for me","userDefined ":false}],"isTemplate":false},
{"data":[{"text":"i wanna know a phrase in spanish","userDefined ":false}],"isTemplate":false},
{"data":[{"text":"what words would i use to tell someone i am lost if i were japanese","userDefined ":false}],"isTemplate":false},
{"data":[{"text":"can you tell me how i would normally say thank you as a french person","userDefined ":false}],"isTemplate":false},
{"data":[{"text":"how do they say hello in brazil","userDefined ":false}],"isTemplate":false},
{"data":[{"text":"i wanna learn a phrase in russian","userDefined ":false}],"isTemplate":false},
{"data":[{"text":"what do i say for goodbye in hawaii","userDefined ":false}],"isTemplate":false},
{"data":[{"text":"can you translate good bye into russian for me","userDefined ":false}],"isTemplate":false},
{"data":[{"text":"what is thank you in spanish","userDefined ":false}],"isTemplate":false},
{"data":[{"text":"what is the way to say thank you in spanish","userDefined ":false}],"isTemplate":false},
{"data":[{"text":"translate hello in french","userDefined ":false}],"isTemplate":false},
{"data":[{"text":"can you tell me how to say 'i do not speak much spanish', in spanish","userDefined ":false}],"isTemplate":false},
{"data":[{"text":"how does one say thank you in spanish","userDefined ":false}],"isTemplate":false},
{"data":[{"text":"how do they say goodbye in hawaii","userDefined ":false}],"isTemplate":false},
{"data":[{"text":"what is spanish for hello","userDefined ":false}],"isTemplate":false},
{"data":[{"text":"can you translate hello into swedish for me","userDefined ":false}],"isTemplate":false},
{"data":[{"text":"how do they say \"i love you\" in japanese","userDefined ":false}],"isTemplate":false},
{"data":[{"text":"what is the correct way to say 'i am a visitor' in french","userDefined ":false}],"isTemplate":false},
{"data":[{"text":"what is spanish for good morning","userDefined ":false}],"isTemplate":false},
{"data":[{"text":"how do they say hello in france","userDefined ":false}],"isTemplate":false},
{"data":[{"text":"translate hello english to french","userDefined ":false}],"isTemplate":false},
{"data":[{"text":"how do they say yes in brazil","userDefined ":false}],"isTemplate":false},
{"data":[{"text":"how do vietnameses people say hello","userDefined ":false}],"isTemplate":false},
{"data":[{"text":"what spanish word means hello","userDefined ":false}],"isTemplate":false},
{"data":[{"text":"i would like to know how to say hello in french","userDefined ":false}],"isTemplate":false},
{"data":[{"text":"how do they say \"who is your father\" in german","userDefined ":false}],"isTemplate":false},
{"data":[{"text":"i would i say subway if i were english","userDefined ":false}],"isTemplate":false},
{"data":[{"text":"please translate grocery into french for me","userDefined ":false}],"isTemplate":false},
{"data":[{"text":"how do you say please in arabic","userDefined ":false}],"isTemplate":false},
{"data":[{"text":"how do germans say goodnight","userDefined ":false}],"isTemplate":false},
{"data":[{"text":"how would i say hello in french","userDefined ":false}],"isTemplate":false},
{"data":[{"text":"can you translate hi into spanish for me","userDefined ":false}],"isTemplate":false},
{"data":[{"text":"how do you say hi in french","userDefined ":false}],"isTemplate":false},
{"data":[{"text":"how do you say hello in french","userDefined ":false}],"isTemplate":false},
{"data":[{"text":"what is hello in french","userDefined ":false}],"isTemplate":false},
{"data":[{"text":"can you translate bowl into russian for me","userDefined ":false}],"isTemplate":false},
{"data":[{"text":"how would i say if i were english subway","userDefined ":false}],"isTemplate":false},
{"data":[{"text":"can you translate bat into russian for me","userDefined ":false}],"isTemplate":false},
{"data":[{"text":"what expression would i use to say i love you if i were an italian","userDefined ":false}],"isTemplate":false},
{"data":[{"text":"can you translate i love you into french for me","userDefined ":false}],"isTemplate":false},
{"data":[{"text":"how do i say hello in french","userDefined ":false}],"isTemplate":false}]