[{"data":[{"text":"tell me about any travel alerts issued for germany","userDefined ":false}],"isTemplate":false},
{"data":[{"text":"are there any travel alerts for syria","userDefined ":false}],"isTemplate":false},
{"data":[{"text":"is mexico a safe place","userDefined ":false}],"isTemplate":false},
{"data":[{"text":"what potential hazards are there for going to spain","userDefined ":false}],"isTemplate":false},
{"data":[{"text":"does south korea have any travel alerts i should be aware of","userDefined ":false}],"isTemplate":false},
{"data":[{"text":"i am going to be traveling in turkey, are there any alerts","userDefined ":false}],"isTemplate":false},
{"data":[{"text":"is it dangerous to travel to mexico","userDefined ":false}],"isTemplate":false},
{"data":[{"text":"i need to know about travel alerts for mexico","userDefined ":false}],"isTemplate":false},
{"data":[{"text":"where in the world is there a travel alert","userDefined ":false}],"isTemplate":false},
{"data":[{"text":"would it be safe to go to columbia","userDefined ":false}],"isTemplate":false},
{"data":[{"text":"is it safe to travel to norway","userDefined ":false}],"isTemplate":false},
{"data":[{"text":"can traveling to nepal be safe (what's safe in x)","userDefined ":false}],"isTemplate":false},
{"data":[{"text":"is there a travel alert for [country]","userDefined ":false}],"isTemplate":false},
{"data":[{"text":"can you tell me if germany issued any travel warnings","userDefined ":false}],"isTemplate":false},
{"data":[{"text":"what are today's travel advisories","userDefined ":false}],"isTemplate":false},
{"data":[{"text":"are there any travel alerts for ukraine","userDefined ":false}],"isTemplate":false},
{"data":[{"text":"are there travel alerts for europe","userDefined ":false}],"isTemplate":false},
{"data":[{"text":"is there a travel alert for spain","userDefined ":false}],"isTemplate":false},
{"data":[{"text":"does macedonia have any travel alerts i should be aware of","userDefined ":false}],"isTemplate":false},
{"data":[{"text":"look for travel alerts for china","userDefined ":false}],"isTemplate":false},
{"data":[{"text":"how safe is it to travel to mongolia (how safe is mongolia)","userDefined ":false}],"isTemplate":false},
{"data":[{"text":"inform me if there's a travel alert for the country","userDefined ":false}],"isTemplate":false},
{"data":[{"text":"i need to know the travel alerts for kenya","userDefined ":false}],"isTemplate":false},
{"data":[{"text":"are there any travel alerts for russia","userDefined ":false}],"isTemplate":false},
{"data":[{"text":"are there any travel alerts i should know about for buenos aires, argentina","userDefined ":false}],"isTemplate":false},
{"data":[{"text":"is there a travel alert for russia","userDefined ":false}],"isTemplate":false},
{"data":[{"text":"can you give me the travel alerts for jalisco, mexico","userDefined ":false}],"isTemplate":false},
{"data":[{"text":"is it safe to travel to china","userDefined ":false}],"isTemplate":false},
{"data":[{"text":"does ireland have any travel alerts i should be aware of","userDefined ":false}],"isTemplate":false},
{"data":[{"text":"is it safe to travel to iceland","userDefined ":false}],"isTemplate":false},
{"data":[{"text":"does spain have any travel alerts i should be aware of","userDefined ":false}],"isTemplate":false},
{"data":[{"text":"if i got to indonesia is it safe","userDefined ":false}],"isTemplate":false},
{"data":[{"text":"is there travel alerts for greece","userDefined ":false}],"isTemplate":false},
{"data":[{"text":"does russia have any travel alerts i should be aware of","userDefined ":false}],"isTemplate":false},
{"data":[{"text":"are there any new travel warnings for the us","userDefined ":false}],"isTemplate":false},
{"data":[{"text":"does italy have any travel alerts i should be aware of","userDefined ":false}],"isTemplate":false},
{"data":[{"text":"what are the latest travel alerts for dubai","userDefined ":false}],"isTemplate":false},
{"data":[{"text":"any travel alerts for canada","userDefined ":false}],"isTemplate":false},
{"data":[{"text":"does japan have any travel alerts i should be aware of","userDefined ":false}],"isTemplate":false},
{"data":[{"text":"is it safe to travel to russia","userDefined ":false}],"isTemplate":false},
{"data":[{"text":"i'd like to see if there's a travel alert for the country","userDefined ":false}],"isTemplate":false},
{"data":[{"text":"does the country have a travel alert","userDefined ":false}],"isTemplate":false},
{"data":[{"text":"are there any alerts for travelling to beirut","userDefined ":false}],"isTemplate":false},
{"data":[{"text":"can i safely travel to brazil","userDefined ":false}],"isTemplate":false},
{"data":[{"text":"does kenya have any travel alerts right now","userDefined ":false}],"isTemplate":false},
{"data":[{"text":"are there any travel alerts for north korea","userDefined ":false}],"isTemplate":false},
{"data":[{"text":"what travel alerts are there in china","userDefined ":false}],"isTemplate":false},
{"data":[{"text":"does china have any travel alerts i should be aware of","userDefined ":false}],"isTemplate":false},
{"data":[{"text":"is new caledonia safer than other countries","userDefined ":false}],"isTemplate":false},
{"data":[{"text":"does germany have any travel alerts i should be aware of","userDefined ":false}],"isTemplate":false}]
