[{"data":[{"text":"what kind of entertainment is available in chicago","userDefined ":false}],"isTemplate":false},
{"data":[{"text":"what are the main attractions in gatlinburg","userDefined ":false}],"isTemplate":false},
{"data":[{"text":"what are some fun things i can partake in in atlanta","userDefined ":false}],"isTemplate":false},
{"data":[{"text":"help me find things to do in nashville","userDefined ":false}],"isTemplate":false},
{"data":[{"text":"please suggest some fun tourist activities in tokyo","userDefined ":false}],"isTemplate":false},
{"data":[{"text":"are there any interesting things to do in atlanta, georgia","userDefined ":false}],"isTemplate":false},
{"data":[{"text":"when visiting chicago, what things can i do there","userDefined ":false}],"isTemplate":false},
{"data":[{"text":"where should i travel if i want to visit some history museums","userDefined ":false}],"isTemplate":false},
{"data":[{"text":"where is the best winery in the south of france","userDefined ":false}],"isTemplate":false},
{"data":[{"text":"where should i book my next trip","userDefined ":false}],"isTemplate":false},
{"data":[{"text":"what's a good use of my time in toronto","userDefined ":false}],"isTemplate":false},
{"data":[{"text":"name some things i should do while in evans","userDefined ":false}],"isTemplate":false},
{"data":[{"text":"what do tourists do in tokyo","userDefined ":false}],"isTemplate":false},
{"data":[{"text":"what's there to do in seattle","userDefined ":false}],"isTemplate":false},
{"data":[{"text":"what's the funnest thing for a tourist to do in iceland","userDefined ":false}],"isTemplate":false},
{"data":[{"text":"what do people in sioux falls do for fun","userDefined ":false}],"isTemplate":false},
{"data":[{"text":"show me some things to do in gatlinburg","userDefined ":false}],"isTemplate":false},
{"data":[{"text":"name some tourist things to do in chicago","userDefined ":false}],"isTemplate":false},
{"data":[{"text":"what kinds of fun touristy things are there to do in boston","userDefined ":false}],"isTemplate":false},
{"data":[{"text":"what are some hot travel destinations","userDefined ":false}],"isTemplate":false},
{"data":[{"text":"what are some fun things to do in sweden","userDefined ":false}],"isTemplate":false},
{"data":[{"text":"where should i travel if i want to go to a nice beach","userDefined ":false}],"isTemplate":false},
{"data":[{"text":"where's a good place to go if i want to see mountains","userDefined ":false}],"isTemplate":false},
{"data":[{"text":"what do you suggest for entertainment in tampa, florida","userDefined ":false}],"isTemplate":false},
{"data":[{"text":"what are some touristy things to do in boston","userDefined ":false}],"isTemplate":false},
{"data":[{"text":"what's a good place to travel to","userDefined ":false}],"isTemplate":false},
{"data":[{"text":"are there any fun tourist activities in australia","userDefined ":false}],"isTemplate":false},
{"data":[{"text":"what things can i do in portland","userDefined ":false}],"isTemplate":false},
{"data":[{"text":"can you give me some suggestions to go site seeing when i get there","userDefined ":false}],"isTemplate":false},
{"data":[{"text":"name the five star attractions in gatlinburg","userDefined ":false}],"isTemplate":false},
{"data":[{"text":"is there anything fun to do in berlin","userDefined ":false}],"isTemplate":false},
{"data":[{"text":"do you know of any activities in nashville","userDefined ":false}],"isTemplate":false},
{"data":[{"text":"is there anything fun to do in manassas, virginia","userDefined ":false}],"isTemplate":false},
{"data":[{"text":"in austin, what are some tourist things to do","userDefined ":false}],"isTemplate":false},
{"data":[{"text":"are there any fun tourist things to do in boston","userDefined ":false}],"isTemplate":false},
{"data":[{"text":"what do you recommend to do in vegas","userDefined ":false}],"isTemplate":false},
{"data":[{"text":"tell me some things to see in tampa","userDefined ":false}],"isTemplate":false},
{"data":[{"text":"where should i travel to next","userDefined ":false}],"isTemplate":false},
{"data":[{"text":"what experiences does kentucky offer","userDefined ":false}],"isTemplate":false},
{"data":[{"text":"what can i do in nashville","userDefined ":false}],"isTemplate":false},
{"data":[{"text":"what things are there to do in portland","userDefined ":false}],"isTemplate":false},
{"data":[{"text":"give me some awesome travel destinations","userDefined ":false}],"isTemplate":false},
{"data":[{"text":"what are some things i can do in portland","userDefined ":false}],"isTemplate":false},
{"data":[{"text":"name some tourist things to do in seattle","userDefined ":false}],"isTemplate":false},
{"data":[{"text":"what things are there to do in kentucky","userDefined ":false}],"isTemplate":false},
{"data":[{"text":"are there any interesting activities to do in austin","userDefined ":false}],"isTemplate":false},
{"data":[{"text":"what sites are there to see when in evans","userDefined ":false}],"isTemplate":false},
{"data":[{"text":"where should i spend my time off","userDefined ":false}],"isTemplate":false},
{"data":[{"text":"could you tell me what fun tourist things i could do in tokyo","userDefined ":false}],"isTemplate":false},
{"data":[{"text":"what's the best place to travel to this time of year","userDefined ":false}],"isTemplate":false}]