[{"data":[{"text":"i am going to south america, let my bank know","userDefined ":false}],"isTemplate":false},
{"data":[{"text":"i'm going to be in thailand from october 15th until october 23rd","userDefined ":false}],"isTemplate":false},
{"data":[{"text":"inform my bank that i'll be going to europe","userDefined ":false}],"isTemplate":false},
{"data":[{"text":"i let my bank know that i'm traveling to greece from march to april","userDefined ":false}],"isTemplate":false},
{"data":[{"text":"i need to let my bank know that i'll be travelling internationally","userDefined ":false}],"isTemplate":false},
{"data":[{"text":"let me bank know i will be in brazil from june 1st to july 1st","userDefined ":false}],"isTemplate":false},
{"data":[{"text":"let my bank know that i'll be in moscow, russia","userDefined ":false}],"isTemplate":false},
{"data":[{"text":"im going to be in slovakia from january 16th until january 19th","userDefined ":false}],"isTemplate":false},
{"data":[{"text":"i am going to asia in a bit, i should tell the bank","userDefined ":false}],"isTemplate":false},
{"data":[{"text":"please tell my bank that i will be traveling abroad","userDefined ":false}],"isTemplate":false},
{"data":[{"text":"how can i tell my bank i'm going to vietnam","userDefined ":false}],"isTemplate":false},
{"data":[{"text":"please let my bank know that i will be in uruguay from january to august","userDefined ":false}],"isTemplate":false},
{"data":[{"text":"notify my bank i'll be in rome from the 1st to the 17th","userDefined ":false}],"isTemplate":false},
{"data":[{"text":"inform my bank i will be travelling to central africa","userDefined ":false}],"isTemplate":false},
{"data":[{"text":"please tell my bank i will be in israel from the 6th to the 23rd","userDefined ":false}],"isTemplate":false},
{"data":[{"text":"im going to be in paraguay from january 7th until january 10th","userDefined ":false}],"isTemplate":false},
{"data":[{"text":"i'm travelling to seattle soon and want to inform my bank","userDefined ":false}],"isTemplate":false},
{"data":[{"text":"can you tell my bank that i'll be travelling internationally soon","userDefined ":false}],"isTemplate":false},
{"data":[{"text":"i'm travelling to spain soon and want to inform my bank","userDefined ":false}],"isTemplate":false},
{"data":[{"text":"alert my bank and let them know that i'm travelling to brussels","userDefined ":false}],"isTemplate":false},
{"data":[{"text":"i'm traveling to fresnosoon and want to inform my bank","userDefined ":false}],"isTemplate":false},
{"data":[{"text":"i need to let my bank know i am traveling to chicago","userDefined ":false}],"isTemplate":false},
{"data":[{"text":"i'm traveling to denmark soon and want to inform my bank","userDefined ":false}],"isTemplate":false},
{"data":[{"text":"please tell the bank i will be traveling internationally","userDefined ":false}],"isTemplate":false},
{"data":[{"text":"how do i inform my bank i'm going to paris","userDefined ":false}],"isTemplate":false},
{"data":[{"text":"can you let my bank know i'll be in uruguay from january to august","userDefined ":false}],"isTemplate":false},
{"data":[{"text":"tell my bank that i'll be in canada this weekend","userDefined ":false}],"isTemplate":false},
{"data":[{"text":"i'm traveling to england soon and want to inform my bank","userDefined ":false}],"isTemplate":false},
{"data":[{"text":"the bank should know i am going to asia soon","userDefined ":false}],"isTemplate":false},
{"data":[{"text":"from january to august, i will be in uruguay, please let me bank know","userDefined ":false}],"isTemplate":false},
{"data":[{"text":"let my bank know that i'm going to norway between march 3 and march 5","userDefined ":false}],"isTemplate":false},
{"data":[{"text":"i'm traveling to ca soon and want to inform my bank","userDefined ":false}],"isTemplate":false},
{"data":[{"text":"tell my bank that i'm going to france","userDefined ":false}],"isTemplate":false},
{"data":[{"text":"alert my bank and let them know that i'm travelling to stockholm","userDefined ":false}],"isTemplate":false},
{"data":[{"text":"i will be in uruguay from january to august, please let me bank know","userDefined ":false}],"isTemplate":false},
{"data":[{"text":"please let my bank know that i will be in rome from february 1 to march 1","userDefined ":false}],"isTemplate":false},
{"data":[{"text":"i'm traveling to belgium soon and want to inform my bank","userDefined ":false}],"isTemplate":false},
{"data":[{"text":"i am going out of country and need to inform my bank","userDefined ":false}],"isTemplate":false},
{"data":[{"text":"i'm traveling tony soon and want to inform my bank","userDefined ":false}],"isTemplate":false},
{"data":[{"text":"alert my bank and let them know that i'm travelling to china","userDefined ":false}],"isTemplate":false},
{"data":[{"text":"i'm travelling to boston soon and want to inform my bank","userDefined ":false}],"isTemplate":false},
{"data":[{"text":"inform my bank that i will be in rome from february 1 to march 1","userDefined ":false}],"isTemplate":false},
{"data":[{"text":"im going to be in canada from august 10th until august 12th","userDefined ":false}],"isTemplate":false},
{"data":[{"text":"i'll be out of the country soon, and want to notify my bank","userDefined ":false}],"isTemplate":false},
{"data":[{"text":"alert my bank and let them know that i'm travelling to switzerland","userDefined ":false}],"isTemplate":false},
{"data":[{"text":"mark down that i will be in rome from february 1 to march 1 and notify my bank","userDefined ":false}],"isTemplate":false},
{"data":[{"text":"i am going out of country and my bank needs to be notified","userDefined ":false}],"isTemplate":false},
{"data":[{"text":"tell my bank i am taking a trip to brazil from june 1st to july 1st","userDefined ":false}],"isTemplate":false},
{"data":[{"text":"how can i let my bank know i'm going to denmark","userDefined ":false}],"isTemplate":false},
{"data":[{"text":"i'm going to paris soon and want to let my bank know, how do i do that","userDefined ":false}],"isTemplate":false}]