[{"data":[{"text":"i would like an uber please","userDefined ":false}],"isTemplate":false},
{"data":[{"text":"can i get an uber for five people to go to the national gallery of art","userDefined ":false}],"isTemplate":false},
{"data":[{"text":"we need an uber pool for 2 passengers going to the greenboro airport","userDefined ":false}],"isTemplate":false},
{"data":[{"text":"i need an uber to the doctor","userDefined ":false}],"isTemplate":false},
{"data":[{"text":"can i get an uber to union station for 3 riders","userDefined ":false}],"isTemplate":false},
{"data":[{"text":"please book me an uber and enter destination penn station, new york","userDefined ":false}],"isTemplate":false},
{"data":[{"text":"i need to uber somewhere","userDefined ":false}],"isTemplate":false},
{"data":[{"text":"can you get me an uber to the science museum","userDefined ":false}],"isTemplate":false},
{"data":[{"text":"i need an uber for 7 people to go to safire restaurant","userDefined ":false}],"isTemplate":false},
{"data":[{"text":"i would like to get an uber to the movies","userDefined ":false}],"isTemplate":false},
{"data":[{"text":"ai i have 4 people need to get to get me uber","userDefined ":false}],"isTemplate":false},
{"data":[{"text":"get an uber to take me to my brother's house in mineola","userDefined ":false}],"isTemplate":false},
{"data":[{"text":"ai i need to go to charlies with eight adults can you get uber","userDefined ":false}],"isTemplate":false},
{"data":[{"text":"i need an uber for 2 for orlando","userDefined ":false}],"isTemplate":false},
{"data":[{"text":"can you send me an uber to go to a restaurant in downtown phoenix","userDefined ":false}],"isTemplate":false},
{"data":[{"text":"i want to reserve an uber to go to the airport","userDefined ":false}],"isTemplate":false},
{"data":[{"text":"call an uber to mark's house","userDefined ":false}],"isTemplate":false},
{"data":[{"text":"i would like to request an uber please","userDefined ":false}],"isTemplate":false},
{"data":[{"text":"can i get an uber for 4 to the mall","userDefined ":false}],"isTemplate":false},
{"data":[{"text":"i need to get an uber for three people to go to the zoo","userDefined ":false}],"isTemplate":false},
{"data":[{"text":"i need an uber reserved to take me to the restaurant","userDefined ":false}],"isTemplate":false},
{"data":[{"text":"get an uber to the airport","userDefined ":false}],"isTemplate":false},
{"data":[{"text":"are there any ubers available that fit 5 people we are going to wendys","userDefined ":false}],"isTemplate":false},
{"data":[{"text":"i need an uber that fits ten people to go to chipotle","userDefined ":false}],"isTemplate":false},
{"data":[{"text":"get me an uber for 4 heading to miam","userDefined ":false}],"isTemplate":false},
{"data":[{"text":"call an uber to mcdonalds","userDefined ":false}],"isTemplate":false},
{"data":[{"text":"schedule an uber for 3 to go to the airport","userDefined ":false}],"isTemplate":false},
{"data":[{"text":"i want to get an uber for one person to go to the library","userDefined ":false}],"isTemplate":false},
{"data":[{"text":"i need an uber for 3 passengers to go to madison square garden","userDefined ":false}],"isTemplate":false},
{"data":[{"text":"schedule an uber to the mall","userDefined ":false}],"isTemplate":false},
{"data":[{"text":"i want to book uber for 3 people to union station","userDefined ":false}],"isTemplate":false},
{"data":[{"text":"find an uber xl to take me to the kroger near me","userDefined ":false}],"isTemplate":false},
{"data":[{"text":"i would like an uber going to atlantic city, new jersey","userDefined ":false}],"isTemplate":false},
{"data":[{"text":"can i get a car to the baseball field for 12","userDefined ":false}],"isTemplate":false},
{"data":[{"text":"call an uber that fits 5 people that are on their way to wendys","userDefined ":false}],"isTemplate":false},
{"data":[{"text":"i am stranded and need uber","userDefined ":false}],"isTemplate":false},
{"data":[{"text":"schedule me an uber to the mall","userDefined ":false}],"isTemplate":false},
{"data":[{"text":"i need to catch an uber to cal expo","userDefined ":false}],"isTemplate":false},
{"data":[{"text":"please order an uber for me to go to the zoo","userDefined ":false}],"isTemplate":false},
{"data":[{"text":"i need an uber to class tonight on the mainline campus","userDefined ":false}],"isTemplate":false},
{"data":[{"text":"please book an uber for chima's","userDefined ":false}],"isTemplate":false},
{"data":[{"text":"help me get an uber to ann arbor","userDefined ":false}],"isTemplate":false},
{"data":[{"text":"uber, i have 3 people who are going to union station","userDefined ":false}],"isTemplate":false},
{"data":[{"text":"set me up with an uber","userDefined ":false}],"isTemplate":false},
{"data":[{"text":"i would like an uber going to the train station, please","userDefined ":false}],"isTemplate":false},
{"data":[{"text":"can you please reserve my uber to go to devon's seafood restaurant","userDefined ":false}],"isTemplate":false},
{"data":[{"text":"can you call an uber for 2 to go to proof on main","userDefined ":false}],"isTemplate":false},
{"data":[{"text":"i am in need of an uber to the hospital","userDefined ":false}],"isTemplate":false},
{"data":[{"text":"i need an uber to times square asap","userDefined ":false}],"isTemplate":false},
{"data":[{"text":"i want an uber","userDefined ":false}],"isTemplate":false}]
