[{"data":[{"text":"add one by metallica to my playlist","userDefined ":false}],"isTemplate":false},
{"data":[{"text":"please add roar by katy perry to my playlist","userDefined ":false}],"isTemplate":false},
{"data":[{"text":"add a song to my rock playlist","userDefined ":false}],"isTemplate":false},
{"data":[{"text":"i wanna add help! by the beatles to my playlist","userDefined ":false}],"isTemplate":false},
{"data":[{"text":"insert what i am listening to into my jazz playlist","userDefined ":false}],"isTemplate":false},
{"data":[{"text":"new playlist that i will add god's plan to","userDefined ":false}],"isTemplate":false},
{"data":[{"text":"could you insert broken by evanescence to my music","userDefined ":false}],"isTemplate":false},
{"data":[{"text":"add god's plan by drake to my playlist","userDefined ":false}],"isTemplate":false},
{"data":[{"text":"connect this song to my playlist \"kids","userDefined ":false}],"isTemplate":false},
{"data":[{"text":"add help! by the beatles to my playlist","userDefined ":false}],"isTemplate":false},
{"data":[{"text":"my new playlist well be having god's plan adding to it","userDefined ":false}],"isTemplate":false},
{"data":[{"text":"add this song to my top 40 playlist","userDefined ":false}],"isTemplate":false},
{"data":[{"text":"i wanna add this song to my rock playlist","userDefined ":false}],"isTemplate":false},
{"data":[{"text":"add 7 rings to my pop playlist","userDefined ":false}],"isTemplate":false},
{"data":[{"text":"please add this song to my alternative playlist","userDefined ":false}],"isTemplate":false},
{"data":[{"text":"put this song on my reggae playlist","userDefined ":false}],"isTemplate":false},
{"data":[{"text":"please add someday by the strokes to my playlist","userDefined ":false}],"isTemplate":false},
{"data":[{"text":"the song that's on, add it to my favorite playlist","userDefined ":false}],"isTemplate":false},
{"data":[{"text":"add walk by pantera to my playlist","userDefined ":false}],"isTemplate":false},
{"data":[{"text":"add the current song to my favorite playlist","userDefined ":false}],"isTemplate":false},
{"data":[{"text":"put mambo #5 by lou bega on my playlist, please","userDefined ":false}],"isTemplate":false},
{"data":[{"text":"yellow by coldplay to my playlist please","userDefined ":false}],"isTemplate":false},
{"data":[{"text":"this song should be add this on my rock playlist","userDefined ":false}],"isTemplate":false},
{"data":[{"text":"god's plan will be added to my new playlist","userDefined ":false}],"isTemplate":false},
{"data":[{"text":"put dr feelgood by motley crue on my playlist","userDefined ":false}],"isTemplate":false},
{"data":[{"text":"can you please add hero by skillet to my playlist","userDefined ":false}],"isTemplate":false},
{"data":[{"text":"favorite what's currently playing on my playlist","userDefined ":false}],"isTemplate":false},
{"data":[{"text":"add hells bells by acdc to my playlist","userDefined ":false}],"isTemplate":false},
{"data":[{"text":"add mia to my spanish playlist","userDefined ":false}],"isTemplate":false},
{"data":[{"text":"i want to have happy added to my rb playlist","userDefined ":false}],"isTemplate":false},
{"data":[{"text":"add single ladies by beyonce to my pop playlist","userDefined ":false}],"isTemplate":false},
{"data":[{"text":"add baby shark to my kid playlist","userDefined ":false}],"isTemplate":false},
{"data":[{"text":"i need to add this song to my playlist of rock","userDefined ":false}],"isTemplate":false},
{"data":[{"text":"let's add wonder by hillsong united to my playlist","userDefined ":false}],"isTemplate":false},
{"data":[{"text":"please put this song on my moody monday playlist","userDefined ":false}],"isTemplate":false},
{"data":[{"text":"please add to \"kids\" playlist","userDefined ":false}],"isTemplate":false},
{"data":[{"text":"add what's playing on my favorite playlist","userDefined ":false}],"isTemplate":false},
{"data":[{"text":"i would like to add you say by lauren daigle to my playlist","userDefined ":false}],"isTemplate":false},
{"data":[{"text":"please add this song to my jazz playlist","userDefined ":false}],"isTemplate":false},
{"data":[{"text":"this song needs to be added to my reggae playlist","userDefined ":false}],"isTemplate":false},
{"data":[{"text":"will you add what i'm listening to to my dinner playlist","userDefined ":false}],"isTemplate":false},
{"data":[{"text":"i want this song put on my \"kids\" playlist","userDefined ":false}],"isTemplate":false},
{"data":[{"text":"will you add what i'm listening to to my bedroom playlist","userDefined ":false}],"isTemplate":false},
{"data":[{"text":"add welcome to the jungle by guns n roses to my playlist","userDefined ":false}],"isTemplate":false},
{"data":[{"text":"add yosemite to my rap playlist","userDefined ":false}],"isTemplate":false},
{"data":[{"text":"will you add what i'm listening to to my road trip playlist","userDefined ":false}],"isTemplate":false},
{"data":[{"text":"make this song part of the \"kids\" playlist","userDefined ":false}],"isTemplate":false},
{"data":[{"text":"append my playlist with smooth operator by sade","userDefined ":false}],"isTemplate":false},
{"data":[{"text":"add this song to my dinner playlist","userDefined ":false}],"isTemplate":false},
{"data":[{"text":"add this song to my slow jams playlist","userDefined ":false}],"isTemplate":false}]