[{"data":[{"text":"you saved my name how","userDefined ":false}],"isTemplate":false},
{"data":[{"text":"let me know what do you call me","userDefined ":false}],"isTemplate":false},
{"data":[{"text":"what's my name huh","userDefined ":false}],"isTemplate":false},
{"data":[{"text":"what would you like to call me","userDefined ":false}],"isTemplate":false},
{"data":[{"text":"what is my name saved under","userDefined ":false}],"isTemplate":false},
{"data":[{"text":"what name do you have listed for me","userDefined ":false}],"isTemplate":false},
{"data":[{"text":"you refer to me as what","userDefined ":false}],"isTemplate":false},
{"data":[{"text":"you have what name for me","userDefined ":false}],"isTemplate":false},
{"data":[{"text":"what am i called by you","userDefined ":false}],"isTemplate":false},
{"data":[{"text":"what will you call me","userDefined ":false}],"isTemplate":false},
{"data":[{"text":"whats my name saved under","userDefined ":false}],"isTemplate":false},
{"data":[{"text":"what name am i under","userDefined ":false}],"isTemplate":false},
{"data":[{"text":"what do you know me as","userDefined ":false}],"isTemplate":false},
{"data":[{"text":"i want you to let me know what names you have for me","userDefined ":false}],"isTemplate":false},
{"data":[{"text":"what do you have my name saved under","userDefined ":false}],"isTemplate":false},
{"data":[{"text":"what do you refer to me as","userDefined ":false}],"isTemplate":false},
{"data":[{"text":"so what is my name saved as","userDefined ":false}],"isTemplate":false},
{"data":[{"text":"please tell me the name you use for me","userDefined ":false}],"isTemplate":false},
{"data":[{"text":"could you let me know what names you have for me","userDefined ":false}],"isTemplate":false},
{"data":[{"text":"what is the name that you have for me","userDefined ":false}],"isTemplate":false},
{"data":[{"text":"what's my name saved under","userDefined ":false}],"isTemplate":false},
{"data":[{"text":"can you tell me my name","userDefined ":false}],"isTemplate":false},
{"data":[{"text":"if you were smart, would you know my name","userDefined ":false}],"isTemplate":false},
{"data":[{"text":"what is my name saved as","userDefined ":false}],"isTemplate":false},
{"data":[{"text":"is there a name that you call me","userDefined ":false}],"isTemplate":false},
{"data":[{"text":"what is the name you have listed for my identity","userDefined ":false}],"isTemplate":false},
{"data":[{"text":"do you know what you call me","userDefined ":false}],"isTemplate":false},
{"data":[{"text":"can you tell me what you refer to me as","userDefined ":false}],"isTemplate":false},
{"data":[{"text":"what's my name in your system","userDefined ":false}],"isTemplate":false},
{"data":[{"text":"how do you usually refer to me","userDefined ":false}],"isTemplate":false},
{"data":[{"text":"what is my first name saved as","userDefined ":false}],"isTemplate":false},
{"data":[{"text":"what is the name that you have for me, please","userDefined ":false}],"isTemplate":false},
{"data":[{"text":"would you tell me what names you have for me","userDefined ":false}],"isTemplate":false},
{"data":[{"text":"so what is my current name saved as","userDefined ":false}],"isTemplate":false},
{"data":[{"text":"do you know how to refer to me","userDefined ":false}],"isTemplate":false},
{"data":[{"text":"i need to know what names you have for me","userDefined ":false}],"isTemplate":false},
{"data":[{"text":"you wrote what for my name","userDefined ":false}],"isTemplate":false},
{"data":[{"text":"what name do you use when addressing me","userDefined ":false}],"isTemplate":false},
{"data":[{"text":"what do you think i am called","userDefined ":false}],"isTemplate":false},
{"data":[{"text":"what are you going to refer to me as","userDefined ":false}],"isTemplate":false},
{"data":[{"text":"by what name people call me","userDefined ":false}],"isTemplate":false},
{"data":[{"text":"do you have any idea what my name is","userDefined ":false}],"isTemplate":false},
{"data":[{"text":"how do you reference me","userDefined ":false}],"isTemplate":false},
{"data":[{"text":"what is the name you associate with me","userDefined ":false}],"isTemplate":false},
{"data":[{"text":"what can you call me","userDefined ":false}],"isTemplate":false},
{"data":[{"text":"what name do you know me by","userDefined ":false}],"isTemplate":false},
{"data":[{"text":"tell me what you think my name is","userDefined ":false}],"isTemplate":false},
{"data":[{"text":"what is my name saved as in your system","userDefined ":false}],"isTemplate":false},
{"data":[{"text":"let me know the name you have for me","userDefined ":false}],"isTemplate":false},
{"data":[{"text":"what name do you use to talk about me","userDefined ":false}],"isTemplate":false}]
