[{"data":[{"text":"are shots needed for uk travel","userDefined ":false}],"isTemplate":false},
{"data":[{"text":"which vaccinations are required to go to viet nam","userDefined ":false}],"isTemplate":false},
{"data":[{"text":"are there shots required before going to south africa","userDefined ":false}],"isTemplate":false},
{"data":[{"text":"are vaccinations necessary to go there","userDefined ":false}],"isTemplate":false},
{"data":[{"text":"should i get any shots before i go to south africa","userDefined ":false}],"isTemplate":false},
{"data":[{"text":"tell me if i need any more vaccines if i go there","userDefined ":false}],"isTemplate":false},
{"data":[{"text":"please tell me what shots i am required to get to travel to india","userDefined ":false}],"isTemplate":false},
{"data":[{"text":"do i need any shots before i go to south africa","userDefined ":false}],"isTemplate":false},
{"data":[{"text":"what are common vaccinations for someone travelling internationally","userDefined ":false}],"isTemplate":false},
{"data":[{"text":"what type of specific shots should i get before flying to south korea","userDefined ":false}],"isTemplate":false},
{"data":[{"text":"before i leave for mexico should i get some more vaccinations","userDefined ":false}],"isTemplate":false},
{"data":[{"text":"how many vaccinations will i need to travel to asia","userDefined ":false}],"isTemplate":false},
{"data":[{"text":"what are the recommended shots to get before i travel to south korea","userDefined ":false}],"isTemplate":false},
{"data":[{"text":"do i need to get vaccines before my trip","userDefined ":false}],"isTemplate":false},
{"data":[{"text":"is it recommended to get any specific shots before i travel to japan","userDefined ":false}],"isTemplate":false},
{"data":[{"text":"do i need shots to go to thailand","userDefined ":false}],"isTemplate":false},
{"data":[{"text":"should i get any vaccines before going over to the uk","userDefined ":false}],"isTemplate":false},
{"data":[{"text":"list all the shots i need to travel to france","userDefined ":false}],"isTemplate":false},
{"data":[{"text":"is it recommended to get any specific shots before i travel to argentina","userDefined ":false}],"isTemplate":false},
{"data":[{"text":"is it recommended to get any specific shots before i travel to norway","userDefined ":false}],"isTemplate":false},
{"data":[{"text":"do i need certain shots before flying to eithiopia","userDefined ":false}],"isTemplate":false},
{"data":[{"text":"do i need to get shots before i go to kenya","userDefined ":false}],"isTemplate":false},
{"data":[{"text":"can you tell me if there are any shots that i am required to have before traveling to south africa","userDefined ":false}],"isTemplate":false},
{"data":[{"text":"i'm going to india do i need some shots","userDefined ":false}],"isTemplate":false},
{"data":[{"text":"do i need to get vaccinated to go to thailand","userDefined ":false}],"isTemplate":false},
{"data":[{"text":"what are the shots i need in order to travel to mexico","userDefined ":false}],"isTemplate":false},
{"data":[{"text":"do i need a vaccination to go to china","userDefined ":false}],"isTemplate":false},
{"data":[{"text":"tell me what vaccinations i need to get into france","userDefined ":false}],"isTemplate":false},
{"data":[{"text":"do i need vaccinations to travel there","userDefined ":false}],"isTemplate":false},
{"data":[{"text":"do i need a vaccination to go to greece","userDefined ":false}],"isTemplate":false},
{"data":[{"text":"are there recommendations to get any specific shots before i travel to germany","userDefined ":false}],"isTemplate":false},
{"data":[{"text":"will this trip require vaccines","userDefined ":false}],"isTemplate":false},
{"data":[{"text":"what shots do i need before heading to france","userDefined ":false}],"isTemplate":false},
{"data":[{"text":"am i going to need vaccines for the trip","userDefined ":false}],"isTemplate":false},
{"data":[{"text":"are my vaccines up to date for going there","userDefined ":false}],"isTemplate":false},
{"data":[{"text":"do i need any shots if i travel to africa","userDefined ":false}],"isTemplate":false},
{"data":[{"text":"do i need shots before i get to africa","userDefined ":false}],"isTemplate":false},
{"data":[{"text":"do i need to protect myself with some shots for a trip to vietnam","userDefined ":false}],"isTemplate":false},
{"data":[{"text":"is there a list of recommended shots to get before travelling to kenya","userDefined ":false}],"isTemplate":false},
{"data":[{"text":"do i need specific shots before traveling to germany","userDefined ":false}],"isTemplate":false},
{"data":[{"text":"which types of vaccinations are required when leaving the united states","userDefined ":false}],"isTemplate":false},
{"data":[{"text":"do i need to get vaccinations before i go","userDefined ":false}],"isTemplate":false},
{"data":[{"text":"are there any mandatory shots that i must get before my trip to jamaica","userDefined ":false}],"isTemplate":false},
{"data":[{"text":"which shots do i need before i go to thailand","userDefined ":false}],"isTemplate":false},
{"data":[{"text":"what shots do i need to get in order to travel to khartoum","userDefined ":false}],"isTemplate":false},
{"data":[{"text":"are any shots recommended before going to kenya","userDefined ":false}],"isTemplate":false},
{"data":[{"text":"traveling to the uk am i going to need any specific shots","userDefined ":false}],"isTemplate":false},
{"data":[{"text":"am i required to get a vaccine for this trip","userDefined ":false}],"isTemplate":false},
{"data":[{"text":"will i need immunization for a trip to turkey","userDefined ":false}],"isTemplate":false},
{"data":[{"text":"are vaccinations required to travel there","userDefined ":false}],"isTemplate":false}]
