[{"data":[{"text":"how and where are my w2 forms given","userDefined ":false}],"isTemplate":false},
{"data":[{"text":"where can i get a w2 form","userDefined ":false}],"isTemplate":false},
{"data":[{"text":"what is the location of my w2 that is needed for taxes","userDefined ":false}],"isTemplate":false},
{"data":[{"text":"can you access my w-2","userDefined ":false}],"isTemplate":false},
{"data":[{"text":"how do i get a personal w2 form","userDefined ":false}],"isTemplate":false},
{"data":[{"text":"i would like to get the forms to file for my w2","userDefined ":false}],"isTemplate":false},
{"data":[{"text":"can you tell me what the form is employers are supposed to send you for taxes and where i get it","userDefined ":false}],"isTemplate":false},
{"data":[{"text":"who has the tax form that shows my wages","userDefined ":false}],"isTemplate":false},
{"data":[{"text":"can you help me find my w-2","userDefined ":false}],"isTemplate":false},
{"data":[{"text":"where can i obtain a w2 form from","userDefined ":false}],"isTemplate":false},
{"data":[{"text":"provide me assistance on where to go to get my w2 for tax reasons","userDefined ":false}],"isTemplate":false},
{"data":[{"text":"where can i get a w2 form from","userDefined ":false}],"isTemplate":false},
{"data":[{"text":"how do i get a w2","userDefined ":false}],"isTemplate":false},
{"data":[{"text":"does my w2 come by mail","userDefined ":false}],"isTemplate":false},
{"data":[{"text":"how can i get my year end summary for taxes","userDefined ":false}],"isTemplate":false},
{"data":[{"text":"i'm having trouble locating my w-2","userDefined ":false}],"isTemplate":false},
{"data":[{"text":"where can i get the employment form i need to do my taxes","userDefined ":false}],"isTemplate":false},
{"data":[{"text":"what is the form i need to report my earnings","userDefined ":false}],"isTemplate":false},
{"data":[{"text":"i am in need of my w2 for tax reasons; provide me where to get it","userDefined ":false}],"isTemplate":false},
{"data":[{"text":"help me get a w2 to do my taxes","userDefined ":false}],"isTemplate":false},
{"data":[{"text":"do you know where my w-2 is","userDefined ":false}],"isTemplate":false},
{"data":[{"text":"can you tell me where to get a w2","userDefined ":false}],"isTemplate":false},
{"data":[{"text":"where is my w2","userDefined ":false}],"isTemplate":false},
{"data":[{"text":"where can i find my w-2","userDefined ":false}],"isTemplate":false},
{"data":[{"text":"where do i pick up a w2 form","userDefined ":false}],"isTemplate":false},
{"data":[{"text":"who has the tax form that has my wage informaton","userDefined ":false}],"isTemplate":false},
{"data":[{"text":"can you locate my w-2","userDefined ":false}],"isTemplate":false},
{"data":[{"text":"i need to find my w2 so i can do taxes","userDefined ":false}],"isTemplate":false},
{"data":[{"text":"where do i go to get my w2 for tax reasons","userDefined ":false}],"isTemplate":false},
{"data":[{"text":"where do i get the form i need for taxes","userDefined ":false}],"isTemplate":false},
{"data":[{"text":"who can send me a w2 so i can complete my taxes","userDefined ":false}],"isTemplate":false},
{"data":[{"text":"where can i get the form i need to do my taxes","userDefined ":false}],"isTemplate":false},
{"data":[{"text":"where can i locate a form for my w2","userDefined ":false}],"isTemplate":false},
{"data":[{"text":"locate my w-2 form","userDefined ":false}],"isTemplate":false},
{"data":[{"text":"how can i get my w2 to do my taxes","userDefined ":false}],"isTemplate":false},
{"data":[{"text":"have i been sent my w-2 in my email","userDefined ":false}],"isTemplate":false},
{"data":[{"text":"how do i get a w2 form and from where","userDefined ":false}],"isTemplate":false},
{"data":[{"text":"where would my w2 be found so i can do my taxes","userDefined ":false}],"isTemplate":false},
{"data":[{"text":"where do i locate the form that has my tax information","userDefined ":false}],"isTemplate":false},
{"data":[{"text":"where do i get my w2 form from","userDefined ":false}],"isTemplate":false},
{"data":[{"text":"i would like to know how to find my w-2","userDefined ":false}],"isTemplate":false},
{"data":[{"text":"i need to do taxes and have to get a w2","userDefined ":false}],"isTemplate":false},
{"data":[{"text":"where can i get the employment document that i need to do my taxes, please","userDefined ":false}],"isTemplate":false},
{"data":[{"text":"where is the w-2 form located","userDefined ":false}],"isTemplate":false},
{"data":[{"text":"what location can i get a w2 from","userDefined ":false}],"isTemplate":false},
{"data":[{"text":"where do i get the tax form that i have to report to the irs","userDefined ":false}],"isTemplate":false},
{"data":[{"text":"where do i go to get my w-2","userDefined ":false}],"isTemplate":false},
{"data":[{"text":"i need help getting a w-2","userDefined ":false}],"isTemplate":false},
{"data":[{"text":"where can i obtain a w2 form","userDefined ":false}],"isTemplate":false},
{"data":[{"text":"what is that tax form that shows my wages and where do i get it","userDefined ":false}],"isTemplate":false}]
