[{"data":[{"text":"what is the weather like in sparks right now","userDefined ":false}],"isTemplate":false},
{"data":[{"text":"what s the uv index tomorrow","userDefined ":false}],"isTemplate":false},
{"data":[{"text":"costa mesa weather","userDefined ":false}],"isTemplate":false},
{"data":[{"text":"what will the low temperatures be over the weekend","userDefined ":false}],"isTemplate":false},
{"data":[{"text":"what is the high temperature for tomorrow","userDefined ":false}],"isTemplate":false},
{"data":[{"text":"what's the highest chance of rain for today","userDefined ":false}],"isTemplate":false},
{"data":[{"text":"what is the weather going to be like tomorrow","userDefined ":false}],"isTemplate":false},
{"data":[{"text":"how hot will it be tomorrow","userDefined ":false}],"isTemplate":false},
{"data":[{"text":"how many of inches of snow did my hometown get last year","userDefined ":false}],"isTemplate":false},
{"data":[{"text":"what's the weather","userDefined ":false}],"isTemplate":false},
{"data":[{"text":"can you tell me the low tonight","userDefined ":false}],"isTemplate":false},
{"data":[{"text":"i need meteorological data for tallahassee","userDefined ":false}],"isTemplate":false},
{"data":[{"text":"what's the chance of rain on friday","userDefined ":false}],"isTemplate":false},
{"data":[{"text":"how cold will it be tomorrow","userDefined ":false}],"isTemplate":false},
{"data":[{"text":"will it snow this weekend","userDefined ":false}],"isTemplate":false},
{"data":[{"text":"is it going to rain tonight","userDefined ":false}],"isTemplate":false},
{"data":[{"text":"what are the conditions like in orlando","userDefined ":false}],"isTemplate":false},
{"data":[{"text":"how is the weather in seattle","userDefined ":false}],"isTemplate":false},
{"data":[{"text":"how cold is it going to be tonight","userDefined ":false}],"isTemplate":false},
{"data":[{"text":"what's it doing outside right now","userDefined ":false}],"isTemplate":false},
{"data":[{"text":"can you let me know if it will be warm this week","userDefined ":false}],"isTemplate":false},
{"data":[{"text":"what is the record high temperature for today","userDefined ":false}],"isTemplate":false},
{"data":[{"text":"what is the temp right now","userDefined ":false}],"isTemplate":false},
{"data":[{"text":"what is the weather going to be like","userDefined ":false}],"isTemplate":false},
{"data":[{"text":"is it going to rain today","userDefined ":false}],"isTemplate":false},
{"data":[{"text":"whats the forecast for the weather","userDefined ":false}],"isTemplate":false},
{"data":[{"text":"give me the 7 day forecast","userDefined ":false}],"isTemplate":false},
{"data":[{"text":"how's the weather","userDefined ":false}],"isTemplate":false},
{"data":[{"text":"what's the climate like in chicago","userDefined ":false}],"isTemplate":false},
{"data":[{"text":"is it snowing right now in richmond, va","userDefined ":false}],"isTemplate":false},
{"data":[{"text":"can you give me info on miami weather","userDefined ":false}],"isTemplate":false},
{"data":[{"text":"is it snowing in the next two weeks","userDefined ":false}],"isTemplate":false},
{"data":[{"text":"how is the weather in miami","userDefined ":false}],"isTemplate":false},
{"data":[{"text":"what will the weather be like","userDefined ":false}],"isTemplate":false},
{"data":[{"text":"costa mesa current weather","userDefined ":false}],"isTemplate":false},
{"data":[{"text":"what will the weather be this weekend","userDefined ":false}],"isTemplate":false},
{"data":[{"text":"what's the current weather","userDefined ":false}],"isTemplate":false},
{"data":[{"text":"will it get over 90 degrees today","userDefined ":false}],"isTemplate":false},
{"data":[{"text":"tell me the weather report for tallahassee","userDefined ":false}],"isTemplate":false},
{"data":[{"text":"is it going to be sunny today","userDefined ":false}],"isTemplate":false},
{"data":[{"text":"how is it outside","userDefined ":false}],"isTemplate":false},
{"data":[{"text":"what are the conditions like in sarasota","userDefined ":false}],"isTemplate":false},
{"data":[{"text":"how much snow will we be getting tomorrow","userDefined ":false}],"isTemplate":false},
{"data":[{"text":"what is the weather report for seattle","userDefined ":false}],"isTemplate":false},
{"data":[{"text":"what are the weather conditions in seattle","userDefined ":false}],"isTemplate":false},
{"data":[{"text":"is it hot outside","userDefined ":false}],"isTemplate":false},
{"data":[{"text":"what is the temperature in costa mesa","userDefined ":false}],"isTemplate":false},
{"data":[{"text":"what's the weekend forecast","userDefined ":false}],"isTemplate":false},
{"data":[{"text":"what's the weather like right now","userDefined ":false}],"isTemplate":false},
{"data":[{"text":"weather","userDefined ":false}],"isTemplate":false}]
