[{"data":[{"text":"what things can you help me with exactly","userDefined ":false}],"isTemplate":false},
{"data":[{"text":"what can you help me with exactly","userDefined ":false}],"isTemplate":false},
{"data":[{"text":"let me know what subjects you comprehend well","userDefined ":false}],"isTemplate":false},
{"data":[{"text":"how can you assist me","userDefined ":false}],"isTemplate":false},
{"data":[{"text":"what things do you know about","userDefined ":false}],"isTemplate":false},
{"data":[{"text":"which types of questions can i ask you","userDefined ":false}],"isTemplate":false},
{"data":[{"text":"what kinds of questions can i ask you","userDefined ":false}],"isTemplate":false},
{"data":[{"text":"what sorts of things can i ask you about","userDefined ":false}],"isTemplate":false},
{"data":[{"text":"what exactly can you help me with","userDefined ":false}],"isTemplate":false},
{"data":[{"text":"what subjects do you know","userDefined ":false}],"isTemplate":false},
{"data":[{"text":"tell me what you are capable of answering","userDefined ":false}],"isTemplate":false},
{"data":[{"text":"what questions are permissible","userDefined ":false}],"isTemplate":false},
{"data":[{"text":"what kind of questions are you good at answering","userDefined ":false}],"isTemplate":false},
{"data":[{"text":"can you tell me the subjects you know best","userDefined ":false}],"isTemplate":false},
{"data":[{"text":"what are your capabilities","userDefined ":false}],"isTemplate":false},
{"data":[{"text":"what are you familiar with","userDefined ":false}],"isTemplate":false},
{"data":[{"text":"can i ask you about anything","userDefined ":false}],"isTemplate":false},
{"data":[{"text":"can you help me with anything i need","userDefined ":false}],"isTemplate":false},
{"data":[{"text":"what sort of stuff do you know","userDefined ":false}],"isTemplate":false},
{"data":[{"text":"what kind of questions can i ask you","userDefined ":false}],"isTemplate":false},
{"data":[{"text":"i would like to know the types of subjects are you familiar with","userDefined ":false}],"isTemplate":false},
{"data":[{"text":"what subjects are you versed in","userDefined ":false}],"isTemplate":false},
{"data":[{"text":"tell me the subject areas you are familiar with","userDefined ":false}],"isTemplate":false},
{"data":[{"text":"what can you be asked about","userDefined ":false}],"isTemplate":false},
{"data":[{"text":"tell me the types of things i can ask you about","userDefined ":false}],"isTemplate":false},
{"data":[{"text":"what types of things do you know","userDefined ":false}],"isTemplate":false},
{"data":[{"text":"what are you able to do","userDefined ":false}],"isTemplate":false},
{"data":[{"text":"what can you answer for me","userDefined ":false}],"isTemplate":false},
{"data":[{"text":"what do you know","userDefined ":false}],"isTemplate":false},
{"data":[{"text":"what all can you do","userDefined ":false}],"isTemplate":false},
{"data":[{"text":"what do you have answers for","userDefined ":false}],"isTemplate":false},
{"data":[{"text":"what types of things are you able to do","userDefined ":false}],"isTemplate":false},
{"data":[{"text":"what kinds of questions can you respond to","userDefined ":false}],"isTemplate":false},
{"data":[{"text":"what kinds of things can i ask you","userDefined ":false}],"isTemplate":false},
{"data":[{"text":"i need to know what kind of things you can help with","userDefined ":false}],"isTemplate":false},
{"data":[{"text":"is there anything i can't ask you","userDefined ":false}],"isTemplate":false},
{"data":[{"text":"what information can i ask you","userDefined ":false}],"isTemplate":false},
{"data":[{"text":"what skills do you have","userDefined ":false}],"isTemplate":false},
{"data":[{"text":"how can i benefit from using you","userDefined ":false}],"isTemplate":false},
{"data":[{"text":"what should i ask you about","userDefined ":false}],"isTemplate":false},
{"data":[{"text":"what kind of things can you answer","userDefined ":false}],"isTemplate":false},
{"data":[{"text":"what type of questions are you partial to that i can ask you","userDefined ":false}],"isTemplate":false},
{"data":[{"text":"what can i ask you","userDefined ":false}],"isTemplate":false},
{"data":[{"text":"how can i use you","userDefined ":false}],"isTemplate":false},
{"data":[{"text":"what can you do","userDefined ":false}],"isTemplate":false},
{"data":[{"text":"what kinds of things can you do","userDefined ":false}],"isTemplate":false},
{"data":[{"text":"tell me the subjects you're aware of","userDefined ":false}],"isTemplate":false},
{"data":[{"text":"what kind of questions do you accept","userDefined ":false}],"isTemplate":false},
{"data":[{"text":"ai, tell me what things i should ask of you","userDefined ":false}],"isTemplate":false},
{"data":[{"text":"what types of questions do you have a response for","userDefined ":false}],"isTemplate":false}]
