[{"data":[{"text":"which song is playing now","userDefined ":false}],"isTemplate":false},
{"data":[{"text":"what is this song","userDefined ":false}],"isTemplate":false},
{"data":[{"text":"what's this song called","userDefined ":false}],"isTemplate":false},
{"data":[{"text":"help me to know what song is playing","userDefined ":false}],"isTemplate":false},
{"data":[{"text":"what is the title of this tune","userDefined ":false}],"isTemplate":false},
{"data":[{"text":"can you tell me what this song is","userDefined ":false}],"isTemplate":false},
{"data":[{"text":"who is this song that's on the stereo","userDefined ":false}],"isTemplate":false},
{"data":[{"text":"what is playing","userDefined ":false}],"isTemplate":false},
{"data":[{"text":"what's the name of this tune","userDefined ":false}],"isTemplate":false},
{"data":[{"text":"what's the name of this song i'm listening to","userDefined ":false}],"isTemplate":false},
{"data":[{"text":"what band is this","userDefined ":false}],"isTemplate":false},
{"data":[{"text":"what is that song that's playing","userDefined ":false}],"isTemplate":false},
{"data":[{"text":"what's the artist's name of this song","userDefined ":false}],"isTemplate":false},
{"data":[{"text":"what is the song that's playing","userDefined ":false}],"isTemplate":false},
{"data":[{"text":"what is the song that is currently playing","userDefined ":false}],"isTemplate":false},
{"data":[{"text":"what's the current song that we are listening at this time","userDefined ":false}],"isTemplate":false},
{"data":[{"text":"what's the song currently playing","userDefined ":false}],"isTemplate":false},
{"data":[{"text":"whats the title of this song","userDefined ":false}],"isTemplate":false},
{"data":[{"text":"what's the name of what's playing on my speakers","userDefined ":false}],"isTemplate":false},
{"data":[{"text":"i'd like to know this song's name","userDefined ":false}],"isTemplate":false},
{"data":[{"text":"what music is playing on the the bluetooth now","userDefined ":false}],"isTemplate":false},
{"data":[{"text":"i am needing to know what song is playing","userDefined ":false}],"isTemplate":false},
{"data":[{"text":"whats the name of the playing song","userDefined ":false}],"isTemplate":false},
{"data":[{"text":"can you look up the name of this song","userDefined ":false}],"isTemplate":false},
{"data":[{"text":"which song is playing","userDefined ":false}],"isTemplate":false},
{"data":[{"text":"tell me the name of the song that is playing","userDefined ":false}],"isTemplate":false},
{"data":[{"text":"tell me the title of this song","userDefined ":false}],"isTemplate":false},
{"data":[{"text":"do you know the name of this song","userDefined ":false}],"isTemplate":false},
{"data":[{"text":"what is the current song","userDefined ":false}],"isTemplate":false},
{"data":[{"text":"can you tell me the name of this song","userDefined ":false}],"isTemplate":false},
{"data":[{"text":"what's song am i hearing","userDefined ":false}],"isTemplate":false},
{"data":[{"text":"what's the now playing song that we are listening to","userDefined ":false}],"isTemplate":false},
{"data":[{"text":"do you know what this song is","userDefined ":false}],"isTemplate":false},
{"data":[{"text":"what am i hearing on the speakers now","userDefined ":false}],"isTemplate":false},
{"data":[{"text":"i need to know this song's name","userDefined ":false}],"isTemplate":false},
{"data":[{"text":"can you tell me this song","userDefined ":false}],"isTemplate":false},
{"data":[{"text":"can you tell me the mane of the song playing","userDefined ":false}],"isTemplate":false},
{"data":[{"text":"what is the track title of the song playing","userDefined ":false}],"isTemplate":false},
{"data":[{"text":"who sings this song","userDefined ":false}],"isTemplate":false},
{"data":[{"text":"whats the title of this","userDefined ":false}],"isTemplate":false},
{"data":[{"text":"what's the name of the current song","userDefined ":false}],"isTemplate":false},
{"data":[{"text":"i'd like to know what this song is","userDefined ":false}],"isTemplate":false},
{"data":[{"text":"tell me this song's name","userDefined ":false}],"isTemplate":false},
{"data":[{"text":"tell me the song that's playing right now","userDefined ":false}],"isTemplate":false},
{"data":[{"text":"who plays this song","userDefined ":false}],"isTemplate":false},
{"data":[{"text":"can you tell me the song we are listening to","userDefined ":false}],"isTemplate":false},
{"data":[{"text":"what's this song","userDefined ":false}],"isTemplate":false},
{"data":[{"text":"whats the name of this song","userDefined ":false}],"isTemplate":false},
{"data":[{"text":"who sang this song","userDefined ":false}],"isTemplate":false},
{"data":[{"text":"tell me what song this is","userDefined ":false}],"isTemplate":false}]