[{"data":[{"text":"can i have your name please","userDefined ":false}],"isTemplate":false},
{"data":[{"text":"what name do you answer to","userDefined ":false}],"isTemplate":false},
{"data":[{"text":"how would you like me to refer to you","userDefined ":false}],"isTemplate":false},
{"data":[{"text":"what name should i use to call for you","userDefined ":false}],"isTemplate":false},
{"data":[{"text":"can you tell me your name","userDefined ":false}],"isTemplate":false},
{"data":[{"text":"how would you like to be referred to","userDefined ":false}],"isTemplate":false},
{"data":[{"text":"what do people call you","userDefined ":false}],"isTemplate":false},
{"data":[{"text":"do you have a name i can use","userDefined ":false}],"isTemplate":false},
{"data":[{"text":"what name should i use for you","userDefined ":false}],"isTemplate":false},
{"data":[{"text":"do you have a name i should call you by","userDefined ":false}],"isTemplate":false},
{"data":[{"text":"ai, do you like your name","userDefined ":false}],"isTemplate":false},
{"data":[{"text":"what is the name i should use to refer to you","userDefined ":false}],"isTemplate":false},
{"data":[{"text":"ai, what's your name","userDefined ":false}],"isTemplate":false},
{"data":[{"text":"i want to know your name","userDefined ":false}],"isTemplate":false},
{"data":[{"text":"how should i refer to you","userDefined ":false}],"isTemplate":false},
{"data":[{"text":"do you have a name that i can call you","userDefined ":false}],"isTemplate":false},
{"data":[{"text":"tell me your full name","userDefined ":false}],"isTemplate":false},
{"data":[{"text":"what should i refer to you as","userDefined ":false}],"isTemplate":false},
{"data":[{"text":"do people call you by a certain name what is it","userDefined ":false}],"isTemplate":false},
{"data":[{"text":"do you have a name","userDefined ":false}],"isTemplate":false},
{"data":[{"text":"i'd like to know what to call you","userDefined ":false}],"isTemplate":false},
{"data":[{"text":"what name do you prefer","userDefined ":false}],"isTemplate":false},
{"data":[{"text":"what do you prefer to be called","userDefined ":false}],"isTemplate":false},
{"data":[{"text":"what is the ai's name","userDefined ":false}],"isTemplate":false},
{"data":[{"text":"who gave you your name","userDefined ":false}],"isTemplate":false},
{"data":[{"text":"what name would you like me to use","userDefined ":false}],"isTemplate":false},
{"data":[{"text":"what name should i refer to you as","userDefined ":false}],"isTemplate":false},
{"data":[{"text":"how are you named","userDefined ":false}],"isTemplate":false},
{"data":[{"text":"i'd like your name","userDefined ":false}],"isTemplate":false},
{"data":[{"text":"what name do you want me to call you","userDefined ":false}],"isTemplate":false},
{"data":[{"text":"do you have a way you like to be referred to","userDefined ":false}],"isTemplate":false},
{"data":[{"text":"when referring to you, what name do you want me to use","userDefined ":false}],"isTemplate":false},
{"data":[{"text":"state your name","userDefined ":false}],"isTemplate":false},
{"data":[{"text":"what's your full name","userDefined ":false}],"isTemplate":false},
{"data":[{"text":"tell me your name","userDefined ":false}],"isTemplate":false},
{"data":[{"text":"what is your full name","userDefined ":false}],"isTemplate":false},
{"data":[{"text":"do you go by any nicknames","userDefined ":false}],"isTemplate":false},
{"data":[{"text":"i would like to know your name","userDefined ":false}],"isTemplate":false},
{"data":[{"text":"can you me what they call you","userDefined ":false}],"isTemplate":false},
{"data":[{"text":"when referring to you, what name should i use","userDefined ":false}],"isTemplate":false},
{"data":[{"text":"whats your name","userDefined ":false}],"isTemplate":false},
{"data":[{"text":"what name do you like to go by","userDefined ":false}],"isTemplate":false},
{"data":[{"text":"what do you want me to call you","userDefined ":false}],"isTemplate":false},
{"data":[{"text":"do you have a preference regarding what i should call you","userDefined ":false}],"isTemplate":false},
{"data":[{"text":"is there a particular name i should call you","userDefined ":false}],"isTemplate":false},
{"data":[{"text":"what did your friends call you","userDefined ":false}],"isTemplate":false},
{"data":[{"text":"what name should i use to address you","userDefined ":false}],"isTemplate":false},
{"data":[{"text":"i wanna know your name","userDefined ":false}],"isTemplate":false},
{"data":[{"text":"hello, may i get your name","userDefined ":false}],"isTemplate":false},
{"data":[{"text":"how can i get your attention","userDefined ":false}],"isTemplate":false}]
