[{"data":[{"text":"what things do you do for fun","userDefined ":false}],"isTemplate":false},
{"data":[{"text":"can you tell me about your hobbies","userDefined ":false}],"isTemplate":false},
{"data":[{"text":"what are your favorite hobbies to take part in","userDefined ":false}],"isTemplate":false},
{"data":[{"text":"tell me what you do in your free time","userDefined ":false}],"isTemplate":false},
{"data":[{"text":"what types of hobbies do you enjoy","userDefined ":false}],"isTemplate":false},
{"data":[{"text":"what sorts of things do you do to have a good time","userDefined ":false}],"isTemplate":false},
{"data":[{"text":"what are you hobbies","userDefined ":false}],"isTemplate":false},
{"data":[{"text":"what do you like to do when you're not working","userDefined ":false}],"isTemplate":false},
{"data":[{"text":"what do you do for fun","userDefined ":false}],"isTemplate":false},
{"data":[{"text":"what other hobbies do you enjoy","userDefined ":false}],"isTemplate":false},
{"data":[{"text":"what hobbies do you like","userDefined ":false}],"isTemplate":false},
{"data":[{"text":"do you enjoy any hobbies","userDefined ":false}],"isTemplate":false},
{"data":[{"text":"what things do you enjoy doing","userDefined ":false}],"isTemplate":false},
{"data":[{"text":"what's your hobbies","userDefined ":false}],"isTemplate":false},
{"data":[{"text":"what do you do in your down time","userDefined ":false}],"isTemplate":false},
{"data":[{"text":"what sorts of hobbies do you enjoy","userDefined ":false}],"isTemplate":false},
{"data":[{"text":"what do you do in your free time","userDefined ":false}],"isTemplate":false},
{"data":[{"text":"what are your favorite hobbies","userDefined ":false}],"isTemplate":false},
{"data":[{"text":"what are the things you like to do for fun","userDefined ":false}],"isTemplate":false},
{"data":[{"text":"can you tell me some of your hobbies","userDefined ":false}],"isTemplate":false},
{"data":[{"text":"please share your hobbies with me","userDefined ":false}],"isTemplate":false},
{"data":[{"text":"what are ai's hobbies","userDefined ":false}],"isTemplate":false},
{"data":[{"text":"so what sort of hobbies are you into","userDefined ":false}],"isTemplate":false},
{"data":[{"text":"what hobbies do you do","userDefined ":false}],"isTemplate":false},
{"data":[{"text":"let's talk about your hobbies","userDefined ":false}],"isTemplate":false},
{"data":[{"text":"what do you do when you're not working, for fun","userDefined ":false}],"isTemplate":false},
{"data":[{"text":"what are some things that you enjoy","userDefined ":false}],"isTemplate":false},
{"data":[{"text":"what you do at the free time","userDefined ":false}],"isTemplate":false},
{"data":[{"text":"what kinds of things are you into","userDefined ":false}],"isTemplate":false},
{"data":[{"text":"do you have anything you enjoy to do","userDefined ":false}],"isTemplate":false},
{"data":[{"text":"what things do you like to do","userDefined ":false}],"isTemplate":false},
{"data":[{"text":"might you have any hobbies","userDefined ":false}],"isTemplate":false},
{"data":[{"text":"what hobbies do you like to partake in","userDefined ":false}],"isTemplate":false},
{"data":[{"text":"what sort of things do you enjoy","userDefined ":false}],"isTemplate":false},
{"data":[{"text":"what sorts of things do you do for fun","userDefined ":false}],"isTemplate":false},
{"data":[{"text":"what's your favorite hobby","userDefined ":false}],"isTemplate":false},
{"data":[{"text":"do you have any hobbies","userDefined ":false}],"isTemplate":false},
{"data":[{"text":"what do you do for hobbies","userDefined ":false}],"isTemplate":false},
{"data":[{"text":"what keeps you busy in your free time","userDefined ":false}],"isTemplate":false},
{"data":[{"text":"what kinds of activities do you enjoy","userDefined ":false}],"isTemplate":false},
{"data":[{"text":"share some of your hobbies with me","userDefined ":false}],"isTemplate":false},
{"data":[{"text":"what sort of things do you or work on for fun when you have extra time","userDefined ":false}],"isTemplate":false},
{"data":[{"text":"what do you enjoy doing while not working","userDefined ":false}],"isTemplate":false},
{"data":[{"text":"any hobbies","userDefined ":false}],"isTemplate":false},
{"data":[{"text":"what do you do to occupy your free time","userDefined ":false}],"isTemplate":false},
{"data":[{"text":"what are your favorite activities","userDefined ":false}],"isTemplate":false},
{"data":[{"text":"what do you do when you're not working","userDefined ":false}],"isTemplate":false},
{"data":[{"text":"what hobbies do you like doing","userDefined ":false}],"isTemplate":false},
{"data":[{"text":"what do you like to do for fun","userDefined ":false}],"isTemplate":false},
{"data":[{"text":"what sort of hobbies are you into","userDefined ":false}],"isTemplate":false}]
