[{"data":[{"text":"where do you hail from","userDefined ":false}],"isTemplate":false},
{"data":[{"text":"so where did you live when you were a baby","userDefined ":false}],"isTemplate":false},
{"data":[{"text":"where did you last live","userDefined ":false}],"isTemplate":false},
{"data":[{"text":"when you were a child, where did you live","userDefined ":false}],"isTemplate":false},
{"data":[{"text":"what is your country of origin","userDefined ":false}],"isTemplate":false},
{"data":[{"text":"where are you from","userDefined ":false}],"isTemplate":false},
{"data":[{"text":"what state were you born in","userDefined ":false}],"isTemplate":false},
{"data":[{"text":"where did you live prior to living here","userDefined ":false}],"isTemplate":false},
{"data":[{"text":"where was your home before here","userDefined ":false}],"isTemplate":false},
{"data":[{"text":"where is your country of origin","userDefined ":false}],"isTemplate":false},
{"data":[{"text":"do you know where you were born","userDefined ":false}],"isTemplate":false},
{"data":[{"text":"where did you originate from","userDefined ":false}],"isTemplate":false},
{"data":[{"text":"could you tell me where did you originate","userDefined ":false}],"isTemplate":false},
{"data":[{"text":"did you grow up here","userDefined ":false}],"isTemplate":false},
{"data":[{"text":"what is the area that you came from","userDefined ":false}],"isTemplate":false},
{"data":[{"text":"would you care to let me know where you were made","userDefined ":false}],"isTemplate":false},
{"data":[{"text":"where is your place of origin","userDefined ":false}],"isTemplate":false},
{"data":[{"text":"what is your place of origin","userDefined ":false}],"isTemplate":false},
{"data":[{"text":"where did you used to live","userDefined ":false}],"isTemplate":false},
{"data":[{"text":"where were you made","userDefined ":false}],"isTemplate":false},
{"data":[{"text":"what place were you created in","userDefined ":false}],"isTemplate":false},
{"data":[{"text":"what country were you made","userDefined ":false}],"isTemplate":false},
{"data":[{"text":"what location were you born in","userDefined ":false}],"isTemplate":false},
{"data":[{"text":"your birth occurred where","userDefined ":false}],"isTemplate":false},
{"data":[{"text":"where did you live previously","userDefined ":false}],"isTemplate":false},
{"data":[{"text":"in which place were you made","userDefined ":false}],"isTemplate":false},
{"data":[{"text":"can you tell me your place of origin","userDefined ":false}],"isTemplate":false},
{"data":[{"text":"where did they make you","userDefined ":false}],"isTemplate":false},
{"data":[{"text":"where is your home located","userDefined ":false}],"isTemplate":false},
{"data":[{"text":"where is your original location","userDefined ":false}],"isTemplate":false},
{"data":[{"text":"what city were you born in","userDefined ":false}],"isTemplate":false},
{"data":[{"text":"in which area were you made","userDefined ":false}],"isTemplate":false},
{"data":[{"text":"what location did you live at before","userDefined ":false}],"isTemplate":false},
{"data":[{"text":"where's your birthplace","userDefined ":false}],"isTemplate":false},
{"data":[{"text":"what's your country of origin","userDefined ":false}],"isTemplate":false},
{"data":[{"text":"up until now, what place was your home base","userDefined ":false}],"isTemplate":false},
{"data":[{"text":"tell me where you come from","userDefined ":false}],"isTemplate":false},
{"data":[{"text":"in what state were you born","userDefined ":false}],"isTemplate":false},
{"data":[{"text":"what's your hometown","userDefined ":false}],"isTemplate":false},
{"data":[{"text":"where did your mom have you","userDefined ":false}],"isTemplate":false},
{"data":[{"text":"where did your parents have you","userDefined ":false}],"isTemplate":false},
{"data":[{"text":"were you born here","userDefined ":false}],"isTemplate":false},
{"data":[{"text":"where were you before moving here","userDefined ":false}],"isTemplate":false},
{"data":[{"text":"where are your origins found","userDefined ":false}],"isTemplate":false},
{"data":[{"text":"what's your nationality","userDefined ":false}],"isTemplate":false},
{"data":[{"text":"where did you live before here","userDefined ":false}],"isTemplate":false},
{"data":[{"text":"from whence do you hail","userDefined ":false}],"isTemplate":false},
{"data":[{"text":"are you from the uk","userDefined ":false}],"isTemplate":false},
{"data":[{"text":"where would you say you were born","userDefined ":false}],"isTemplate":false},
{"data":[{"text":"where is your birth place","userDefined ":false}],"isTemplate":false}]