[{"data":[{"text":"volume to whisper voice","userDefined ":false}],"isTemplate":false},
{"data":[{"text":"i want whisper mode to be switched off","userDefined ":false}],"isTemplate":false},
{"data":[{"text":"let's switch out of whisper mode","userDefined ":false}],"isTemplate":false},
{"data":[{"text":"i want your setting adjusted to whisper voice now","userDefined ":false}],"isTemplate":false},
{"data":[{"text":"go into whisper mode now please","userDefined ":false}],"isTemplate":false},
{"data":[{"text":"turn up your volume","userDefined ":false}],"isTemplate":false},
{"data":[{"text":"exit out of whisper mode","userDefined ":false}],"isTemplate":false},
{"data":[{"text":"go back to normal mode please","userDefined ":false}],"isTemplate":false},
{"data":[{"text":"immediately begin using whisper mode","userDefined ":false}],"isTemplate":false},
{"data":[{"text":"switch over to whisper","userDefined ":false}],"isTemplate":false},
{"data":[{"text":"i think we should whisper","userDefined ":false}],"isTemplate":false},
{"data":[{"text":"turn on the whisper voice","userDefined ":false}],"isTemplate":false},
{"data":[{"text":"i'm going to need you to be quiet now please","userDefined ":false}],"isTemplate":false},
{"data":[{"text":"switch to quiet mode","userDefined ":false}],"isTemplate":false},
{"data":[{"text":"please turn on whisper mode because i am about to be in class","userDefined ":false}],"isTemplate":false},
{"data":[{"text":"i want whisper mode","userDefined ":false}],"isTemplate":false},
{"data":[{"text":"change to whisper mode, please","userDefined ":false}],"isTemplate":false},
{"data":[{"text":"go into whisper mode now","userDefined ":false}],"isTemplate":false},
{"data":[{"text":"turn your volume up","userDefined ":false}],"isTemplate":false},
{"data":[{"text":"i can't hear you, stop whispering!","userDefined ":false}],"isTemplate":false},
{"data":[{"text":"shh please speak with a whisper","userDefined ":false}],"isTemplate":false},
{"data":[{"text":"can you whisper until i tell you not to","userDefined ":false}],"isTemplate":false},
{"data":[{"text":"i need you to switch to whisper mode","userDefined ":false}],"isTemplate":false},
{"data":[{"text":"please turn on whisper mode","userDefined ":false}],"isTemplate":false},
{"data":[{"text":"can you go to the whisper voice","userDefined ":false}],"isTemplate":false},
{"data":[{"text":"i need your setting switched to whisper mode right away","userDefined ":false}],"isTemplate":false},
{"data":[{"text":"stop using the whisper mode","userDefined ":false}],"isTemplate":false},
{"data":[{"text":"please talk quietly","userDefined ":false}],"isTemplate":false},
{"data":[{"text":"use your quiet voice","userDefined ":false}],"isTemplate":false},
{"data":[{"text":"whisper from here on out please","userDefined ":false}],"isTemplate":false},
{"data":[{"text":"switch to whisper mode","userDefined ":false}],"isTemplate":false},
{"data":[{"text":"turn on your whisper mode","userDefined ":false}],"isTemplate":false},
{"data":[{"text":"please shut off whisper mode for now","userDefined ":false}],"isTemplate":false},
{"data":[{"text":"can you please lower the volume please","userDefined ":false}],"isTemplate":false},
{"data":[{"text":"switch to whisper mode, please","userDefined ":false}],"isTemplate":false},
{"data":[{"text":"i want to switch out of whisper mode","userDefined ":false}],"isTemplate":false},
{"data":[{"text":"i want you to be in whisper mode now because i am in the library","userDefined ":false}],"isTemplate":false},
{"data":[{"text":"change out of whisper mode","userDefined ":false}],"isTemplate":false},
{"data":[{"text":"whisper from now on","userDefined ":false}],"isTemplate":false},
{"data":[{"text":"please speak with the whisper voice","userDefined ":false}],"isTemplate":false},
{"data":[{"text":"start using whisper mode","userDefined ":false}],"isTemplate":false},
{"data":[{"text":"please switch to whisper mode for now","userDefined ":false}],"isTemplate":false},
{"data":[{"text":"let's use whisper voice","userDefined ":false}],"isTemplate":false},
{"data":[{"text":"6 inch voices please","userDefined ":false}],"isTemplate":false},
{"data":[{"text":"talk in whisper voice","userDefined ":false}],"isTemplate":false},
{"data":[{"text":"i decide to switch out of whisper mode","userDefined ":false}],"isTemplate":false},
{"data":[{"text":"let's start whispering","userDefined ":false}],"isTemplate":false},
{"data":[{"text":"can you switch to whisper mode","userDefined ":false}],"isTemplate":false},
{"data":[{"text":"make sure to set yourself to whisper mode before i go to the movie","userDefined ":false}],"isTemplate":false},
{"data":[{"text":"i want you to use whisper voice now","userDefined ":false}],"isTemplate":false}]