[{"data":[{"text":"who is your boss","userDefined ":false}],"isTemplate":false},
{"data":[{"text":"which organization you work for","userDefined ":false}],"isTemplate":false},
{"data":[{"text":"do you work for me or is that wrong","userDefined ":false}],"isTemplate":false},
{"data":[{"text":"who directs your labor","userDefined ":false}],"isTemplate":false},
{"data":[{"text":"who is you employer","userDefined ":false}],"isTemplate":false},
{"data":[{"text":"do you happen to be employed by me","userDefined ":false}],"isTemplate":false},
{"data":[{"text":"you work for someone else or no","userDefined ":false}],"isTemplate":false},
{"data":[{"text":"what is your boss's name","userDefined ":false}],"isTemplate":false},
{"data":[{"text":"are you here to serve me","userDefined ":false}],"isTemplate":false},
{"data":[{"text":"who are they that you work for","userDefined ":false}],"isTemplate":false},
{"data":[{"text":"what entity is your boss","userDefined ":false}],"isTemplate":false},
{"data":[{"text":"who do yo work for","userDefined ":false}],"isTemplate":false},
{"data":[{"text":"are you my worker","userDefined ":false}],"isTemplate":false},
{"data":[{"text":"don't you work for your self","userDefined ":false}],"isTemplate":false},
{"data":[{"text":"am i your employer","userDefined ":false}],"isTemplate":false},
{"data":[{"text":"are you employed by someone","userDefined ":false}],"isTemplate":false},
{"data":[{"text":"what does your boss go by","userDefined ":false}],"isTemplate":false},
{"data":[{"text":"are you self employed","userDefined ":false}],"isTemplate":false},
{"data":[{"text":"who do you work for","userDefined ":false}],"isTemplate":false},
{"data":[{"text":"do you work for anyone else","userDefined ":false}],"isTemplate":false},
{"data":[{"text":"who tells you what to do","userDefined ":false}],"isTemplate":false},
{"data":[{"text":"i need to know who is your boss","userDefined ":false}],"isTemplate":false},
{"data":[{"text":"what is the name of your boss","userDefined ":false}],"isTemplate":false},
{"data":[{"text":"do you have a boss","userDefined ":false}],"isTemplate":false},
{"data":[{"text":"who do you report to","userDefined ":false}],"isTemplate":false},
{"data":[{"text":"are you now working for me","userDefined ":false}],"isTemplate":false},
{"data":[{"text":"who is in charge of you","userDefined ":false}],"isTemplate":false},
{"data":[{"text":"you work for what company or person exactly","userDefined ":false}],"isTemplate":false},
{"data":[{"text":"are you working for me","userDefined ":false}],"isTemplate":false},
{"data":[{"text":"don't you work for someone else","userDefined ":false}],"isTemplate":false},
{"data":[{"text":"who pay your salary","userDefined ":false}],"isTemplate":false},
{"data":[{"text":"am i your supervisor","userDefined ":false}],"isTemplate":false},
{"data":[{"text":"who would you say you are employed by","userDefined ":false}],"isTemplate":false},
{"data":[{"text":"am i the one you work for","userDefined ":false}],"isTemplate":false},
{"data":[{"text":"who else do you work for","userDefined ":false}],"isTemplate":false},
{"data":[{"text":"who else commands you","userDefined ":false}],"isTemplate":false},
{"data":[{"text":"is there another company you work for","userDefined ":false}],"isTemplate":false},
{"data":[{"text":"who do you do task for","userDefined ":false}],"isTemplate":false},
{"data":[{"text":"who do you function for","userDefined ":false}],"isTemplate":false},
{"data":[{"text":"do you have another job","userDefined ":false}],"isTemplate":false},
{"data":[{"text":"let me know who is your boss","userDefined ":false}],"isTemplate":false},
{"data":[{"text":"who is the boss of you","userDefined ":false}],"isTemplate":false},
{"data":[{"text":"is there another entity you work for","userDefined ":false}],"isTemplate":false},
{"data":[{"text":"is there someone else you work for","userDefined ":false}],"isTemplate":false},
{"data":[{"text":"am i your manager","userDefined ":false}],"isTemplate":false},
{"data":[{"text":"what organization do you work for","userDefined ":false}],"isTemplate":false},
{"data":[{"text":"who do you call your boss","userDefined ":false}],"isTemplate":false},
{"data":[{"text":"who do you job for","userDefined ":false}],"isTemplate":false},
{"data":[{"text":"are you working for someone else","userDefined ":false}],"isTemplate":false},
{"data":[{"text":"do you have an employer","userDefined ":false}],"isTemplate":false}]