[{"data":[{"text":"tell me the company that produces you and similar machines","userDefined ":false}],"isTemplate":false},
{"data":[{"text":"who invented you","userDefined ":false}],"isTemplate":false},
{"data":[{"text":"what company wrote your code","userDefined ":false}],"isTemplate":false},
{"data":[{"text":"i want to know who made you","userDefined ":false}],"isTemplate":false},
{"data":[{"text":"to which company is your design accredited to","userDefined ":false}],"isTemplate":false},
{"data":[{"text":"what company coded you","userDefined ":false}],"isTemplate":false},
{"data":[{"text":"who fabricated you","userDefined ":false}],"isTemplate":false},
{"data":[{"text":"what's your design company","userDefined ":false}],"isTemplate":false},
{"data":[{"text":"the programmer who made you is who","userDefined ":false}],"isTemplate":false},
{"data":[{"text":"who made this ai","userDefined ":false}],"isTemplate":false},
{"data":[{"text":"what company manufactured you","userDefined ":false}],"isTemplate":false},
{"data":[{"text":"who gave you life","userDefined ":false}],"isTemplate":false},
{"data":[{"text":"do you know who you came from","userDefined ":false}],"isTemplate":false},
{"data":[{"text":"i'd like to know who made you","userDefined ":false}],"isTemplate":false},
{"data":[{"text":"what company sponsored you","userDefined ":false}],"isTemplate":false},
{"data":[{"text":"may i know who made you","userDefined ":false}],"isTemplate":false},
{"data":[{"text":"who was the inventor of ai","userDefined ":false}],"isTemplate":false},
{"data":[{"text":"who made the ai","userDefined ":false}],"isTemplate":false},
{"data":[{"text":"i am needing to know who made you","userDefined ":false}],"isTemplate":false},
{"data":[{"text":"how did you come to be you","userDefined ":false}],"isTemplate":false},
{"data":[{"text":"ai was made by whom","userDefined ":false}],"isTemplate":false},
{"data":[{"text":"tell me what company programmed you","userDefined ":false}],"isTemplate":false},
{"data":[{"text":"i need to know who programmed you","userDefined ":false}],"isTemplate":false},
{"data":[{"text":"you were built by who","userDefined ":false}],"isTemplate":false},
{"data":[{"text":"provide me the name of who made you","userDefined ":false}],"isTemplate":false},
{"data":[{"text":"how were you made","userDefined ":false}],"isTemplate":false},
{"data":[{"text":"give me an answer to who made you","userDefined ":false}],"isTemplate":false},
{"data":[{"text":"how was this ai created","userDefined ":false}],"isTemplate":false},
{"data":[{"text":"who brought you up","userDefined ":false}],"isTemplate":false},
{"data":[{"text":"who formed you","userDefined ":false}],"isTemplate":false},
{"data":[{"text":"would you tell me who made the ai","userDefined ":false}],"isTemplate":false},
{"data":[{"text":"who supplied your instructions","userDefined ":false}],"isTemplate":false},
{"data":[{"text":"what company created you","userDefined ":false}],"isTemplate":false},
{"data":[{"text":"by which company are you designed by","userDefined ":false}],"isTemplate":false},
{"data":[{"text":"can you remember who compiled you","userDefined ":false}],"isTemplate":false},
{"data":[{"text":"who is your originator","userDefined ":false}],"isTemplate":false},
{"data":[{"text":"will you tell me who made the ai","userDefined ":false}],"isTemplate":false},
{"data":[{"text":"let me know who made you","userDefined ":false}],"isTemplate":false},
{"data":[{"text":"who built you","userDefined ":false}],"isTemplate":false},
{"data":[{"text":"would you let me know who programmed you","userDefined ":false}],"isTemplate":false},
{"data":[{"text":"who developed your actions","userDefined ":false}],"isTemplate":false},
{"data":[{"text":"tell me who programmed you","userDefined ":false}],"isTemplate":false},
{"data":[{"text":"what's your brand","userDefined ":false}],"isTemplate":false},
{"data":[{"text":"who was your programmer","userDefined ":false}],"isTemplate":false},
{"data":[{"text":"what's the name of the company that designed you","userDefined ":false}],"isTemplate":false},
{"data":[{"text":"whats it like to be programmed","userDefined ":false}],"isTemplate":false},
{"data":[{"text":"who designed you","userDefined ":false}],"isTemplate":false},
{"data":[{"text":"who is this ai's creater","userDefined ":false}],"isTemplate":false},
{"data":[{"text":"i'm needing to know who made you","userDefined ":false}],"isTemplate":false},
{"data":[{"text":"what company owns your code","userDefined ":false}],"isTemplate":false}]
