[{"data":[{"text":"indeed","userDefined ":false}],"isTemplate":false},
{"data":[{"text":"yes, that is right","userDefined ":false}],"isTemplate":false},
{"data":[{"text":"that statement was correct","userDefined ":false}],"isTemplate":false},
{"data":[{"text":"that is true","userDefined ":false}],"isTemplate":false},
{"data":[{"text":"sure thing","userDefined ":false}],"isTemplate":false},
{"data":[{"text":"that seems true","userDefined ":false}],"isTemplate":false},
{"data":[{"text":"uh-huh","userDefined ":false}],"isTemplate":false},
{"data":[{"text":"that would be true","userDefined ":false}],"isTemplate":false},
{"data":[{"text":"yes that's it","userDefined ":false}],"isTemplate":false},
{"data":[{"text":"yep, that's right","userDefined ":false}],"isTemplate":false},
{"data":[{"text":"i think it's true","userDefined ":false}],"isTemplate":false},
{"data":[{"text":"yeah that's right, so true","userDefined ":false}],"isTemplate":false},
{"data":[{"text":"yes, that's accurate","userDefined ":false}],"isTemplate":false},
{"data":[{"text":"yes, that is a fact","userDefined ":false}],"isTemplate":false},
{"data":[{"text":"yep, that's true","userDefined ":false}],"isTemplate":false},
{"data":[{"text":"yes that is correct","userDefined ":false}],"isTemplate":false},
{"data":[{"text":"yeap","userDefined ":false}],"isTemplate":false},
{"data":[{"text":"TRUE","userDefined ":false}],"isTemplate":false},
{"data":[{"text":"yes, that's correct","userDefined ":false}],"isTemplate":false},
{"data":[{"text":"that will be true","userDefined ":false}],"isTemplate":false},
{"data":[{"text":"do that","userDefined ":false}],"isTemplate":false},
{"data":[{"text":"yeah, that's how it is","userDefined ":false}],"isTemplate":false},
{"data":[{"text":"yes you are correct","userDefined ":false}],"isTemplate":false},
{"data":[{"text":"that is right","userDefined ":false}],"isTemplate":false},
{"data":[{"text":"yes","userDefined ":false}],"isTemplate":false},
{"data":[{"text":"the answer to that is a resounding yes","userDefined ":false}],"isTemplate":false},
{"data":[{"text":"i think that's true","userDefined ":false}],"isTemplate":false},
{"data":[{"text":"confirm","userDefined ":false}],"isTemplate":false},
{"data":[{"text":"that's the truth","userDefined ":false}],"isTemplate":false},
{"data":[{"text":"that is accurate","userDefined ":false}],"isTemplate":false},
{"data":[{"text":"absolutely!","userDefined ":false}],"isTemplate":false},
{"data":[{"text":"is is very much true","userDefined ":false}],"isTemplate":false},
{"data":[{"text":"its a for sure true","userDefined ":false}],"isTemplate":false},
{"data":[{"text":"the answer to that is affirmative","userDefined ":false}],"isTemplate":false},
{"data":[{"text":"it is a true","userDefined ":false}],"isTemplate":false},
{"data":[{"text":"affirmative, go ahead","userDefined ":false}],"isTemplate":false},
{"data":[{"text":"true is my response","userDefined ":false}],"isTemplate":false},
{"data":[{"text":"that is affirmative","userDefined ":false}],"isTemplate":false},
{"data":[{"text":"i believe that's true","userDefined ":false}],"isTemplate":false},
{"data":[{"text":"of course","userDefined ":false}],"isTemplate":false},
{"data":[{"text":"what you just said is true","userDefined ":false}],"isTemplate":false},
{"data":[{"text":"that would be great","userDefined ":false}],"isTemplate":false},
{"data":[{"text":"exactly right","userDefined ":false}],"isTemplate":false},
{"data":[{"text":"correct, that's true","userDefined ":false}],"isTemplate":false},
{"data":[{"text":"yeah, that's right","userDefined ":false}],"isTemplate":false},
{"data":[{"text":"that is a fact","userDefined ":false}],"isTemplate":false},
{"data":[{"text":"it is true","userDefined ":false}],"isTemplate":false},
{"data":[{"text":"yes i am","userDefined ":false}],"isTemplate":false},
{"data":[{"text":"my response to that is yes","userDefined ":false}],"isTemplate":false},
{"data":[{"text":"yes that's correct","userDefined ":false}],"isTemplate":false}]
